origin_city,destination_city,air_origin_airport,air_destination_airport,air_distance_km,air_flight_duration_min,air_total_travel_time_min,air_overhead_min,origin_city_lat,origin_city_lng,destination_city_lat,destination_city_lng,rail_origin_station_name,rail_destination_station_name,rail_travel_time_mins,rail_uses_hsr,rail_origin_transit_time_mins,rail_destination_transit_time_mins,rail_total_travel_time_min,best_time_min
Amsterdam,Antwerp,,,,,,,,,,,Amsterdam Centraal,Antwerpen Centraal,80.0,False,1.9520337879727412,3.5284359653773953,95.48046975335014,95.48046975335014
Amsterdam,Athens,AMS,ATH,2184.0,195.0,361.81,166.81,52.3728,4.8936,37.9842,23.7281,,,,,,,,361.81
Amsterdam,Barcelona,AMS,BCN,1240.0,135.0,290.36,155.36,52.3728,4.8936,41.3828,2.1769,Amsterdam Centraal,Barcelona Sants,673.0,False,1.9520337879727412,7.388093774297752,692.3401275622705,290.36
Amsterdam,Berlin,AMS,BER,595.0,80.0,244.46,164.46,52.3728,4.8936,52.52,13.405,Amsterdam Centraal,Berlin Hbf,342.0,False,1.9520337879727412,5.947266480604848,359.89930026857763,244.46
Amsterdam,Bordeaux,AMS,BOD,923.0,100.0,251.53,151.53,52.3728,4.8936,44.84,-0.58,Amsterdam Centraal,Bordeaux-St-Jean,418.0,True,1.9520337879727412,5.811588377462907,435.76362216543566,251.53
Amsterdam,Bratislava,,,,,,,,,,,Amsterdam Centraal,Bratislava hl.st.,761.0,False,1.9520337879727412,4.046858342350235,776.9988921303229,776.9988921303229
Amsterdam,Bremen,AMS,BRE,284.0,55.0,196.39,141.39,52.3728,4.8936,53.0758,8.8072,Amsterdam Centraal,Bremen Hbf,254.0,False,1.9520337879727412,2.309271364404068,268.26130515237685,196.39
Amsterdam,Brussels,AMS,BRU,158.0,45.0,198.17,153.17,52.3728,4.8936,50.8467,4.3525,Amsterdam Centraal,Bruxelles Midi,116.0,False,1.9520337879727412,4.14169289941754,132.09372668739027,132.09372668739027
Amsterdam,Bucharest,AMS,OTP,1786.0,165.0,325.35,160.35000000000002,52.3728,4.8936,44.4325,26.1039,,,,,,,,325.35
Amsterdam,Budapest,AMS,BUD,1171.0,115.0,277.7,162.7,52.3728,4.8936,47.4925,19.0514,Amsterdam Centraal,Budapest-Nyugati,1031.0,False,1.9520337879727412,4.980157462200125,1047.932191250173,277.7
Amsterdam,Copenhagen,AMS,CPH,635.0,80.0,227.83,147.83,52.3728,4.8936,55.6761,12.5683,Amsterdam Centraal,Koebenhavns Lufthavn st,683.0,False,1.9520337879727412,17.4069941581493,712.359027946122,227.83
Amsterdam,Dortmund,,,,,,,,,,,Amsterdam Centraal,Dortmund Hbf,175.0,False,1.9520337879727412,1.460615015563283,188.41264880353603,188.41264880353603
Amsterdam,Dresden,,,,,,,,,,,Amsterdam Centraal,Dresden Hbf,507.0,False,1.9520337879727412,2.8510360388781235,521.8030698268508,521.8030698268508
Amsterdam,Duisburg,,,,,,,,,,,Amsterdam Centraal,Duisburg Hbf,128.0,False,1.9520337879727412,2.5870950877797454,142.53912887575248,142.53912887575248
Amsterdam,Düsseldorf,AMS,DUS,179.0,50.0,194.74,144.74,52.3728,4.8936,51.2333,6.7833,Amsterdam Centraal,Düsseldorf Hbf,136.0,False,1.9520337879727412,4.00763955017613,151.95967333814886,151.95967333814886
Amsterdam,Essen,,,,,,,,,,,Amsterdam Centraal,Essen Hbf,144.0,False,1.9520337879727412,0.31813865528361085,156.27017244325634,156.27017244325634
Amsterdam,Frankfurt,AMS,FRA,366.0,70.0,222.51,152.51,52.3728,4.8936,50.1106,8.6822,Amsterdam Centraal,Frankfurt(Main)Hbf,247.0,False,1.9520337879727412,3.4764728210122846,262.42850660898506,222.51
Amsterdam,Genoa,AMS,GOA,928.0,105.0,251.79,146.79,52.3728,4.8936,44.4111,8.9328,Amsterdam Centraal,Genova Piazza Principe,806.0,False,1.9520337879727412,2.6646692679586454,820.6167030559313,251.79
Amsterdam,Gothenburg,AMS,GOT,765.0,90.0,256.98,166.98000000000002,52.3728,4.8936,57.7075,11.9675,,,,,,,,256.98
Amsterdam,Hamburg,AMS,HAM,381.0,65.0,215.57,150.57,52.3728,4.8936,53.55,10.0,Amsterdam Centraal,Hamburg Hbf,315.0,False,1.9520337879727412,1.316441566346405,328.26847535431915,215.57
Amsterdam,Hannover,AMS,HAJ,336.0,55.0,207.6,152.6,52.3728,4.8936,52.3667,9.7167,Amsterdam Centraal,Hannover Hbf,241.0,False,1.9520337879727412,4.786629448184535,257.73866323615727,207.6
Amsterdam,Helsinki,AMS,HEL,1525.0,140.0,301.66,161.66000000000003,52.3728,4.8936,60.1708,24.9375,,,,,,,,301.66
Amsterdam,Kraków,AMS,KRK,1077.0,110.0,262.54,152.54000000000002,52.3728,4.8936,50.0614,19.9372,Amsterdam Centraal,Krakow Glowny,820.0,False,1.9520337879727412,2.336597225946072,834.2886310139188,262.54
Amsterdam,Leipzig,,,,,,,,,,,Amsterdam Centraal,Leipzig Hbf,436.0,False,1.9520337879727412,1.875769965295063,449.8278037532678,449.8278037532678
Amsterdam,Lisbon,AMS,LIS,1848.0,185.0,329.99,144.99,52.3728,4.8936,38.7253,-9.15,,,,,,,,329.99
Amsterdam,Ljubljana,AMS,LJU,975.0,105.0,272.54,167.54000000000002,52.3728,4.8936,46.0514,14.5061,Amsterdam Centraal,Ljubljana,838.0,False,1.9520337879727412,2.321449509647903,852.2734832976206,272.54
Amsterdam,Luxembourg,AMS,LUX,314.0,55.0,200.99,145.99,52.3728,4.8936,49.6117,6.1319,Amsterdam Centraal,Luxembourg,339.0,False,1.9520337879727412,3.2276729444989756,354.17970673247174,200.99
Amsterdam,Lyon,AMS,LYS,732.0,95.0,260.71,165.70999999999998,52.3728,4.8936,45.76,4.84,Amsterdam Centraal,Lyon Part Dieu,368.0,False,1.9520337879727412,3.7248506527149634,383.67688444068773,260.71
Amsterdam,Madrid,AMS,MAD,1459.0,160.0,318.45,158.45,52.3728,4.8936,40.4169,-3.7033,,,,,,,,318.45
Amsterdam,Marseille,AMS,MRS,986.0,125.0,292.16,167.16000000000003,52.3728,4.8936,43.2964,5.37,Amsterdam Centraal,Marseille-St-Charles,464.0,False,1.9520337879727412,3.0494630085437278,479.0014967965165,292.16
Amsterdam,Milan,AMS,LIN,830.0,100.0,247.48,147.48,52.3728,4.8936,45.4669,9.19,Amsterdam Centraal,Milano Porta Garibaldi,684.0,False,1.9520337879727412,4.707315782392735,700.6593495703654,247.48
Amsterdam,Munich,AMS,MUC,665.0,85.0,265.17,180.17000000000002,52.3728,4.8936,48.1375,11.575,Amsterdam Centraal,München Hbf,429.0,False,1.9520337879727412,3.0560823139438047,444.0081161019166,265.17
Amsterdam,Málaga,AMS,AGP,1883.0,185.0,333.88,148.88,52.3728,4.8936,36.7194,-4.42,,,,,,,,333.88
Amsterdam,Naples,AMS,NAP,1461.0,145.0,292.26,147.26,52.3728,4.8936,40.8333,14.25,,,,,,,,292.26
Amsterdam,Nuremberg,AMS,NUE,543.0,75.0,218.72,143.72,52.3728,4.8936,49.4539,11.0775,Amsterdam Centraal,Nürnberg Hbf,387.0,False,1.9520337879727412,2.407122595922898,401.35915638389565,218.72
Amsterdam,Paris,AMS,CDG,399.0,80.0,250.93,170.93,52.3728,4.8936,48.8567,2.3522,,,,,,,,250.93
Amsterdam,Poznań,AMS,POZ,821.0,100.0,247.71,147.71,52.3728,4.8936,52.4083,16.9336,Amsterdam Centraal,Poznan Glowny,513.0,False,1.9520337879727412,4.065435329407926,529.0174691173806,247.71
Amsterdam,Prague,AMS,PRG,707.0,90.0,243.85,153.85,52.3728,4.8936,50.0875,14.4214,Amsterdam Centraal,Praha hl.n.,626.0,False,1.9520337879727412,2.772415453338628,640.7244492413114,243.85
Amsterdam,Riga,AMS,RIX,1337.0,135.0,284.36,149.36,52.3728,4.8936,56.9489,24.1064,,,,,,,,284.36
Amsterdam,Rome,AMS,FCO,1298.0,135.0,305.25,170.25,52.3728,4.8936,41.8933,12.4828,Amsterdam Centraal,Roma Tiburtina,1151.0,True,1.9520337879727412,10.76586299605856,1173.7178967840314,305.25
Amsterdam,Rotterdam,,,,,,,,,,,Amsterdam Centraal,Rotterdam Centraal,42.0,True,1.9520337879727412,2.249226316777232,56.20126010474997,56.20126010474997
Amsterdam,Sevilla,AMS,SVQ,1851.0,175.0,325.15,150.14999999999998,52.3728,4.8936,37.39,-5.99,,,,,,,,325.15
Amsterdam,Sofia,AMS,SOF,1757.0,165.0,312.53,147.52999999999997,52.3728,4.8936,42.7,23.33,,,,,,,,312.53
Amsterdam,Stockholm,AMS,ARN,1155.0,120.0,311.71,191.70999999999998,52.3728,4.8936,59.3294,18.0686,Amsterdam Centraal,Stockholm Central,1056.0,False,1.9520337879727412,1.5022922376589065,1069.4543260256316,311.71
Amsterdam,Stuttgart,AMS,STR,510.0,70.0,221.55,151.55,52.3728,4.8936,48.7775,9.18,Amsterdam Centraal,Stuttgart Hbf,295.0,True,1.9520337879727412,2.002376007570269,308.95440979554303,221.55
Amsterdam,Tallinn,AMS,TLL,1474.0,140.0,282.69,142.69,52.3728,4.8936,59.4372,24.7453,,,,,,,,282.69
Amsterdam,Tilburg,,,,,,,,,,,Amsterdam Centraal,Tilburg,81.0,False,1.9520337879727412,2.8326204398011785,95.78465422777391,95.78465422777391
Amsterdam,Toulouse,AMS,TLS,997.0,110.0,256.44,146.44,52.3728,4.8936,43.6045,1.444,Amsterdam Centraal,Toulouse-Matabiau,582.0,False,1.9520337879727412,2.6617812245934145,596.6138150125661,256.44
Amsterdam,Turin,AMS,TRN,819.0,100.0,256.12,156.12,52.3728,4.8936,45.0792,7.6761,Amsterdam Centraal,Torino Porta Susa,610.0,False,1.9520337879727412,2.8476007865249664,624.7996345744976,256.12
Amsterdam,Valencia,AMS,VLC,1480.0,145.0,295.02,150.01999999999998,52.3728,4.8936,39.47,-0.3764,,,,,,,,295.02
Amsterdam,Vienna,AMS,VIE,960.0,110.0,272.89,162.89,52.3728,4.8936,48.2083,16.3725,Amsterdam Centraal,Wien Hbf,676.0,False,1.9520337879727412,6.245212775155993,694.1972465631287,272.89
Amsterdam,Vilnius,AMS,VNO,1381.0,130.0,274.36,144.36,52.3728,4.8936,54.6872,25.28,,,,,,,,274.36
Amsterdam,Warsaw,AMS,WAW,1105.0,115.0,262.59,147.58999999999997,52.3728,4.8936,52.23,21.0111,Amsterdam Centraal,Warszawa Centralna,660.0,False,1.9520337879727412,1.3212540896707794,673.2732878776435,262.59
Amsterdam,Wrocław,,,,,,,,,,,Amsterdam Centraal,Wroclaw Glowny,644.0,False,1.9520337879727412,3.2731677390709937,659.2252015270437,659.2252015270437
Amsterdam,Zagreb,AMS,ZAG,1101.0,110.0,263.52,153.51999999999998,52.3728,4.8936,45.8131,15.9775,Amsterdam Centraal,Zagreb Glavni kolodvor,1072.0,False,1.9520337879727412,2.3224288673449607,1086.2744626553178,263.52
Antwerp,Amsterdam,,,,,,,,,,,Antwerpen Centraal,Amsterdam Centraal,80.0,False,3.5284359653773953,1.9520337879727412,95.48046975335014,95.48046975335014
Antwerp,Barcelona,,,,,,,,,,,Antwerpen Centraal,Barcelona Sants,590.0,True,3.5284359653773953,7.388093774297752,610.9165297396752,610.9165297396752
Antwerp,Berlin,,,,,,,,,,,Antwerpen Centraal,Berlin Hbf,421.0,False,3.5284359653773953,5.947266480604848,440.4757024459823,440.4757024459823
Antwerp,Bordeaux,,,,,,,,,,,Antwerpen Centraal,Bordeaux-St-Jean,313.0,True,3.5284359653773953,5.811588377462907,332.3400243428403,332.3400243428403
Antwerp,Bratislava,,,,,,,,,,,Antwerpen Centraal,Bratislava hl.st.,736.0,False,3.5284359653773953,4.046858342350235,753.5752943077276,753.5752943077276
Antwerp,Bremen,,,,,,,,,,,Antwerpen Centraal,Bremen Hbf,339.0,False,3.5284359653773953,2.309271364404068,354.8377073297815,354.8377073297815
Antwerp,Brussels,,,,,,,,,,,Antwerpen Centraal,Bruxelles Midi,33.0,False,3.5284359653773953,4.14169289941754,50.67012886479494,50.67012886479494
Antwerp,Budapest,,,,,,,,,,,Antwerpen Centraal,Budapest-Nyugati,895.0,False,3.5284359653773953,4.980157462200125,913.5085934275776,913.5085934275776
Antwerp,Cologne,,,,,,,,,,,Antwerpen Centraal,Köln Messe/Deutz,152.0,False,3.5284359653773953,3.9197525107529603,169.44818847613035,169.44818847613035
Antwerp,Copenhagen,,,,,,,,,,,Antwerpen Centraal,Koebenhavns Lufthavn st,754.0,False,3.5284359653773953,17.4069941581493,784.9354301235267,784.9354301235267
Antwerp,Dortmund,,,,,,,,,,,Antwerpen Centraal,Dortmund Hbf,236.0,False,3.5284359653773953,1.460615015563283,250.98905098094068,250.98905098094068
Antwerp,Dresden,,,,,,,,,,,Antwerpen Centraal,Dresden Hbf,523.0,False,3.5284359653773953,2.8510360388781235,539.3794720042555,539.3794720042555
Antwerp,Duisburg,,,,,,,,,,,Antwerpen Centraal,Duisburg Hbf,189.0,False,3.5284359653773953,2.5870950877797454,205.11553105315713,205.11553105315713
Antwerp,Düsseldorf,,,,,,,,,,,Antwerpen Centraal,Düsseldorf Hbf,173.0,False,3.5284359653773953,4.00763955017613,190.5360755155535,190.5360755155535
Antwerp,Essen,,,,,,,,,,,Antwerpen Centraal,Essen Hbf,209.0,False,3.5284359653773953,0.31813865528361085,222.846574620661,222.846574620661
Antwerp,Frankfurt,,,,,,,,,,,Antwerpen Centraal,Frankfurt(Main)Hbf,213.0,False,3.5284359653773953,3.4764728210122846,230.00490878638968,230.00490878638968
Antwerp,Genoa,,,,,,,,,,,Antwerpen Centraal,Genova Piazza Principe,657.0,False,3.5284359653773953,2.6646692679586454,673.193105233336,673.193105233336
Antwerp,Hamburg,,,,,,,,,,,Antwerpen Centraal,Hamburg Hbf,380.0,False,3.5284359653773953,1.316441566346405,394.8448775317238,394.8448775317238
Antwerp,Hannover,,,,,,,,,,,Antwerpen Centraal,Hannover Hbf,325.0,False,3.5284359653773953,4.786629448184535,343.31506541356197,343.31506541356197
Antwerp,Kraków,,,,,,,,,,,Antwerpen Centraal,Krakow Glowny,1020.0,False,3.5284359653773953,2.336597225946072,1035.8650331913234,1035.8650331913234
Antwerp,Leipzig,,,,,,,,,,,Antwerpen Centraal,Leipzig Hbf,435.0,False,3.5284359653773953,1.875769965295063,450.40420593067245,450.40420593067245
Antwerp,Ljubljana,,,,,,,,,,,Antwerpen Centraal,Ljubljana,924.0,False,3.5284359653773953,2.321449509647903,939.8498854750253,939.8498854750253
Antwerp,Luxembourg,,,,,,,,,,,Antwerpen Centraal,Luxembourg,235.0,False,3.5284359653773953,3.2276729444989756,251.75610890987636,251.75610890987636
Antwerp,Lyon,,,,,,,,,,,Antwerpen Centraal,Lyon Part Dieu,289.0,True,3.5284359653773953,3.7248506527149634,306.2532866180924,306.2532866180924
Antwerp,Marseille,,,,,,,,,,,Antwerpen Centraal,Marseille-St-Charles,381.0,True,3.5284359653773953,3.0494630085437278,397.57789897392115,397.57789897392115
Antwerp,Milan,,,,,,,,,,,Antwerpen Centraal,Milano Porta Garibaldi,601.0,False,3.5284359653773953,4.707315782392735,619.2357517477701,619.2357517477701
Antwerp,Munich,,,,,,,,,,,Antwerpen Centraal,München Hbf,433.0,False,3.5284359653773953,3.0560823139438047,449.58451827932123,449.58451827932123
Antwerp,Málaga,ANR,AGP,1762.0,180.0,318.99,138.99,51.2178,4.4003,36.7194,-4.42,,,,,,,,318.99
Antwerp,Nuremberg,,,,,,,,,,,Antwerpen Centraal,Nürnberg Hbf,364.0,False,3.5284359653773953,2.407122595922898,379.9355585613003,379.9355585613003
Antwerp,Poznań,,,,,,,,,,,Antwerpen Centraal,Poznan Glowny,598.0,False,3.5284359653773953,4.065435329407926,615.5938712947853,615.5938712947853
Antwerp,Prague,,,,,,,,,,,Antwerpen Centraal,Praha hl.n.,691.0,False,3.5284359653773953,2.772415453338628,707.3008514187161,707.3008514187161
Antwerp,Rome,,,,,,,,,,,Antwerpen Centraal,Roma Tiburtina,847.0,True,3.5284359653773953,10.76586299605856,871.294298961436,871.294298961436
Antwerp,Rotterdam,,,,,,,,,,,Antwerpen Centraal,Rotterdam Centraal,32.0,False,3.5284359653773953,2.249226316777232,47.77766228215463,47.77766228215463
Antwerp,Stockholm,,,,,,,,,,,Antwerpen Centraal,Stockholm Central,1166.0,False,3.5284359653773953,1.5022922376589065,1181.0307282030362,1181.0307282030362
Antwerp,Stuttgart,,,,,,,,,,,Antwerpen Centraal,Stuttgart Hbf,317.0,False,3.5284359653773953,2.002376007570269,332.5308119729477,332.5308119729477
Antwerp,Tilburg,,,,,,,,,,,Antwerpen Centraal,Tilburg,58.0,True,3.5284359653773953,2.8326204398011785,74.36105640517857,74.36105640517857
Antwerp,Toulouse,,,,,,,,,,,Antwerpen Centraal,Toulouse-Matabiau,475.0,False,3.5284359653773953,2.6617812245934145,491.19021718997084,491.19021718997084
Antwerp,Turin,,,,,,,,,,,Antwerpen Centraal,Torino Porta Susa,522.0,False,3.5284359653773953,2.8476007865249664,538.3760367519023,538.3760367519023
Antwerp,Vienna,,,,,,,,,,,Antwerpen Centraal,Wien Hbf,653.0,False,3.5284359653773953,6.245212775155993,672.7736487405334,672.7736487405334
Antwerp,Warsaw,,,,,,,,,,,Antwerpen Centraal,Warszawa Centralna,745.0,False,3.5284359653773953,1.3212540896707794,759.8496900550482,759.8496900550482
Antwerp,Wrocław,,,,,,,,,,,Antwerpen Centraal,Wroclaw Glowny,740.0,False,3.5284359653773953,3.2731677390709937,756.8016037044484,756.8016037044484
Antwerp,Zagreb,,,,,,,,,,,Antwerpen Centraal,Zagreb Glavni kolodvor,1145.0,False,3.5284359653773953,2.3224288673449607,1160.8508648327224,1160.8508648327224
Athens,Amsterdam,ATH,AMS,2184.0,220.0,386.81,166.81,37.9842,23.7281,52.3728,4.8936,,,,,,,,386.81
Athens,Barcelona,ATH,BCN,1909.0,195.0,363.16,168.16000000000003,37.9842,23.7281,41.3828,2.1769,,,,,,,,363.16
Athens,Berlin,ATH,BER,1797.0,175.0,352.27,177.26999999999998,37.9842,23.7281,52.52,13.405,,,,,,,,352.27
Athens,Bordeaux,ATH,BOD,2188.0,215.0,379.33,164.32999999999998,37.9842,23.7281,44.84,-0.58,,,,,,,,379.33
Athens,Bratislava,ATH,BTS,1261.0,130.0,292.07,162.07,37.9842,23.7281,48.1439,17.1097,,,,,,,,292.07
Athens,Brussels,ATH,BRU,2103.0,200.0,365.97,165.97000000000003,37.9842,23.7281,50.8467,4.3525,,,,,,,,365.97
Athens,Bucharest,ATH,OTP,758.0,95.0,268.15,173.14999999999998,37.9842,23.7281,44.4325,26.1039,,,,,,,,268.15
Athens,Budapest,ATH,BUD,1122.0,130.0,305.5,175.5,37.9842,23.7281,47.4925,19.0514,,,,,,,,305.5
Athens,Cologne,ATH,CGN,1956.0,190.0,360.09,170.08999999999997,37.9842,23.7281,50.9364,6.9528,,,,,,,,360.09
Athens,Copenhagen,ATH,CPH,2141.0,200.0,360.64,160.64,37.9842,23.7281,55.6761,12.5683,,,,,,,,360.64
Athens,Düsseldorf,ATH,DUS,2004.0,195.0,352.54,157.54000000000002,37.9842,23.7281,51.2333,6.7833,,,,,,,,352.54
Athens,Frankfurt,ATH,FRA,1818.0,185.0,350.32,165.32,37.9842,23.7281,50.1106,8.6822,,,,,,,,350.32
Athens,Gothenburg,ATH,GOT,2353.0,210.0,389.78,179.77999999999997,37.9842,23.7281,57.7075,11.9675,,,,,,,,389.78
Athens,Hamburg,ATH,HAM,2045.0,195.0,358.38,163.38,37.9842,23.7281,53.55,10.0,,,,,,,,358.38
Athens,Hannover,ATH,HAJ,1956.0,185.0,350.41,165.41000000000003,37.9842,23.7281,52.3667,9.7167,,,,,,,,350.41
Athens,Helsinki,ATH,HEL,2490.0,215.0,389.47,174.47000000000003,37.9842,23.7281,60.1708,24.9375,,,,,,,,389.47
Athens,Kraków,ATH,KRK,1388.0,145.0,310.34,165.33999999999997,37.9842,23.7281,50.0614,19.9372,,,,,,,,310.34
Athens,Lisbon,ATH,LIS,2876.0,275.0,432.79,157.79000000000002,37.9842,23.7281,38.7253,-9.15,,,,,,,,432.79
Athens,Ljubljana,ATH,LJU,1208.0,125.0,305.34,180.33999999999997,37.9842,23.7281,46.0514,14.5061,,,,,,,,305.34
Athens,Luxembourg,ATH,LUX,1921.0,185.0,343.8,158.8,37.9842,23.7281,49.6117,6.1319,,,,,,,,343.8
Athens,Lyon,ATH,LYS,1783.0,185.0,363.51,178.51,37.9842,23.7281,45.76,4.84,,,,,,,,363.51
Athens,Madrid,ATH,MAD,2383.0,235.0,406.26,171.26,37.9842,23.7281,40.4169,-3.7033,,,,,,,,406.26
Athens,Marseille,ATH,MRS,1692.0,175.0,354.96,179.95999999999998,37.9842,23.7281,43.2964,5.37,,,,,,,,354.96
Athens,Milan,ATH,BGY,1458.0,150.0,367.81,217.81,37.9842,23.7281,45.4669,9.19,,,,,,,,367.81
Athens,Munich,ATH,MUC,1518.0,160.0,352.97,192.97000000000003,37.9842,23.7281,48.1375,11.575,,,,,,,,352.97
Athens,Málaga,ATH,AGP,2515.0,240.0,401.68,161.68,37.9842,23.7281,36.7194,-4.42,,,,,,,,401.68
Athens,Naples,ATH,NAP,893.0,110.0,270.06,160.06,37.9842,23.7281,40.8333,14.25,,,,,,,,270.06
Athens,Nuremberg,ATH,NUE,1645.0,160.0,316.52,156.51999999999998,37.9842,23.7281,49.4539,11.0775,,,,,,,,316.52
Athens,Paris,ATH,ORY,2109.0,215.0,386.24,171.24,37.9842,23.7281,48.8567,2.3522,,,,,,,,386.24
Athens,Prague,ATH,PRG,1556.0,160.0,326.66,166.66000000000003,37.9842,23.7281,50.0875,14.4214,,,,,,,,326.66
Athens,Riga,ATH,RIX,2110.0,195.0,357.17,162.17000000000002,37.9842,23.7281,56.9489,24.1064,,,,,,,,357.17
Athens,Rome,ATH,FCO,1087.0,125.0,308.05,183.05,37.9842,23.7281,41.8933,12.4828,,,,,,,,308.05
Athens,Sevilla,ATH,SVQ,2622.0,240.0,402.96,162.95999999999998,37.9842,23.7281,37.39,-5.99,,,,,,,,402.96
Athens,Sofia,ATH,SOF,529.0,75.0,235.34,160.34,37.9842,23.7281,42.7,23.33,,,,,,,,235.34
Athens,Stockholm,ATH,ARN,2452.0,220.0,424.52,204.51999999999998,37.9842,23.7281,59.3294,18.0686,,,,,,,,424.52
Athens,Stuttgart,ATH,STR,1685.0,170.0,334.36,164.36,37.9842,23.7281,48.7775,9.18,,,,,,,,334.36
Athens,Tallinn,ATH,TLL,2389.0,220.0,375.49,155.49,37.9842,23.7281,59.4372,24.7453,,,,,,,,375.49
Athens,Tilburg,ATH,EIN,2090.0,205.0,390.33,185.32999999999998,37.9842,23.7281,51.55,5.0833,,,,,,,,390.33
Athens,Toulouse,ATH,TLS,2000.0,195.0,354.24,159.24,37.9842,23.7281,43.6045,1.444,,,,,,,,354.24
Athens,Valencia,ATH,VLC,2124.0,195.0,357.82,162.82,37.9842,23.7281,39.47,-0.3764,,,,,,,,357.82
Athens,Vienna,ATH,VIE,1279.0,140.0,315.7,175.7,37.9842,23.7281,48.2083,16.3725,,,,,,,,315.7
Athens,Vilnius,ATH,VNO,1859.0,175.0,332.17,157.17000000000002,37.9842,23.7281,54.6872,25.28,,,,,,,,332.17
Athens,Warsaw,ATH,WAW,1598.0,155.0,315.39,160.39,37.9842,23.7281,52.23,21.0111,,,,,,,,315.39
Athens,Zagreb,ATH,ZAG,1084.0,120.0,286.33,166.32999999999998,37.9842,23.7281,45.8131,15.9775,,,,,,,,286.33
Barcelona,Amsterdam,BCN,AMS,1240.0,150.0,305.36,155.36,41.3828,2.1769,52.3728,4.8936,Barcelona Sants,Amsterdam Centraal,684.0,False,7.388093774297752,1.9520337879727412,703.3401275622705,305.36
Barcelona,Antwerp,,,,,,,,,,,Barcelona Sants,Antwerpen Centraal,601.0,True,7.388093774297752,3.5284359653773953,621.9165297396752,621.9165297396752
Barcelona,Athens,BCN,ATH,1909.0,170.0,338.16,168.16000000000003,41.3828,2.1769,37.9842,23.7281,,,,,,,,338.16
Barcelona,Berlin,BCN,BER,1503.0,165.0,330.81,165.81,41.3828,2.1769,52.52,13.405,Barcelona Sants,Berlin Hbf,989.0,False,7.388093774297752,5.947266480604848,1012.3353602549026,330.81
Barcelona,Bordeaux,BCN,BOD,452.0,75.0,227.88,152.88,41.3828,2.1769,44.84,-0.58,Barcelona Sants,Bordeaux-St-Jean,381.0,False,7.388093774297752,5.811588377462907,404.19968215176067,227.88
Barcelona,Bratislava,,,,,,,,,,,Barcelona Sants,Bratislava hl.st.,1364.0,False,7.388093774297752,4.046858342350235,1385.434952116648,1385.434952116648
Barcelona,Bremen,,,,,,,,,,,Barcelona Sants,Bremen Hbf,1213.0,False,7.388093774297752,2.309271364404068,1232.6973651387018,1232.6973651387018
Barcelona,Brussels,BCN,BRU,1082.0,130.0,284.52,154.51999999999998,41.3828,2.1769,50.8467,4.3525,Barcelona Sants,Bruxelles Midi,561.0,True,7.388093774297752,4.14169289941754,582.5297866737153,284.52
Barcelona,Bucharest,BCN,OTP,1984.0,195.0,356.7,161.7,41.3828,2.1769,44.4325,26.1039,,,,,,,,356.7
Barcelona,Budapest,BCN,BUD,1525.0,155.0,319.05,164.05,41.3828,2.1769,47.4925,19.0514,Barcelona Sants,Budapest-Nyugati,1463.0,False,7.388093774297752,4.980157462200125,1485.3682512364978,319.05
Barcelona,Cologne,BCN,CGN,1132.0,140.0,298.63,158.63,41.3828,2.1769,50.9364,6.9528,Barcelona Sants,Köln Messe/Deutz,720.0,False,7.388093774297752,3.9197525107529603,741.3078462850507,298.63
Barcelona,Copenhagen,BCN,CPH,1769.0,180.0,329.18,149.18,41.3828,2.1769,55.6761,12.5683,Barcelona Sants,Koebenhavns Lufthavn st,1727.0,False,7.388093774297752,17.4069941581493,1761.795087932447,329.18
Barcelona,Dortmund,,,,,,,,,,,Barcelona Sants,Dortmund Hbf,794.0,False,7.388093774297752,1.460615015563283,812.848708789861,812.848708789861
Barcelona,Dresden,,,,,,,,,,,Barcelona Sants,Dresden Hbf,1208.0,False,7.388093774297752,2.8510360388781235,1228.2391298131759,1228.2391298131759
Barcelona,Duisburg,,,,,,,,,,,Barcelona Sants,Duisburg Hbf,752.0,False,7.388093774297752,2.5870950877797454,771.9751888620775,771.9751888620775
Barcelona,Düsseldorf,BCN,DUS,1165.0,140.0,286.09,146.08999999999997,41.3828,2.1769,51.2333,6.7833,Barcelona Sants,Düsseldorf Hbf,736.0,False,7.388093774297752,4.00763955017613,757.3957333244739,286.09
Barcelona,Essen,,,,,,,,,,,Barcelona Sants,Essen Hbf,779.0,False,7.388093774297752,0.31813865528361085,796.7062324295814,796.7062324295814
Barcelona,Frankfurt,BCN,FRA,1094.0,135.0,288.87,153.87,41.3828,2.1769,50.1106,8.6822,Barcelona Sants,Frankfurt(Main)Hbf,703.0,False,7.388093774297752,3.4764728210122846,723.8645665953101,288.87
Barcelona,Genoa,BCN,GOA,652.0,100.0,248.15,148.15,41.3828,2.1769,44.4111,8.9328,Barcelona Sants,Genova Piazza Principe,736.0,False,7.388093774297752,2.6646692679586454,756.0527630422564,248.15
Barcelona,Gothenburg,BCN,GOT,1959.0,190.0,358.33,168.32999999999998,41.3828,2.1769,57.7075,11.9675,,,,,,,,358.33
Barcelona,Hamburg,BCN,HAM,1493.0,165.0,316.93,151.93,41.3828,2.1769,53.55,10.0,Barcelona Sants,Hamburg Hbf,1194.0,False,7.388093774297752,1.316441566346405,1212.704535340644,316.93
Barcelona,Hannover,BCN,HAJ,1367.0,155.0,308.95,153.95,41.3828,2.1769,52.3667,9.7167,Barcelona Sants,Hannover Hbf,900.0,False,7.388093774297752,4.786629448184535,922.1747232224823,308.95
Barcelona,Helsinki,BCN,HEL,2631.0,240.0,403.02,163.01999999999998,41.3828,2.1769,60.1708,24.9375,,,,,,,,403.02
Barcelona,Kraków,BCN,KRK,1682.0,170.0,323.89,153.89,41.3828,2.1769,50.0614,19.9372,Barcelona Sants,Krakow Glowny,1797.0,False,7.388093774297752,2.336597225946072,1816.7246910002436,323.89
Barcelona,Leipzig,,,,,,,,,,,Barcelona Sants,Leipzig Hbf,905.0,False,7.388093774297752,1.875769965295063,924.2638637395928,924.2638637395928
Barcelona,Lisbon,BCN,LIS,995.0,120.0,266.34,146.33999999999997,41.3828,2.1769,38.7253,-9.15,,,,,,,,266.34
Barcelona,Ljubljana,,,,,,,,,,,Barcelona Sants,Ljubljana,1874.0,False,7.388093774297752,2.321449509647903,1893.7095432839455,1893.7095432839455
Barcelona,Luxembourg,BCN,LUX,980.0,135.0,282.35,147.35000000000002,41.3828,2.1769,49.6117,6.1319,Barcelona Sants,Luxembourg,627.0,False,7.388093774297752,3.2276729444989756,647.6157667187967,282.35
Barcelona,Lyon,BCN,LYS,547.0,90.0,257.06,167.06,41.3828,2.1769,45.76,4.84,Barcelona Sants,Lyon Part Dieu,306.0,True,7.388093774297752,3.7248506527149634,327.11294442701274,257.06
Barcelona,Madrid,BCN,MAD,483.0,85.0,244.81,159.81,41.3828,2.1769,40.4169,-3.7033,,,,,,,,244.81
Barcelona,Marseille,BCN,MRS,351.0,70.0,238.51,168.51,41.3828,2.1769,43.2964,5.37,Barcelona Sants,Marseille-St-Charles,299.0,True,7.388093774297752,3.0494630085437278,319.4375567828415,238.51
Barcelona,Milan,BCN,LIN,743.0,100.0,248.83,148.83,41.3828,2.1769,45.4669,9.19,Barcelona Sants,Milano Porta Garibaldi,686.0,True,7.388093774297752,4.707315782392735,708.0954095566905,248.83
Barcelona,Munich,BCN,MUC,1095.0,125.0,306.52,181.51999999999998,41.3828,2.1769,48.1375,11.575,Barcelona Sants,München Hbf,829.0,False,7.388093774297752,3.0560823139438047,849.4441760882415,306.52
Barcelona,Málaga,BCN,AGP,766.0,100.0,250.23,150.23,41.3828,2.1769,36.7194,-4.42,,,,,,,,250.23
Barcelona,Naples,BCN,NAP,1026.0,120.0,268.61,148.61,41.3828,2.1769,40.8333,14.25,,,,,,,,268.61
Barcelona,Nuremberg,BCN,NUE,1149.0,140.0,285.07,145.07,41.3828,2.1769,49.4539,11.0775,Barcelona Sants,Nürnberg Hbf,911.0,False,7.388093774297752,2.407122595922898,930.7952163702207,285.07
Barcelona,Paris,BCN,ORY,825.0,110.0,269.79,159.79000000000002,41.3828,2.1769,48.8567,2.3522,Barcelona Sants,Paris Gare de Lyon,406.0,True,7.388093774297752,4.976732490936343,428.3648262652341,269.79
Barcelona,Poznań,,,,,,,,,,,Barcelona Sants,Poznan Glowny,1387.0,False,7.388093774297752,4.065435329407926,1408.4535291037055,1408.4535291037055
Barcelona,Prague,BCN,PRG,1359.0,150.0,305.2,155.2,41.3828,2.1769,50.0875,14.4214,Barcelona Sants,Praha hl.n.,1439.0,False,7.388093774297752,2.772415453338628,1459.1605092276363,305.2
Barcelona,Riga,BCN,RIX,2340.0,215.0,365.71,150.70999999999998,41.3828,2.1769,56.9489,24.1064,,,,,,,,365.71
Barcelona,Rome,BCN,FCO,850.0,110.0,281.6,171.60000000000002,41.3828,2.1769,41.8933,12.4828,Barcelona Sants,Roma Tiburtina,926.0,False,7.388093774297752,10.76586299605856,954.1539567703563,281.6
Barcelona,Rotterdam,BCN,RTM,1196.0,135.0,280.14,145.14,41.3828,2.1769,51.92,4.48,Barcelona Sants,Rotterdam Centraal,636.0,True,7.388093774297752,2.249226316777232,655.637320091075,280.14
Barcelona,Sevilla,BCN,SVQ,810.0,100.0,251.51,151.51,41.3828,2.1769,37.39,-5.99,,,,,,,,251.51
Barcelona,Sofia,BCN,SOF,1769.0,170.0,318.89,148.89,41.3828,2.1769,42.7,23.33,,,,,,,,318.89
Barcelona,Stockholm,BCN,ARN,2316.0,220.0,413.07,193.07,41.3828,2.1769,59.3294,18.0686,Barcelona Sants,Stockholm Central,2049.0,False,7.388093774297752,1.5022922376589065,2067.8903860119567,413.07
Barcelona,Stuttgart,BCN,STR,993.0,125.0,277.9,152.89999999999998,41.3828,2.1769,48.7775,9.18,Barcelona Sants,Stuttgart Hbf,705.0,False,7.388093774297752,2.002376007570269,724.3904697818681,277.9
Barcelona,Tallinn,BCN,TLL,2556.0,245.0,389.04,144.04000000000002,41.3828,2.1769,59.4372,24.7453,,,,,,,,389.04
Barcelona,Tilburg,BCN,EIN,1156.0,135.0,308.87,173.87,41.3828,2.1769,51.55,5.0833,Barcelona Sants,Tilburg,677.0,False,7.388093774297752,2.8326204398011785,697.220714214099,308.87
Barcelona,Toulouse,,,,,,,,,,,Barcelona Sants,Toulouse-Matabiau,227.0,False,7.388093774297752,2.6617812245934145,247.04987499889117,247.04987499889117
Barcelona,Turin,BCN,TRN,625.0,90.0,247.48,157.48,41.3828,2.1769,45.0792,7.6761,Barcelona Sants,Torino Porta Susa,601.0,True,7.388093774297752,2.8476007865249664,621.2356945608227,247.48
Barcelona,Valencia,BCN,VLC,295.0,60.0,211.37,151.37,41.3828,2.1769,39.47,-0.3764,,,,,,,,211.37
Barcelona,Vienna,BCN,VIE,1371.0,145.0,309.24,164.24,41.3828,2.1769,48.2083,16.3725,Barcelona Sants,Wien Hbf,1266.0,False,7.388093774297752,6.245212775155993,1289.6333065494537,309.24
Barcelona,Vilnius,BCN,VNO,2261.0,210.0,355.71,145.70999999999998,41.3828,2.1769,54.6872,25.28,,,,,,,,355.71
Barcelona,Warsaw,BCN,WAW,1872.0,185.0,333.94,148.94,41.3828,2.1769,52.23,21.0111,Barcelona Sants,Warszawa Centralna,1534.0,False,7.388093774297752,1.3212540896707794,1552.7093478639683,333.94
Barcelona,Wrocław,,,,,,,,,,,Barcelona Sants,Wroclaw Glowny,1566.0,False,7.388093774297752,3.2731677390709937,1586.6612615133686,1586.6612615133686
Barcelona,Zagreb,BCN,ZAG,1231.0,125.0,279.88,154.88,41.3828,2.1769,45.8131,15.9775,Barcelona Sants,Zagreb Glavni kolodvor,2024.0,False,7.388093774297752,2.3224288673449607,2043.7105226416427,279.88
Berlin,Amsterdam,BER,AMS,595.0,85.0,249.46,164.46,52.52,13.405,52.3728,4.8936,Berlin Hbf,Amsterdam Centraal,344.0,False,5.947266480604848,1.9520337879727412,361.89930026857763,249.46
Berlin,Antwerp,,,,,,,,,,,Berlin Hbf,Antwerpen Centraal,422.0,False,5.947266480604848,3.5284359653773953,441.4757024459823,441.4757024459823
Berlin,Athens,BER,ATH,1797.0,165.0,342.27,177.26999999999998,52.52,13.405,37.9842,23.7281,,,,,,,,342.27
Berlin,Barcelona,BER,BCN,1503.0,155.0,320.81,165.81,52.52,13.405,41.3828,2.1769,Berlin Hbf,Barcelona Sants,1024.0,False,5.947266480604848,7.388093774297752,1047.3353602549025,320.81
Berlin,Bordeaux,BER,BOD,1337.0,145.0,306.99,161.99,52.52,13.405,44.84,-0.58,Berlin Hbf,Bordeaux-St-Jean,673.0,True,5.947266480604848,5.811588377462907,694.7588548580678,306.99
Berlin,Bratislava,,,,,,,,,,,Berlin Hbf,Bratislava hl.st.,514.0,False,5.947266480604848,4.046858342350235,533.9941248229551,533.9941248229551
Berlin,Bremen,,,,,,,,,,,Berlin Hbf,Bremen Hbf,164.0,False,5.947266480604848,2.309271364404068,182.2565378450089,182.2565378450089
Berlin,Brussels,BER,BRU,645.0,85.0,248.62,163.62,52.52,13.405,50.8467,4.3525,Berlin Hbf,Bruxelles Midi,391.0,False,5.947266480604848,4.14169289941754,411.0889593800224,248.62
Berlin,Bucharest,BER,OTP,1267.0,130.0,300.81,170.81,52.52,13.405,44.4325,26.1039,,,,,,,,300.81
Berlin,Budapest,BER,BUD,686.0,90.0,263.16,173.16000000000003,52.52,13.405,47.4925,19.0514,Berlin Hbf,Budapest-Nyugati,660.0,False,5.947266480604848,4.980157462200125,680.927423942805,263.16
Berlin,Cologne,BER,CGN,471.0,65.0,232.74,167.74,52.52,13.405,50.9364,6.9528,Berlin Hbf,Köln Messe/Deutz,251.0,False,5.947266480604848,3.9197525107529603,270.86701899135784,232.74
Berlin,Copenhagen,BER,CPH,367.0,60.0,218.29,158.29,52.52,13.405,55.6761,12.5683,Berlin Hbf,Koebenhavns Lufthavn st,500.0,False,5.947266480604848,17.4069941581493,533.3542606387541,218.29
Berlin,Dortmund,,,,,,,,,,,Berlin Hbf,Dortmund Hbf,204.0,True,5.947266480604848,1.460615015563283,221.40788149616813,221.40788149616813
Berlin,Dresden,,,,,,,,,,,Berlin Hbf,Dresden Hbf,99.0,False,5.947266480604848,2.8510360388781235,117.79830251948297,117.79830251948297
Berlin,Duisburg,,,,,,,,,,,Berlin Hbf,Duisburg Hbf,242.0,False,5.947266480604848,2.5870950877797454,260.5343615683846,260.5343615683846
Berlin,Düsseldorf,BER,DUS,479.0,70.0,225.19,155.19,52.52,13.405,51.2333,6.7833,Berlin Hbf,Düsseldorf Hbf,254.0,False,5.947266480604848,4.00763955017613,273.954906030781,225.19
Berlin,Essen,,,,,,,,,,,Berlin Hbf,Essen Hbf,229.0,True,5.947266480604848,0.31813865528361085,245.26540513588844,245.26540513588844
Berlin,Frankfurt,BER,FRA,430.0,70.0,232.97,162.97,52.52,13.405,50.1106,8.6822,Berlin Hbf,Frankfurt(Main)Hbf,231.0,True,5.947266480604848,3.4764728210122846,250.42373930161713,232.97
Berlin,Genoa,,,,,,,,,,,Berlin Hbf,Genova Piazza Principe,836.0,False,5.947266480604848,2.6646692679586454,854.6119357485635,854.6119357485635
Berlin,Gothenburg,BER,GOT,595.0,75.0,252.43,177.43,52.52,13.405,57.7075,11.9675,,,,,,,,252.43
Berlin,Hamburg,,,,,,,,,,,Berlin Hbf,Hamburg Hbf,148.0,True,5.947266480604848,1.316441566346405,165.26370804695125,165.26370804695125
Berlin,Hannover,,,,,,,,,,,Berlin Hbf,Hannover Hbf,93.0,False,5.947266480604848,4.786629448184535,113.7338959287894,113.7338959287894
Berlin,Helsinki,BER,HEL,1130.0,115.0,287.12,172.12,52.52,13.405,60.1708,24.9375,,,,,,,,287.12
Berlin,Kraków,BER,KRK,507.0,75.0,238.0,163.0,52.52,13.405,50.0614,19.9372,Berlin Hbf,Krakow Glowny,412.0,False,5.947266480604848,2.336597225946072,430.28386370655096,238.0
Berlin,Leipzig,,,,,,,,,,,Berlin Hbf,Leipzig Hbf,75.0,True,5.947266480604848,1.875769965295063,92.82303644589992,92.82303644589992
Berlin,Lisbon,BER,LIS,2307.0,220.0,375.44,155.44,52.52,13.405,38.7253,-9.15,,,,,,,,375.44
Berlin,Ljubljana,,,,,,,,,,,Berlin Hbf,Ljubljana,642.0,False,5.947266480604848,2.321449509647903,660.2687159902528,660.2687159902528
Berlin,Luxembourg,BER,LUX,595.0,90.0,246.45,156.45,52.52,13.405,49.6117,6.1319,Berlin Hbf,Luxembourg,499.0,False,5.947266480604848,3.2276729444989756,518.1749394251038,246.45
Berlin,Lyon,BER,LYS,960.0,115.0,291.17,176.17000000000002,52.52,13.405,45.76,4.84,Berlin Hbf,Lyon Part Dieu,622.0,False,5.947266480604848,3.7248506527149634,641.6721171333198,291.17
Berlin,Madrid,BER,MAD,1852.0,190.0,358.91,168.91000000000003,52.52,13.405,40.4169,-3.7033,,,,,,,,358.91
Berlin,Marseille,BER,MRS,1167.0,130.0,307.62,177.62,52.52,13.405,43.2964,5.37,Berlin Hbf,Marseille-St-Charles,730.0,False,5.947266480604848,3.0494630085437278,748.9967294891486,307.62
Berlin,Milan,BER,LIN,827.0,105.0,262.94,157.94,52.52,13.405,45.4669,9.19,Berlin Hbf,Milano Porta Garibaldi,722.0,False,5.947266480604848,4.707315782392735,742.6545822629976,262.94
Berlin,Munich,BER,MUC,462.0,70.0,260.62,190.62,52.52,13.405,48.1375,11.575,Berlin Hbf,München Hbf,235.0,True,5.947266480604848,3.0560823139438047,254.00334879454866,254.00334879454866
Berlin,Málaga,BER,AGP,2242.0,215.0,374.34,159.33999999999997,52.52,13.405,36.7194,-4.42,,,,,,,,374.34
Berlin,Naples,BER,NAP,1277.0,135.0,292.72,157.72000000000003,52.52,13.405,40.8333,14.25,,,,,,,,292.72
Berlin,Nuremberg,,,,,,,,,,,Berlin Hbf,Nürnberg Hbf,166.0,True,5.947266480604848,2.407122595922898,184.35438907652772,184.35438907652772
Berlin,Paris,BER,ORY,886.0,115.0,283.89,168.89,52.52,13.405,48.8567,2.3522,,,,,,,,283.89
Berlin,Poznań,,,,,,,,,,,Berlin Hbf,Poznan Glowny,161.0,False,5.947266480604848,4.065435329407926,181.01270181001277,181.01270181001277
Berlin,Prague,,,,,,,,,,,Berlin Hbf,Praha hl.n.,237.0,False,5.947266480604848,2.772415453338628,255.71968193394346,255.71968193394346
Berlin,Riga,BER,RIX,843.0,98.0,257.82,159.82,52.52,13.405,56.9489,24.1064,,,,,,,,257.82
Berlin,Rome,BER,FCO,1179.0,130.0,310.71,180.70999999999998,52.52,13.405,41.8933,12.4828,Berlin Hbf,Roma Tiburtina,973.0,True,5.947266480604848,10.76586299605856,999.7131294766634,310.71
Berlin,Rotterdam,,,,,,,,,,,Berlin Hbf,Rotterdam Centraal,369.0,False,5.947266480604848,2.249226316777232,387.1964927973821,387.1964927973821
Berlin,Sofia,BER,SOF,1306.0,135.0,292.99,157.99,52.52,13.405,42.7,23.33,,,,,,,,292.99
Berlin,Stockholm,BER,ARN,856.0,95.0,297.17,202.17000000000002,52.52,13.405,59.3294,18.0686,Berlin Hbf,Stockholm Central,810.0,False,5.947266480604848,1.5022922376589065,827.4495587182638,297.17
Berlin,Stuttgart,BER,STR,510.0,70.0,232.01,162.01,52.52,13.405,48.7775,9.18,Berlin Hbf,Stuttgart Hbf,317.0,True,5.947266480604848,2.002376007570269,334.94964248817513,232.01
Berlin,Tallinn,BER,TLL,1053.0,110.0,263.14,153.14,52.52,13.405,59.4372,24.7453,,,,,,,,263.14
Berlin,Tilburg,,,,,,,,,,,Berlin Hbf,Tilburg,370.0,False,5.947266480604848,2.8326204398011785,388.77988692040606,388.77988692040606
Berlin,Toulouse,BER,TLS,1324.0,150.0,306.89,156.89,52.52,13.405,43.6045,1.444,Berlin Hbf,Toulouse-Matabiau,1068.0,False,5.947266480604848,2.6617812245934145,1086.6090477051982,306.89
Berlin,Turin,,,,,,,,,,,Berlin Hbf,Torino Porta Susa,833.0,False,5.947266480604848,2.8476007865249664,851.7948672671298,851.7948672671298
Berlin,Valencia,BER,VLC,1788.0,180.0,340.47,160.47000000000003,52.52,13.405,39.47,-0.3764,,,,,,,,340.47
Berlin,Vienna,BER,VIE,520.0,75.0,248.35,173.35,52.52,13.405,48.2083,16.3725,Berlin Hbf,Wien Hbf,431.0,False,5.947266480604848,6.245212775155993,453.1924792557609,248.35
Berlin,Vilnius,BER,VNO,820.0,95.0,249.82,154.82,52.52,13.405,54.6872,25.28,,,,,,,,249.82
Berlin,Warsaw,BER,WAW,510.0,70.0,228.05,158.05,52.52,13.405,52.23,21.0111,Berlin Hbf,Warszawa Centralna,306.0,False,5.947266480604848,1.3212540896707794,323.26852057027565,228.05
Berlin,Wrocław,,,,,,,,,,,Berlin Hbf,Wroclaw Glowny,241.0,False,5.947266480604848,3.2731677390709937,260.22043421967584,260.22043421967584
Berlin,Zagreb,BER,ZAG,760.0,85.0,248.98,163.98,52.52,13.405,45.8131,15.9775,Berlin Hbf,Zagreb Glavni kolodvor,894.0,False,5.947266480604848,2.3224288673449607,912.2696953479498,248.98
Bordeaux,Amsterdam,BOD,AMS,923.0,105.0,256.53,151.52999999999997,44.84,-0.58,52.3728,4.8936,Bordeaux-St-Jean,Amsterdam Centraal,423.0,True,5.811588377462907,1.9520337879727412,440.76362216543566,256.53
Bordeaux,Antwerp,,,,,,,,,,,Bordeaux-St-Jean,Antwerpen Centraal,340.0,True,5.811588377462907,3.5284359653773953,359.3400243428403,359.3400243428403
Bordeaux,Athens,BOD,ATH,2188.0,195.0,359.33,164.32999999999998,44.84,-0.58,37.9842,23.7281,,,,,,,,359.33
Bordeaux,Barcelona,BOD,BCN,452.0,75.0,227.88,152.88,44.84,-0.58,41.3828,2.1769,Bordeaux-St-Jean,Barcelona Sants,385.0,False,5.811588377462907,7.388093774297752,408.19968215176067,227.88
Bordeaux,Berlin,BOD,BER,1337.0,145.0,306.99,161.99,44.84,-0.58,52.52,13.405,Bordeaux-St-Jean,Berlin Hbf,695.0,True,5.811588377462907,5.947266480604848,716.7588548580678,306.99
Bordeaux,Bratislava,,,,,,,,,,,Bordeaux-St-Jean,Bratislava hl.st.,1044.0,False,5.811588377462907,4.046858342350235,1063.8584467198132,1063.8584467198132
Bordeaux,Bremen,,,,,,,,,,,Bordeaux-St-Jean,Bremen Hbf,628.0,True,5.811588377462907,2.309271364404068,646.120859741867,646.120859741867
Bordeaux,Brussels,BOD,CRL,735.0,95.0,295.04,200.04000000000002,44.84,-0.58,50.8467,4.3525,Bordeaux-St-Jean,Bruxelles Midi,271.0,True,5.811588377462907,4.14169289941754,290.95328127688043,290.95328127688043
Bordeaux,Budapest,,,,,,,,,,,Bordeaux-St-Jean,Budapest-Nyugati,1143.0,False,5.811588377462907,4.980157462200125,1163.791745839663,1163.791745839663
Bordeaux,Cologne,,,,,,,,,,,Bordeaux-St-Jean,Köln Messe/Deutz,400.0,True,5.811588377462907,3.9197525107529603,419.73134088821587,419.73134088821587
Bordeaux,Copenhagen,BOD,CPH,1527.0,155.0,300.36,145.36,44.84,-0.58,55.6761,12.5683,Bordeaux-St-Jean,Koebenhavns Lufthavn st,1057.0,True,5.811588377462907,17.4069941581493,1090.218582535612,300.36
Bordeaux,Dortmund,,,,,,,,,,,Bordeaux-St-Jean,Dortmund Hbf,474.0,True,5.811588377462907,1.460615015563283,491.2722033930262,491.2722033930262
Bordeaux,Dresden,,,,,,,,,,,Bordeaux-St-Jean,Dresden Hbf,712.0,True,5.811588377462907,2.8510360388781235,730.662624416341,730.662624416341
Bordeaux,Duisburg,,,,,,,,,,,Bordeaux-St-Jean,Duisburg Hbf,432.0,True,5.811588377462907,2.5870950877797454,450.39868346524264,450.39868346524264
Bordeaux,Düsseldorf,BOD,DUS,906.0,110.0,252.26,142.26,44.84,-0.58,51.2333,6.7833,Bordeaux-St-Jean,Düsseldorf Hbf,488.0,True,5.811588377462907,4.00763955017613,507.819227927639,252.26
Bordeaux,Essen,,,,,,,,,,,Bordeaux-St-Jean,Essen Hbf,449.0,True,5.811588377462907,0.31813865528361085,465.12972703274653,465.12972703274653
Bordeaux,Frankfurt,BOD,FRA,907.0,110.0,260.04,150.04000000000002,44.84,-0.58,50.1106,8.6822,Bordeaux-St-Jean,Frankfurt(Main)Hbf,421.0,True,5.811588377462907,3.4764728210122846,440.2880611984752,260.04
Bordeaux,Genoa,,,,,,,,,,,Bordeaux-St-Jean,Genova Piazza Principe,644.0,False,5.811588377462907,2.6646692679586454,662.4762576454216,662.4762576454216
Bordeaux,Hamburg,BOD,HAM,1248.0,135.0,283.1,148.10000000000002,44.84,-0.58,53.55,10.0,Bordeaux-St-Jean,Hamburg Hbf,677.0,True,5.811588377462907,1.316441566346405,694.1280299438093,283.1
Bordeaux,Hannover,,,,,,,,,,,Bordeaux-St-Jean,Hannover Hbf,582.0,True,5.811588377462907,4.786629448184535,602.5982178256475,602.5982178256475
Bordeaux,Kraków,,,,,,,,,,,Bordeaux-St-Jean,Krakow Glowny,1429.0,True,5.811588377462907,2.336597225946072,1447.1481856034088,1447.1481856034088
Bordeaux,Leipzig,,,,,,,,,,,Bordeaux-St-Jean,Leipzig Hbf,622.0,True,5.811588377462907,1.875769965295063,639.687358342758,639.687358342758
Bordeaux,Lisbon,BOD,LIS,970.0,120.0,262.51,142.51,44.84,-0.58,38.7253,-9.15,,,,,,,,262.51
Bordeaux,Ljubljana,,,,,,,,,,,Bordeaux-St-Jean,Ljubljana,1023.0,False,5.811588377462907,2.321449509647903,1041.1330378871107,1041.1330378871107
Bordeaux,Luxembourg,BOD,LUX,746.0,110.0,253.52,143.52,44.84,-0.58,49.6117,6.1319,Bordeaux-St-Jean,Luxembourg,307.0,True,5.811588377462907,3.2276729444989756,326.0392613219619,253.52
Bordeaux,Lyon,BOD,LYS,464.0,70.0,233.23,163.23,44.84,-0.58,45.76,4.84,Bordeaux-St-Jean,Lyon Part Dieu,397.0,False,5.811588377462907,3.7248506527149634,416.53643903017786,233.23
Bordeaux,Madrid,BOD,MAD,536.0,85.0,240.98,155.98,44.84,-0.58,40.4169,-3.7033,,,,,,,,240.98
Bordeaux,Marseille,BOD,MRS,498.0,70.0,234.68,164.68,44.84,-0.58,43.2964,5.37,Bordeaux-St-Jean,Marseille-St-Charles,386.0,False,5.811588377462907,3.0494630085437278,404.86105138600664,234.68
Bordeaux,Milan,BOD,MXP,744.0,95.0,291.41,196.41000000000003,44.84,-0.58,45.4669,9.19,Bordeaux-St-Jean,Milano Porta Garibaldi,594.0,False,5.811588377462907,4.707315782392735,614.5189041598557,291.41
Bordeaux,Munich,BOD,MUC,1032.0,110.0,287.69,177.69,44.84,-0.58,48.1375,11.575,Bordeaux-St-Jean,München Hbf,534.0,False,5.811588377462907,3.0560823139438047,552.8676706914067,287.69
Bordeaux,Málaga,BOD,AGP,960.0,115.0,261.4,146.39999999999998,44.84,-0.58,36.7194,-4.42,,,,,,,,261.4
Bordeaux,Naples,BOD,NAP,1299.0,135.0,279.78,144.77999999999997,44.84,-0.58,40.8333,14.25,,,,,,,,279.78
Bordeaux,Nuremberg,,,,,,,,,,,Bordeaux-St-Jean,Nürnberg Hbf,571.0,True,5.811588377462907,2.407122595922898,589.2187109733859,589.2187109733859
Bordeaux,Paris,BOD,CDG,526.0,85.0,253.46,168.46,44.84,-0.58,48.8567,2.3522,,,,,,,,253.46
Bordeaux,Poznań,,,,,,,,,,,Bordeaux-St-Jean,Poznan Glowny,1067.0,True,5.811588377462907,4.065435329407926,1086.8770237068707,1086.8770237068707
Bordeaux,Prague,BOD,PRG,1268.0,133.0,284.38,151.38,44.84,-0.58,50.0875,14.4214,Bordeaux-St-Jean,Praha hl.n.,880.0,True,5.811588377462907,2.772415453338628,898.5840038308016,284.38
Bordeaux,Rome,BOD,FCO,1102.0,125.0,292.77,167.76999999999998,44.84,-0.58,41.8933,12.4828,Bordeaux-St-Jean,Roma Tiburtina,834.0,False,5.811588377462907,10.76586299605856,860.5774513735215,292.77
Bordeaux,Rotterdam,,,,,,,,,,,Bordeaux-St-Jean,Rotterdam Centraal,375.0,True,5.811588377462907,2.249226316777232,393.06081469424015,393.06081469424015
Bordeaux,Sevilla,BOD,SVQ,930.0,105.0,252.68,147.68,44.84,-0.58,37.39,-5.99,,,,,,,,252.68
Bordeaux,Stockholm,,,,,,,,,,,Bordeaux-St-Jean,Stockholm Central,1450.0,True,5.811588377462907,1.5022922376589065,1467.3138806151217,1467.3138806151217
Bordeaux,Stuttgart,BOD,STR,868.0,105.0,254.08,149.08,44.84,-0.58,48.7775,9.18,Bordeaux-St-Jean,Stuttgart Hbf,378.0,True,5.811588377462907,2.002376007570269,395.81396438503316,254.08
Bordeaux,Tilburg,,,,,,,,,,,Bordeaux-St-Jean,Tilburg,416.0,True,5.811588377462907,2.8326204398011785,434.6442088172641,434.6442088172641
Bordeaux,Toulouse,,,,,,,,,,,Bordeaux-St-Jean,Toulouse-Matabiau,147.0,False,5.811588377462907,2.6617812245934145,165.47336960205632,165.47336960205632
Bordeaux,Turin,,,,,,,,,,,Bordeaux-St-Jean,Torino Porta Susa,509.0,False,5.811588377462907,2.8476007865249664,527.6591891639879,527.6591891639879
Bordeaux,Valencia,BOD,VLC,593.0,88.0,235.54,147.54,44.84,-0.58,39.47,-0.3764,,,,,,,,235.54
Bordeaux,Vienna,,,,,,,,,,,Bordeaux-St-Jean,Wien Hbf,828.0,False,5.811588377462907,6.245212775155993,850.056801152619,850.056801152619
Bordeaux,Warsaw,,,,,,,,,,,Bordeaux-St-Jean,Warszawa Centralna,1214.0,False,5.811588377462907,1.3212540896707794,1231.1328424671335,1231.1328424671335
Bordeaux,Wrocław,,,,,,,,,,,Bordeaux-St-Jean,Wroclaw Glowny,997.0,True,5.811588377462907,3.2731677390709937,1016.084756116534,1016.084756116534
Bordeaux,Zagreb,,,,,,,,,,,Bordeaux-St-Jean,Zagreb Glavni kolodvor,1184.0,False,5.811588377462907,2.3224288673449607,1202.1340172448079,1202.1340172448079
Bratislava,Amsterdam,,,,,,,,,,,Bratislava hl.st.,Amsterdam Centraal,759.0,False,4.046858342350235,1.9520337879727412,774.9988921303229,774.9988921303229
Bratislava,Antwerp,,,,,,,,,,,Bratislava hl.st.,Antwerpen Centraal,736.0,False,4.046858342350235,3.5284359653773953,753.5752943077276,753.5752943077276
Bratislava,Athens,BTS,ATH,1261.0,120.0,282.07,162.07,48.1439,17.1097,37.9842,23.7281,,,,,,,,282.07
Bratislava,Barcelona,,,,,,,,,,,Bratislava hl.st.,Barcelona Sants,1482.0,False,4.046858342350235,7.388093774297752,1503.434952116648,1503.434952116648
Bratislava,Berlin,,,,,,,,,,,Bratislava hl.st.,Berlin Hbf,511.0,False,4.046858342350235,5.947266480604848,530.9941248229551,530.9941248229551
Bratislava,Bordeaux,,,,,,,,,,,Bratislava hl.st.,Bordeaux-St-Jean,1164.0,False,4.046858342350235,5.811588377462907,1183.8584467198132,1183.8584467198132
Bratislava,Bremen,,,,,,,,,,,Bratislava hl.st.,Bremen Hbf,597.0,False,4.046858342350235,2.309271364404068,613.3561297067542,613.3561297067542
Bratislava,Brussels,BTS,CRL,960.0,115.0,312.78,197.77999999999997,48.1439,17.1097,50.8467,4.3525,Bratislava hl.st.,Bruxelles Midi,705.0,False,4.046858342350235,4.14169289941754,723.1885512417678,312.78
Bratislava,Budapest,,,,,,,,,,,Bratislava hl.st.,Budapest-Nyugati,143.0,False,4.046858342350235,4.980157462200125,162.02701580455036,162.02701580455036
Bratislava,Copenhagen,,,,,,,,,,,Bratislava hl.st.,Koebenhavns Lufthavn st,993.0,False,4.046858342350235,17.4069941581493,1024.4538525004996,1024.4538525004996
Bratislava,Dortmund,,,,,,,,,,,Bratislava hl.st.,Dortmund Hbf,629.0,False,4.046858342350235,1.460615015563283,644.5074733579135,644.5074733579135
Bratislava,Dresden,,,,,,,,,,,Bratislava hl.st.,Dresden Hbf,412.0,False,4.046858342350235,2.8510360388781235,428.89789438122835,428.89789438122835
Bratislava,Duisburg,,,,,,,,,,,Bratislava hl.st.,Duisburg Hbf,595.0,False,4.046858342350235,2.5870950877797454,611.63395343013,611.63395343013
Bratislava,Düsseldorf,,,,,,,,,,,Bratislava hl.st.,Düsseldorf Hbf,582.0,False,4.046858342350235,4.00763955017613,600.0544978925263,600.0544978925263
Bratislava,Essen,,,,,,,,,,,Bratislava hl.st.,Essen Hbf,608.0,False,4.046858342350235,0.31813865528361085,622.3649969976339,622.3649969976339
Bratislava,Frankfurt,,,,,,,,,,,Bratislava hl.st.,Frankfurt(Main)Hbf,467.0,False,4.046858342350235,3.4764728210122846,484.5233311633625,484.5233311633625
Bratislava,Genoa,,,,,,,,,,,Bratislava hl.st.,Genova Piazza Principe,954.0,False,4.046858342350235,2.6646692679586454,970.7115276103088,970.7115276103088
Bratislava,Hamburg,,,,,,,,,,,Bratislava hl.st.,Hamburg Hbf,607.0,False,4.046858342350235,1.316441566346405,622.3632999086966,622.3632999086966
Bratislava,Hannover,,,,,,,,,,,Bratislava hl.st.,Hannover Hbf,522.0,False,4.046858342350235,4.786629448184535,540.8334877905347,540.8334877905347
Bratislava,Kraków,,,,,,,,,,,Bratislava hl.st.,Krakow Glowny,350.0,False,4.046858342350235,2.336597225946072,366.3834555682963,366.3834555682963
Bratislava,Leipzig,,,,,,,,,,,Bratislava hl.st.,Leipzig Hbf,461.0,False,4.046858342350235,1.875769965295063,476.92262830764525,476.92262830764525
Bratislava,Ljubljana,,,,,,,,,,,Bratislava hl.st.,Ljubljana,379.0,False,4.046858342350235,2.321449509647903,395.3683078519981,395.3683078519981
Bratislava,Luxembourg,,,,,,,,,,,Bratislava hl.st.,Luxembourg,720.0,False,4.046858342350235,3.2276729444989756,737.2745312868492,737.2745312868492
Bratislava,Lyon,,,,,,,,,,,Bratislava hl.st.,Lyon Part Dieu,1052.0,False,4.046858342350235,3.7248506527149634,1069.7717089950654,1069.7717089950654
Bratislava,Marseille,,,,,,,,,,,Bratislava hl.st.,Marseille-St-Charles,1329.0,False,4.046858342350235,3.0494630085437278,1346.096321350894,1346.096321350894
Bratislava,Milan,BTS,MXP,706.0,95.0,289.14,194.14,48.1439,17.1097,45.4669,9.19,,,,,,,,289.14
Bratislava,Munich,,,,,,,,,,,Bratislava hl.st.,München Hbf,346.0,False,4.046858342350235,3.0560823139438047,363.10294065629404,363.10294065629404
Bratislava,Nuremberg,,,,,,,,,,,Bratislava hl.st.,Nürnberg Hbf,335.0,False,4.046858342350235,2.407122595922898,351.4539809382731,351.4539809382731
Bratislava,Poznań,,,,,,,,,,,Bratislava hl.st.,Poznan Glowny,407.0,False,4.046858342350235,4.065435329407926,425.11229367175815,425.11229367175815
Bratislava,Prague,,,,,,,,,,,Bratislava hl.st.,Praha hl.n.,265.0,False,4.046858342350235,2.772415453338628,281.81927379568884,281.81927379568884
Bratislava,Rome,BTS,CIA,795.0,95.0,247.94,152.94,48.1439,17.1097,41.8933,12.4828,Bratislava hl.st.,Roma Tiburtina,844.0,False,4.046858342350235,10.76586299605856,868.8127213384088,247.94
Bratislava,Rotterdam,,,,,,,,,,,Bratislava hl.st.,Rotterdam Centraal,770.0,False,4.046858342350235,2.249226316777232,786.2960846591275,786.2960846591275
Bratislava,Sofia,BTS,SOF,778.0,90.0,232.79,142.79,48.1439,17.1097,42.7,23.33,,,,,,,,232.79
Bratislava,Stockholm,,,,,,,,,,,Bratislava hl.st.,Stockholm Central,1386.0,False,4.046858342350235,1.5022922376589065,1401.5491505800092,1401.5491505800092
Bratislava,Stuttgart,,,,,,,,,,,Bratislava hl.st.,Stuttgart Hbf,473.0,False,4.046858342350235,2.002376007570269,489.0492343499205,489.0492343499205
Bratislava,Tilburg,BTS,EIN,924.0,115.0,282.78,167.77999999999997,48.1439,17.1097,51.55,5.0833,Bratislava hl.st.,Tilburg,786.0,False,4.046858342350235,2.8326204398011785,802.8794787821514,282.78
Bratislava,Toulouse,,,,,,,,,,,Bratislava hl.st.,Toulouse-Matabiau,1370.0,False,4.046858342350235,2.6617812245934145,1386.7086395669437,1386.7086395669437
Bratislava,Turin,,,,,,,,,,,Bratislava hl.st.,Torino Porta Susa,918.0,False,4.046858342350235,2.8476007865249664,934.8944591288752,934.8944591288752
Bratislava,Vienna,,,,,,,,,,,Bratislava hl.st.,Wien Hbf,56.0,False,4.046858342350235,6.245212775155993,76.29207111750623,76.29207111750623
Bratislava,Warsaw,,,,,,,,,,,Bratislava hl.st.,Warszawa Centralna,486.0,False,4.046858342350235,1.3212540896707794,501.368112432021,501.368112432021
Bratislava,Wrocław,,,,,,,,,,,Bratislava hl.st.,Wroclaw Glowny,380.0,False,4.046858342350235,3.2731677390709937,397.3200260814212,397.3200260814212
Bratislava,Zagreb,,,,,,,,,,,Bratislava hl.st.,Zagreb Glavni kolodvor,484.0,False,4.046858342350235,2.3224288673449607,500.3692872096952,500.3692872096952
Bremen,Amsterdam,BRE,AMS,284.0,55.0,196.39,141.39,53.0758,8.8072,52.3728,4.8936,Bremen Hbf,Amsterdam Centraal,255.0,False,2.309271364404068,1.9520337879727412,269.26130515237685,196.39
Bremen,Antwerp,,,,,,,,,,,Bremen Hbf,Antwerpen Centraal,342.0,False,2.309271364404068,3.5284359653773953,357.8377073297815,357.8377073297815
Bremen,Barcelona,,,,,,,,,,,Bremen Hbf,Barcelona Sants,1150.0,False,2.309271364404068,7.388093774297752,1169.6973651387018,1169.6973651387018
Bremen,Berlin,,,,,,,,,,,Bremen Hbf,Berlin Hbf,166.0,False,2.309271364404068,5.947266480604848,184.2565378450089,184.2565378450089
Bremen,Bordeaux,,,,,,,,,,,Bremen Hbf,Bordeaux-St-Jean,657.0,True,2.309271364404068,5.811588377462907,675.120859741867,675.120859741867
Bremen,Bratislava,,,,,,,,,,,Bremen Hbf,Bratislava hl.st.,595.0,False,2.309271364404068,4.046858342350235,611.3561297067542,611.3561297067542
Bremen,Brussels,,,,,,,,,,,Bremen Hbf,Bruxelles Midi,324.0,False,2.309271364404068,4.14169289941754,340.4509642638216,340.4509642638216
Bremen,Budapest,,,,,,,,,,,Bremen Hbf,Budapest-Nyugati,753.0,False,2.309271364404068,4.980157462200125,770.2894288266042,770.2894288266042
Bremen,Cologne,,,,,,,,,,,Bremen Hbf,Köln Messe/Deutz,194.0,False,2.309271364404068,3.9197525107529603,210.22902387515703,210.22902387515703
Bremen,Copenhagen,,,,,,,,,,,Bremen Hbf,Koebenhavns Lufthavn st,416.0,False,2.309271364404068,17.4069941581493,445.7162655225534,445.7162655225534
Bremen,Dortmund,,,,,,,,,,,Bremen Hbf,Dortmund Hbf,107.0,True,2.309271364404068,1.460615015563283,120.76988637996735,120.76988637996735
Bremen,Dresden,,,,,,,,,,,Bremen Hbf,Dresden Hbf,298.0,False,2.309271364404068,2.8510360388781235,313.1603074032822,313.1603074032822
Bremen,Duisburg,,,,,,,,,,,Bremen Hbf,Duisburg Hbf,145.0,False,2.309271364404068,2.5870950877797454,159.8963664521838,159.8963664521838
Bremen,Düsseldorf,,,,,,,,,,,Bremen Hbf,Düsseldorf Hbf,159.0,False,2.309271364404068,4.00763955017613,175.31691091458018,175.31691091458018
Bremen,Essen,,,,,,,,,,,Bremen Hbf,Essen Hbf,132.0,True,2.309271364404068,0.31813865528361085,144.62741001968766,144.62741001968766
Bremen,Frankfurt,BRE,FRA,334.0,60.0,199.91,139.91,53.0758,8.8072,50.1106,8.6822,Bremen Hbf,Frankfurt(Main)Hbf,227.0,True,2.309271364404068,3.4764728210122846,242.78574418541635,199.91
Bremen,Genoa,,,,,,,,,,,Bremen Hbf,Genova Piazza Principe,820.0,False,2.309271364404068,2.6646692679586454,834.9739406323627,834.9739406323627
Bremen,Hamburg,,,,,,,,,,,Bremen Hbf,Hamburg Hbf,55.0,True,2.309271364404068,1.316441566346405,68.62571293075047,68.62571293075047
Bremen,Hannover,,,,,,,,,,,Bremen Hbf,Hannover Hbf,59.0,False,2.309271364404068,4.786629448184535,76.09590081258861,76.09590081258861
Bremen,Kraków,,,,,,,,,,,Bremen Hbf,Krakow Glowny,627.0,False,2.309271364404068,2.336597225946072,641.6458685903501,641.6458685903501
Bremen,Leipzig,,,,,,,,,,,Bremen Hbf,Leipzig Hbf,242.0,False,2.309271364404068,1.875769965295063,256.1850413296991,256.1850413296991
Bremen,Ljubljana,,,,,,,,,,,Bremen Hbf,Ljubljana,723.0,False,2.309271364404068,2.321449509647903,737.6307208740519,737.6307208740519
Bremen,Luxembourg,,,,,,,,,,,Bremen Hbf,Luxembourg,399.0,False,2.309271364404068,3.2276729444989756,414.53694430890306,414.53694430890306
Bremen,Lyon,,,,,,,,,,,Bremen Hbf,Lyon Part Dieu,614.0,False,2.309271364404068,3.7248506527149634,630.034122017119,630.034122017119
Bremen,Marseille,,,,,,,,,,,Bremen Hbf,Marseille-St-Charles,722.0,False,2.309271364404068,3.0494630085437278,737.3587343729478,737.3587343729478
Bremen,Milan,,,,,,,,,,,Bremen Hbf,Milano Porta Garibaldi,705.0,False,2.309271364404068,4.707315782392735,722.0165871467967,722.0165871467967
Bremen,Munich,BRE,MUC,564.0,75.0,242.56,167.56,53.0758,8.8072,48.1375,11.575,Bremen Hbf,München Hbf,325.0,True,2.309271364404068,3.0560823139438047,340.3653536783479,242.56
Bremen,Málaga,BRE,AGP,2093.0,200.0,336.27,136.26999999999998,53.0758,8.8072,36.7194,-4.42,,,,,,,,336.27
Bremen,Nuremberg,,,,,,,,,,,Bremen Hbf,Nürnberg Hbf,251.0,False,2.309271364404068,2.407122595922898,265.71639396032697,265.71639396032697
Bremen,Poznań,,,,,,,,,,,Bremen Hbf,Poznan Glowny,376.0,False,2.309271364404068,4.065435329407926,392.374706693812,392.374706693812
Bremen,Prague,,,,,,,,,,,Bremen Hbf,Praha hl.n.,436.0,False,2.309271364404068,2.772415453338628,451.0816868177427,451.0816868177427
Bremen,Rome,,,,,,,,,,,Bremen Hbf,Roma Tiburtina,1125.0,True,2.309271364404068,10.76586299605856,1148.0751343604627,1148.0751343604627
Bremen,Rotterdam,,,,,,,,,,,Bremen Hbf,Rotterdam Centraal,281.0,False,2.309271364404068,2.249226316777232,295.55849768118134,295.55849768118134
Bremen,Stockholm,,,,,,,,,,,Bremen Hbf,Stockholm Central,738.0,False,2.309271364404068,1.5022922376589065,751.811563602063,751.811563602063
Bremen,Stuttgart,BRE,STR,486.0,70.0,208.94,138.94,53.0758,8.8072,48.7775,9.18,Bremen Hbf,Stuttgart Hbf,321.0,False,2.309271364404068,2.002376007570269,335.31164737197435,208.94
Bremen,Tilburg,,,,,,,,,,,Bremen Hbf,Tilburg,281.0,False,2.309271364404068,2.8326204398011785,296.1418918042053,296.1418918042053
Bremen,Toulouse,,,,,,,,,,,Bremen Hbf,Toulouse-Matabiau,1140.0,False,2.309271364404068,2.6617812245934145,1154.9710525889975,1154.9710525889975
Bremen,Turin,,,,,,,,,,,Bremen Hbf,Torino Porta Susa,804.0,False,2.309271364404068,2.8476007865249664,819.156872150929,819.156872150929
Bremen,Vienna,BRE,VIE,776.0,95.0,245.28,150.28,53.0758,8.8072,48.2083,16.3725,Bremen Hbf,Wien Hbf,512.0,False,2.309271364404068,6.245212775155993,530.55448413956,245.28
Bremen,Warsaw,,,,,,,,,,,Bremen Hbf,Warszawa Centralna,521.0,False,2.309271364404068,1.3212540896707794,534.6305254540748,534.6305254540748
Bremen,Wrocław,,,,,,,,,,,Bremen Hbf,Wroclaw Glowny,435.0,False,2.309271364404068,3.2731677390709937,450.58243910347505,450.58243910347505
Bremen,Zagreb,,,,,,,,,,,Bremen Hbf,Zagreb Glavni kolodvor,1035.0,False,2.309271364404068,2.3224288673449607,1049.6317002317492,1049.6317002317492
Brussels,Amsterdam,BRU,AMS,158.0,55.0,208.17,153.17,50.8467,4.3525,52.3728,4.8936,Bruxelles Midi,Amsterdam Centraal,117.0,False,4.14169289941754,1.9520337879727412,133.09372668739027,133.09372668739027
Brussels,Antwerp,,,,,,,,,,,Bruxelles Midi,Antwerpen Centraal,34.0,False,4.14169289941754,3.5284359653773953,51.67012886479494,51.67012886479494
Brussels,Athens,BRU,ATH,2103.0,180.0,345.97,165.97000000000003,50.8467,4.3525,37.9842,23.7281,,,,,,,,345.97
Brussels,Barcelona,BRU,BCN,1082.0,120.0,274.52,154.51999999999998,50.8467,4.3525,41.3828,2.1769,Bruxelles Midi,Barcelona Sants,546.0,True,4.14169289941754,7.388093774297752,567.5297866737153,274.52
Brussels,Berlin,BRU,BER,645.0,85.0,248.62,163.62,50.8467,4.3525,52.52,13.405,Bruxelles Midi,Berlin Hbf,390.0,False,4.14169289941754,5.947266480604848,410.0889593800224,248.62
Brussels,Bordeaux,CRL,BOD,735.0,90.0,290.04,200.04000000000002,50.8467,4.3525,44.84,-0.58,Bruxelles Midi,Bordeaux-St-Jean,271.0,True,4.14169289941754,5.811588377462907,290.95328127688043,290.04
Brussels,Bratislava,CRL,BTS,960.0,105.0,302.78,197.77999999999997,50.8467,4.3525,48.1439,17.1097,Bruxelles Midi,Bratislava hl.st.,705.0,False,4.14169289941754,4.046858342350235,723.1885512417678,302.78
Brussels,Bremen,,,,,,,,,,,Bruxelles Midi,Bremen Hbf,325.0,False,4.14169289941754,2.309271364404068,341.4509642638216,341.4509642638216
Brussels,Bucharest,BRU,OTP,1757.0,160.0,319.51,159.51,50.8467,4.3525,44.4325,26.1039,,,,,,,,319.51
Brussels,Budapest,BRU,BUD,1142.0,115.0,276.86,161.86,50.8467,4.3525,47.4925,19.0514,Bruxelles Midi,Budapest-Nyugati,864.0,False,4.14169289941754,4.980157462200125,883.1218503616177,276.86
Brussels,Cologne,,,,,,,,,,,Bruxelles Midi,Köln Messe/Deutz,119.0,False,4.14169289941754,3.9197525107529603,137.0614454101705,137.0614454101705
Brussels,Copenhagen,BRU,CPH,756.0,90.0,236.99,146.99,50.8467,4.3525,55.6761,12.5683,Bruxelles Midi,Koebenhavns Lufthavn st,723.0,False,4.14169289941754,17.4069941581493,754.5486870575668,236.99
Brussels,Dortmund,,,,,,,,,,,Bruxelles Midi,Dortmund Hbf,191.0,False,4.14169289941754,1.460615015563283,206.60230791498083,206.60230791498083
Brussels,Dresden,,,,,,,,,,,Bruxelles Midi,Dresden Hbf,492.0,False,4.14169289941754,2.8510360388781235,508.99272893829567,508.99272893829567
Brussels,Duisburg,,,,,,,,,,,Bruxelles Midi,Duisburg Hbf,155.0,False,4.14169289941754,2.5870950877797454,171.72878798719728,171.72878798719728
Brussels,Düsseldorf,,,,,,,,,,,Bruxelles Midi,Düsseldorf Hbf,142.0,False,4.14169289941754,4.00763955017613,160.14933244959366,160.14933244959366
Brussels,Essen,,,,,,,,,,,Bruxelles Midi,Essen Hbf,168.0,False,4.14169289941754,0.31813865528361085,182.45983155470114,182.45983155470114
Brussels,Frankfurt,BRU,FRA,305.0,60.0,211.68,151.68,50.8467,4.3525,50.1106,8.6822,Bruxelles Midi,Frankfurt(Main)Hbf,182.0,True,4.14169289941754,3.4764728210122846,199.61816572042983,199.61816572042983
Brussels,Genoa,CRL,GOA,749.0,95.0,290.3,195.3,50.8467,4.3525,44.4111,8.9328,Bruxelles Midi,Genova Piazza Principe,588.0,False,4.14169289941754,2.6646692679586454,604.8063621673762,290.3
Brussels,Gothenburg,BRU,GOT,907.0,100.0,266.14,166.14,50.8467,4.3525,57.7075,11.9675,,,,,,,,266.14
Brussels,Hamburg,BRU,HAM,484.0,70.0,219.74,149.74,50.8467,4.3525,53.55,10.0,Bruxelles Midi,Hamburg Hbf,349.0,False,4.14169289941754,1.316441566346405,364.4581344657639,219.74
Brussels,Hannover,,,,,,,,,,,Bruxelles Midi,Hannover Hbf,294.0,False,4.14169289941754,4.786629448184535,312.9283223476021,312.9283223476021
Brussels,Helsinki,BRU,HEL,1651.0,155.0,315.82,160.82,50.8467,4.3525,60.1708,24.9375,,,,,,,,315.82
Brussels,Kraków,BRU,KRK,1088.0,120.0,271.7,151.7,50.8467,4.3525,50.0614,19.9372,Bruxelles Midi,Krakow Glowny,859.0,False,4.14169289941754,2.336597225946072,875.4782901253636,271.7
Brussels,Leipzig,,,,,,,,,,,Bruxelles Midi,Leipzig Hbf,399.0,False,4.14169289941754,1.875769965295063,415.01746286471257,415.01746286471257
Brussels,Lisbon,BRU,LIS,1718.0,175.0,319.15,144.14999999999998,50.8467,4.3525,38.7253,-9.15,,,,,,,,319.15
Brussels,Ljubljana,BRU,LJU,899.0,100.0,266.7,166.7,50.8467,4.3525,46.0514,14.5061,Bruxelles Midi,Ljubljana,833.0,False,4.14169289941754,2.321449509647903,849.4631424090654,266.7
Brussels,Luxembourg,,,,,,,,,,,Bruxelles Midi,Luxembourg,197.0,False,4.14169289941754,3.2276729444989756,214.3693658439165,214.3693658439165
Brussels,Lyon,BRU,LYS,577.0,85.0,249.87,164.87,50.8467,4.3525,45.76,4.84,Bruxelles Midi,Lyon Part Dieu,223.0,True,4.14169289941754,3.7248506527149634,240.8665435521325,240.8665435521325
Brussels,Madrid,BRU,MAD,1313.0,145.0,302.62,157.62,50.8467,4.3525,40.4169,-3.7033,,,,,,,,302.62
Brussels,Marseille,BRU,MRS,830.0,100.0,266.32,166.32,50.8467,4.3525,43.2964,5.37,Bruxelles Midi,Marseille-St-Charles,341.0,True,4.14169289941754,3.0494630085437278,358.1911559079613,266.32
Brussels,Milan,BRU,LIN,701.0,85.0,231.64,146.64,50.8467,4.3525,45.4669,9.19,Bruxelles Midi,Milano Porta Garibaldi,538.0,False,4.14169289941754,4.707315782392735,556.8490086818102,231.64
Brussels,Munich,BRU,MUC,598.0,75.0,254.33,179.33,50.8467,4.3525,48.1375,11.575,Bruxelles Midi,München Hbf,375.0,False,4.14169289941754,3.0560823139438047,392.19777521336135,254.33
Brussels,Málaga,BRU,AGP,1734.0,175.0,323.04,148.04000000000002,50.8467,4.3525,36.7194,-4.42,,,,,,,,323.04
Brussels,Naples,BRU,NAP,1345.0,140.0,286.42,146.42000000000002,50.8467,4.3525,40.8333,14.25,,,,,,,,286.42
Brussels,Nuremberg,,,,,,,,,,,Bruxelles Midi,Nürnberg Hbf,333.0,True,4.14169289941754,2.407122595922898,349.5488154953404,349.5488154953404
Brussels,Paris,BRU,CDG,251.0,60.0,230.09,170.09,50.8467,4.3525,48.8567,2.3522,,,,,,,,230.09
Brussels,Poznań,CRL,POZ,886.0,100.0,296.22,196.22000000000003,50.8467,4.3525,52.4083,16.9336,Bruxelles Midi,Poznan Glowny,608.0,False,4.14169289941754,4.065435329407926,626.2071282288255,296.22
Brussels,Prague,BRU,PRG,699.0,85.0,238.01,153.01,50.8467,4.3525,50.0875,14.4214,Bruxelles Midi,Praha hl.n.,656.0,False,4.14169289941754,2.772415453338628,672.9141083527562,238.01
Brussels,Riga,BRU,RIX,1439.0,143.0,291.52,148.51999999999998,50.8467,4.3525,56.9489,24.1064,,,,,,,,291.52
Brussels,Rome,BRU,FCO,1173.0,125.0,294.41,169.41000000000003,50.8467,4.3525,41.8933,12.4828,Bruxelles Midi,Roma Tiburtina,778.0,True,4.14169289941754,10.76586299605856,802.9075558954761,294.41
Brussels,Rotterdam,,,,,,,,,,,Bruxelles Midi,Rotterdam Centraal,69.0,False,4.14169289941754,2.249226316777232,85.39091921619476,85.39091921619476
Brussels,Sevilla,BRU,SVQ,1708.0,160.0,309.31,149.31,50.8467,4.3525,37.39,-5.99,,,,,,,,309.31
Brussels,Sofia,BRU,SOF,1701.0,150.0,296.7,146.7,50.8467,4.3525,42.7,23.33,,,,,,,,296.7
Brussels,Stockholm,BRU,ARN,1291.0,130.0,320.87,190.87,50.8467,4.3525,59.3294,18.0686,Bruxelles Midi,Stockholm Central,1171.0,False,4.14169289941754,1.5022922376589065,1186.6439851370765,320.87
Brussels,Stuttgart,,,,,,,,,,,Bruxelles Midi,Stuttgart Hbf,248.0,False,4.14169289941754,2.002376007570269,264.1440689069878,264.1440689069878
Brussels,Tallinn,BRU,TLL,1594.0,145.0,286.85,141.85000000000002,50.8467,4.3525,59.4372,24.7453,,,,,,,,286.85
Brussels,Tilburg,,,,,,,,,,,Bruxelles Midi,Tilburg,110.0,False,4.14169289941754,2.8326204398011785,126.97431333921871,126.97431333921871
Brussels,Toulouse,BRU,TLS,841.0,100.0,245.6,145.6,50.8467,4.3525,43.6045,1.444,Bruxelles Midi,Toulouse-Matabiau,435.0,False,4.14169289941754,2.6617812245934145,451.80347412401096,245.6
Brussels,Turin,CRL,TRN,632.0,90.0,294.64,204.64,50.8467,4.3525,45.0792,7.6761,Bruxelles Midi,Torino Porta Susa,453.0,False,4.14169289941754,2.8476007865249664,469.9892936859425,294.64
Brussels,Valencia,BRU,VLC,1325.0,135.0,284.18,149.18,50.8467,4.3525,39.47,-0.3764,,,,,,,,284.18
Brussels,Vienna,BRU,VIE,926.0,105.0,267.05,162.05,50.8467,4.3525,48.2083,16.3725,Bruxelles Midi,Wien Hbf,622.0,False,4.14169289941754,6.245212775155993,642.3869056745735,267.05
Brussels,Vilnius,BRU,VNO,1457.0,140.0,283.52,143.51999999999998,50.8467,4.3525,54.6872,25.28,,,,,,,,283.52
Brussels,Warsaw,BRU,WAW,1150.0,120.0,266.75,146.75,50.8467,4.3525,52.23,21.0111,Bruxelles Midi,Warszawa Centralna,755.0,False,4.14169289941754,1.3212540896707794,770.4629469890883,266.75
Brussels,Wrocław,,,,,,,,,,,Bruxelles Midi,Wroclaw Glowny,683.0,False,4.14169289941754,3.2731677390709937,700.4148606384886,700.4148606384886
Brussels,Zagreb,BRU,ZAG,1031.0,125.0,277.69,152.69,50.8467,4.3525,45.8131,15.9775,Bruxelles Midi,Zagreb Glavni kolodvor,1088.0,False,4.14169289941754,2.3224288673449607,1104.4641217667627,277.69
Brussels,Zaragoza,CRL,ZAZ,1064.0,120.0,321.16,201.16000000000003,50.8467,4.3525,41.65,-0.8833,,,,,,,,321.16
Bucharest,Amsterdam,OTP,AMS,1786.0,180.0,340.35,160.35000000000002,44.4325,26.1039,52.3728,4.8936,,,,,,,,340.35
Bucharest,Athens,OTP,ATH,758.0,100.0,273.15,173.14999999999998,44.4325,26.1039,37.9842,23.7281,,,,,,,,273.15
Bucharest,Barcelona,OTP,BCN,1984.0,200.0,361.7,161.7,44.4325,26.1039,41.3828,2.1769,,,,,,,,361.7
Bucharest,Berlin,OTP,BER,1267.0,135.0,305.81,170.81,44.4325,26.1039,52.52,13.405,,,,,,,,305.81
Bucharest,Brussels,OTP,BRU,1757.0,170.0,329.51,159.51,44.4325,26.1039,50.8467,4.3525,,,,,,,,329.51
Bucharest,Budapest,OTP,BUD,616.0,110.0,279.04,169.04000000000002,44.4325,26.1039,47.4925,19.0514,,,,,,,,279.04
Bucharest,Copenhagen,OTP,CPH,1555.0,175.0,329.17,154.17000000000002,44.4325,26.1039,55.6761,12.5683,,,,,,,,329.17
Bucharest,Dortmund,OTP,DTM,1572.0,165.0,323.69,158.69,44.4325,26.1039,51.5139,7.4653,,,,,,,,323.69
Bucharest,Düsseldorf,OTP,DUS,1617.0,160.0,311.08,151.07999999999998,44.4325,26.1039,51.2333,6.7833,,,,,,,,311.08
Bucharest,Frankfurt,OTP,FRA,1452.0,160.0,318.86,158.86,44.4325,26.1039,50.1106,8.6822,,,,,,,,318.86
Bucharest,Genoa,OTP,GOA,1367.0,145.0,298.14,153.14,44.4325,26.1039,44.4111,8.9328,,,,,,,,298.14
Bucharest,Hamburg,OTP,HAM,1540.0,160.0,316.92,156.92000000000002,44.4325,26.1039,53.55,10.0,,,,,,,,316.92
Bucharest,Leipzig,OTP,LEJ,1280.0,140.0,304.22,164.22000000000003,44.4325,26.1039,51.34,12.375,,,,,,,,304.22
Bucharest,Lisbon,OTP,LIS,2977.0,285.0,436.33,151.32999999999998,44.4325,26.1039,38.7253,-9.15,,,,,,,,436.33
Bucharest,Luxembourg,OTP,LUX,1603.0,160.0,312.34,152.33999999999997,44.4325,26.1039,49.6117,6.1319,,,,,,,,312.34
Bucharest,Lyon,OTP,LYS,1651.0,175.0,347.05,172.05,44.4325,26.1039,45.76,4.84,,,,,,,,347.05
Bucharest,Madrid,BBU,MAD,2463.0,250.0,402.38,152.38,44.4325,26.1039,40.4169,-3.7033,,,,,,,,402.38
Bucharest,Marseille,OTP,MRS,1672.0,180.0,353.5,173.5,44.4325,26.1039,43.2964,5.37,,,,,,,,353.5
Bucharest,Milan,OTP,MXP,1369.0,150.0,355.23,205.23000000000002,44.4325,26.1039,45.4669,9.19,,,,,,,,355.23
Bucharest,Munich,OTP,MUC,1173.0,125.0,311.51,186.51,44.4325,26.1039,48.1375,11.575,,,,,,,,311.51
Bucharest,Málaga,BBU,AGP,2711.0,255.0,397.8,142.8,44.4325,26.1039,36.7194,-4.42,,,,,,,,397.8
Bucharest,Naples,OTP,NAP,1047.0,120.0,273.6,153.60000000000002,44.4325,26.1039,40.8333,14.25,,,,,,,,273.6
Bucharest,Nuremberg,OTP,NUE,1261.0,140.0,290.06,150.06,44.4325,26.1039,49.4539,11.0775,,,,,,,,290.06
Bucharest,Paris,OTP,CDG,1853.0,195.0,372.27,177.26999999999998,44.4325,26.1039,48.8567,2.3522,,,,,,,,372.27
Bucharest,Prague,OTP,PRG,1082.0,115.0,275.2,160.2,44.4325,26.1039,50.0875,14.4214,,,,,,,,275.2
Bucharest,Riga,OTP,RIX,1381.0,150.0,305.7,155.7,44.4325,26.1039,56.9489,24.1064,,,,,,,,305.7
Bucharest,Rome,OTP,CIA,1137.0,125.0,289.03,164.02999999999997,44.4325,26.1039,41.8933,12.4828,,,,,,,,289.03
Bucharest,Sevilla,BBU,SVQ,2784.0,260.0,404.08,144.07999999999998,44.4325,26.1039,37.39,-5.99,,,,,,,,404.08
Bucharest,Sofia,OTP,SOF,299.0,75.0,228.88,153.88,44.4325,26.1039,42.7,23.33,,,,,,,,228.88
Bucharest,Stockholm,OTP,ARN,1765.0,175.0,373.06,198.06,44.4325,26.1039,59.3294,18.0686,,,,,,,,373.06
Bucharest,Stuttgart,OTP,STR,1368.0,140.0,297.9,157.89999999999998,44.4325,26.1039,48.7775,9.18,,,,,,,,297.9
Bucharest,Tilburg,OTP,EIN,1714.0,180.0,358.86,178.86,44.4325,26.1039,51.55,5.0833,,,,,,,,358.86
Bucharest,Turin,OTP,TRN,1454.0,160.0,322.47,162.47000000000003,44.4325,26.1039,45.0792,7.6761,,,,,,,,322.47
Bucharest,Valencia,OTP,VLC,2258.0,230.0,386.36,156.36,44.4325,26.1039,39.47,-0.3764,,,,,,,,386.36
Bucharest,Vienna,OTP,VIE,830.0,100.0,269.23,169.23000000000002,44.4325,26.1039,48.2083,16.3725,,,,,,,,269.23
Bucharest,Warsaw,OTP,WAW,925.0,110.0,263.93,153.93,44.4325,26.1039,52.23,21.0111,,,,,,,,263.93
Bucharest,Zaragoza,OTP,ZAZ,2217.0,220.0,378.99,158.99,44.4325,26.1039,41.65,-0.8833,,,,,,,,378.99
Budapest,Amsterdam,BUD,AMS,1171.0,125.0,287.7,162.7,47.4925,19.0514,52.3728,4.8936,Budapest-Nyugati,Amsterdam Centraal,1059.0,False,4.980157462200125,1.9520337879727412,1075.932191250173,287.7
Budapest,Antwerp,,,,,,,,,,,Budapest-Nyugati,Antwerpen Centraal,943.0,False,4.980157462200125,3.5284359653773953,961.5085934275776,961.5085934275776
Budapest,Athens,BUD,ATH,1122.0,120.0,295.5,175.5,47.4925,19.0514,37.9842,23.7281,,,,,,,,295.5
Budapest,Barcelona,BUD,BCN,1525.0,155.0,319.05,164.05,47.4925,19.0514,41.3828,2.1769,Budapest-Nyugati,Barcelona Sants,1393.0,False,4.980157462200125,7.388093774297752,1415.3682512364978,319.05
Budapest,Berlin,BUD,BER,686.0,90.0,263.16,173.16000000000003,47.4925,19.0514,52.52,13.405,Budapest-Nyugati,Berlin Hbf,659.0,False,4.980157462200125,5.947266480604848,679.927423942805,263.16
Budapest,Bordeaux,,,,,,,,,,,Budapest-Nyugati,Bordeaux-St-Jean,1200.0,False,4.980157462200125,5.811588377462907,1220.791745839663,1220.791745839663
Budapest,Bratislava,,,,,,,,,,,Budapest-Nyugati,Bratislava hl.st.,145.0,False,4.980157462200125,4.046858342350235,164.02701580455036,164.02701580455036
Budapest,Bremen,,,,,,,,,,,Budapest-Nyugati,Bremen Hbf,760.0,False,4.980157462200125,2.309271364404068,777.2894288266042,777.2894288266042
Budapest,Brussels,BUD,BRU,1142.0,130.0,291.86,161.86,47.4925,19.0514,50.8467,4.3525,Budapest-Nyugati,Bruxelles Midi,865.0,False,4.980157462200125,4.14169289941754,884.1218503616177,291.86
Budapest,Bucharest,BUD,OTP,616.0,105.0,274.04,169.04000000000002,47.4925,19.0514,44.4325,26.1039,,,,,,,,274.04
Budapest,Cologne,BUD,CGN,963.0,110.0,275.98,165.98000000000002,47.4925,19.0514,50.9364,6.9528,,,,,,,,275.98
Budapest,Copenhagen,BUD,CPH,1019.0,120.0,276.53,156.52999999999997,47.4925,19.0514,55.6761,12.5683,Budapest-Nyugati,Koebenhavns Lufthavn st,1217.0,False,4.980157462200125,17.4069941581493,1249.3871516203494,276.53
Budapest,Dortmund,BUD,DTM,956.0,120.0,281.04,161.04000000000002,47.4925,19.0514,51.5139,7.4653,Budapest-Nyugati,Dortmund Hbf,806.0,False,4.980157462200125,1.460615015563283,822.4407724777634,281.04
Budapest,Dresden,,,,,,,,,,,Budapest-Nyugati,Dresden Hbf,560.0,False,4.980157462200125,2.8510360388781235,577.8311935010782,577.8311935010782
Budapest,Duisburg,,,,,,,,,,,Budapest-Nyugati,Duisburg Hbf,759.0,False,4.980157462200125,2.5870950877797454,776.5672525499799,776.5672525499799
Budapest,Düsseldorf,BUD,DUS,1001.0,110.0,263.43,153.43,47.4925,19.0514,51.2333,6.7833,Budapest-Nyugati,Düsseldorf Hbf,746.0,False,4.980157462200125,4.00763955017613,764.9877970123763,263.43
Budapest,Essen,,,,,,,,,,,Budapest-Nyugati,Essen Hbf,795.0,False,4.980157462200125,0.31813865528361085,810.2982961174838,810.2982961174838
Budapest,Frankfurt,BUD,FRA,837.0,105.0,266.21,161.20999999999998,47.4925,19.0514,50.1106,8.6822,Budapest-Nyugati,Frankfurt(Main)Hbf,627.0,False,4.980157462200125,3.4764728210122846,645.4566302832125,266.21
Budapest,Genoa,,,,,,,,,,,Budapest-Nyugati,Genova Piazza Principe,1081.0,False,4.980157462200125,2.6646692679586454,1098.644826730159,1098.644826730159
Budapest,Gothenburg,BUD,GOT,1231.0,130.0,305.67,175.67000000000002,47.4925,19.0514,57.7075,11.9675,,,,,,,,305.67
Budapest,Hamburg,BUD,HAM,950.0,105.0,264.27,159.26999999999998,47.4925,19.0514,53.55,10.0,Budapest-Nyugati,Hamburg Hbf,767.0,False,4.980157462200125,1.316441566346405,783.2965990285466,264.27
Budapest,Hannover,,,,,,,,,,,Budapest-Nyugati,Hannover Hbf,682.0,False,4.980157462200125,4.786629448184535,701.7667869103847,701.7667869103847
Budapest,Helsinki,BUD,HEL,1481.0,140.0,310.36,170.36,47.4925,19.0514,60.1708,24.9375,,,,,,,,310.36
Budapest,Kraków,,,,,,,,,,,Budapest-Nyugati,Krakow Glowny,480.0,False,4.980157462200125,2.336597225946072,497.3167546881462,497.3167546881462
Budapest,Lisbon,BUD,LIS,2485.0,240.0,393.68,153.68,47.4925,19.0514,38.7253,-9.15,,,,,,,,393.68
Budapest,Ljubljana,,,,,,,,,,,Budapest-Nyugati,Ljubljana,539.0,False,4.980157462200125,2.321449509647903,556.3016069718481,556.3016069718481
Budapest,Luxembourg,BUD,LUX,993.0,125.0,279.69,154.69,47.4925,19.0514,49.6117,6.1319,Budapest-Nyugati,Luxembourg,880.0,False,4.980157462200125,3.2276729444989756,898.2078304066991,279.69
Budapest,Lyon,BUD,LYS,1101.0,125.0,299.4,174.39999999999998,47.4925,19.0514,45.76,4.84,Budapest-Nyugati,Lyon Part Dieu,1186.0,False,4.980157462200125,3.7248506527149634,1204.7050081149152,299.4
Budapest,Madrid,BUD,MAD,1978.0,200.0,367.15,167.14999999999998,47.4925,19.0514,40.4169,-3.7033,,,,,,,,367.15
Budapest,Marseille,BUD,MRS,1182.0,135.0,310.85,175.85000000000002,47.4925,19.0514,43.2964,5.37,Budapest-Nyugati,Marseille-St-Charles,1146.0,False,4.980157462200125,3.0494630085437278,1164.0296204707438,310.85
Budapest,Milan,BUD,BGY,758.0,95.0,308.69,213.69,47.4925,19.0514,45.4669,9.19,,,,,,,,308.69
Budapest,Munich,BUD,MUC,567.0,80.0,268.86,188.86,47.4925,19.0514,48.1375,11.575,Budapest-Nyugati,München Hbf,451.0,False,4.980157462200125,3.0560823139438047,469.03623977614393,268.86
Budapest,Málaga,BUD,AGP,2286.0,220.0,377.57,157.57,47.4925,19.0514,36.7194,-4.42,,,,,,,,377.57
Budapest,Naples,BUD,NAP,828.0,105.0,260.95,155.95,47.4925,19.0514,40.8333,14.25,,,,,,,,260.95
Budapest,Nuremberg,BUD,NUE,646.0,90.0,242.41,152.41,47.4925,19.0514,49.4539,11.0775,Budapest-Nyugati,Nürnberg Hbf,499.0,False,4.980157462200125,2.407122595922898,516.3872800581231,242.41
Budapest,Paris,BUD,ORY,1264.0,145.0,312.13,167.13,47.4925,19.0514,48.8567,2.3522,,,,,,,,312.13
Budapest,Poznań,,,,,,,,,,,Budapest-Nyugati,Poznan Glowny,555.0,False,4.980157462200125,4.065435329407926,574.0455927916081,574.0455927916081
Budapest,Prague,BUD,PRG,472.0,75.0,237.55,162.55,47.4925,19.0514,50.0875,14.4214,Budapest-Nyugati,Praha hl.n.,413.0,False,4.980157462200125,2.772415453338628,430.75257291553874,237.55
Budapest,Riga,BUD,RIX,1103.0,120.0,278.05,158.05,47.4925,19.0514,56.9489,24.1064,,,,,,,,278.05
Budapest,Rome,BUD,CIA,819.0,100.0,266.38,166.38,47.4925,19.0514,41.8933,12.4828,Budapest-Nyugati,Roma Tiburtina,971.0,False,4.980157462200125,10.76586299605856,996.7460204582587,266.38
Budapest,Rotterdam,,,,,,,,,,,Budapest-Nyugati,Rotterdam Centraal,1084.0,False,4.980157462200125,2.249226316777232,1101.2293837789773,1101.2293837789773
Budapest,Sevilla,BUD,SVQ,2335.0,220.0,378.85,158.85000000000002,47.4925,19.0514,37.39,-5.99,,,,,,,,378.85
Budapest,Sofia,BUD,SOF,620.0,85.0,241.23,156.23,47.4925,19.0514,42.7,23.33,,,,,,,,241.23
Budapest,Stockholm,BUD,ARN,1362.0,138.0,338.41,200.41000000000003,47.4925,19.0514,59.3294,18.0686,Budapest-Nyugati,Stockholm Central,1546.0,False,4.980157462200125,1.5022922376589065,1562.482449699859,338.41
Budapest,Stuttgart,BUD,STR,762.0,95.0,255.25,160.25,47.4925,19.0514,48.7775,9.18,Budapest-Nyugati,Stuttgart Hbf,609.0,False,4.980157462200125,2.002376007570269,625.9825334697705,255.25
Budapest,Tilburg,BUD,EIN,1098.0,135.0,316.21,181.20999999999998,47.4925,19.0514,51.55,5.0833,Budapest-Nyugati,Tilburg,1046.0,False,4.980157462200125,2.8326204398011785,1063.8127779020012,316.21
Budapest,Toulouse,BUD,TLS,1455.0,150.0,305.13,155.13,47.4925,19.0514,43.6045,1.444,Budapest-Nyugati,Toulouse-Matabiau,1358.0,False,4.980157462200125,2.6617812245934145,1375.6419386867935,305.13
Budapest,Turin,,,,,,,,,,,Budapest-Nyugati,Torino Porta Susa,1045.0,False,4.980157462200125,2.8476007865249664,1062.827758248725,1062.827758248725
Budapest,Valencia,BUD,VLC,1817.0,180.0,338.71,158.70999999999998,47.4925,19.0514,39.47,-0.3764,,,,,,,,338.71
Budapest,Vienna,BUD,VIE,216.0,50.0,221.58,171.58,47.4925,19.0514,48.2083,16.3725,Budapest-Nyugati,Wien Hbf,190.0,False,4.980157462200125,6.245212775155993,211.22537023735612,211.22537023735612
Budapest,Warsaw,BUD,WAW,541.0,75.0,231.28,156.28,47.4925,19.0514,52.23,21.0111,Budapest-Nyugati,Warszawa Centralna,634.0,False,4.980157462200125,1.3212540896707794,650.301411551871,231.28
Budapest,Wrocław,,,,,,,,,,,Budapest-Nyugati,Wroclaw Glowny,476.0,False,4.980157462200125,3.2731677390709937,494.2533252012711,494.2533252012711
Budapest,Zagreb,,,,,,,,,,,Budapest-Nyugati,Zagreb Glavni kolodvor,418.0,False,4.980157462200125,2.3224288673449607,435.3025863295451,435.3025863295451
Cologne,Amsterdam,,,,,,,,,,,Köln Messe/Deutz,Amsterdam Centraal,172.0,False,3.9197525107529603,1.9520337879727412,187.8717862987257,187.8717862987257
Cologne,Antwerp,,,,,,,,,,,Köln Messe/Deutz,Antwerpen Centraal,155.0,False,3.9197525107529603,3.5284359653773953,172.44818847613035,172.44818847613035
Cologne,Athens,CGN,ATH,1956.0,175.0,345.09,170.08999999999997,50.9364,6.9528,37.9842,23.7281,,,,,,,,345.09
Cologne,Barcelona,CGN,BCN,1132.0,130.0,288.63,158.63,50.9364,6.9528,41.3828,2.1769,Köln Messe/Deutz,Barcelona Sants,712.0,False,3.9197525107529603,7.388093774297752,733.3078462850507,288.63
Cologne,Berlin,CGN,BER,471.0,70.0,237.74,167.74,50.9364,6.9528,52.52,13.405,Köln Messe/Deutz,Berlin Hbf,261.0,False,3.9197525107529603,5.947266480604848,280.86701899135784,237.74
Cologne,Bordeaux,,,,,,,,,,,Köln Messe/Deutz,Bordeaux-St-Jean,407.0,True,3.9197525107529603,5.811588377462907,426.73134088821587,426.73134088821587
Cologne,Bremen,,,,,,,,,,,Köln Messe/Deutz,Bremen Hbf,193.0,False,3.9197525107529603,2.309271364404068,209.22902387515703,209.22902387515703
Cologne,Brussels,,,,,,,,,,,Köln Messe/Deutz,Bruxelles Midi,124.0,False,3.9197525107529603,4.14169289941754,142.0614454101705,142.0614454101705
Cologne,Budapest,CGN,BUD,963.0,100.0,265.98,165.98000000000002,50.9364,6.9528,47.4925,19.0514,,,,,,,,265.98
Cologne,Copenhagen,CGN,CPH,644.0,85.0,236.11,151.11,50.9364,6.9528,55.6761,12.5683,,,,,,,,236.11
Cologne,Dortmund,,,,,,,,,,,Köln Messe/Deutz,Dortmund Hbf,80.0,False,3.9197525107529603,1.460615015563283,95.38036752631623,95.38036752631623
Cologne,Hamburg,CGN,HAM,364.0,60.0,213.85,153.85,50.9364,6.9528,53.55,10.0,,,,,,,,213.85
Cologne,Hannover,,,,,,,,,,,Köln Messe/Deutz,Hannover Hbf,165.0,False,3.9197525107529603,4.786629448184535,183.7063819589375,183.7063819589375
Cologne,Kraków,,,,,,,,,,,Köln Messe/Deutz,Krakow Glowny,697.0,False,3.9197525107529603,2.336597225946072,713.256349736699,713.256349736699
Cologne,Lisbon,CGN,LIS,1852.0,190.0,338.26,148.26,50.9364,6.9528,38.7253,-9.15,,,,,,,,338.26
Cologne,Luxembourg,,,,,,,,,,,Köln Messe/Deutz,Luxembourg,222.0,False,3.9197525107529603,3.2276729444989756,239.14742545525195,239.14742545525195
Cologne,Lyon,,,,,,,,,,,Köln Messe/Deutz,Lyon Part Dieu,389.0,False,3.9197525107529603,3.7248506527149634,406.64460316346793,406.64460316346793
Cologne,Marseille,,,,,,,,,,,Köln Messe/Deutz,Marseille-St-Charles,510.0,False,3.9197525107529603,3.0494630085437278,526.9692155192967,526.9692155192967
Cologne,Milan,CGN,MXP,595.0,85.0,287.16,202.16000000000003,50.9364,6.9528,45.4669,9.19,,,,,,,,287.16
Cologne,Munich,CGN,MUC,438.0,65.0,248.44,183.44,50.9364,6.9528,48.1375,11.575,,,,,,,,248.44
Cologne,Málaga,CGN,AGP,1829.0,180.0,332.16,152.16000000000003,50.9364,6.9528,36.7194,-4.42,,,,,,,,332.16
Cologne,Naples,CGN,NAP,1240.0,125.0,275.54,150.54000000000002,50.9364,6.9528,40.8333,14.25,,,,,,,,275.54
Cologne,Poznań,,,,,,,,,,,Köln Messe/Deutz,Poznan Glowny,478.0,False,3.9197525107529603,4.065435329407926,495.9851878401609,495.9851878401609
Cologne,Prague,CGN,PRG,513.0,70.0,227.13,157.13,50.9364,6.9528,50.0875,14.4214,,,,,,,,227.13
Cologne,Riga,CGN,RIX,1291.0,130.0,282.64,152.64,50.9364,6.9528,56.9489,24.1064,,,,,,,,282.64
Cologne,Rome,CGN,FCO,1083.0,120.0,293.52,173.51999999999998,50.9364,6.9528,41.8933,12.4828,,,,,,,,293.52
Cologne,Rotterdam,,,,,,,,,,,Köln Messe/Deutz,Rotterdam Centraal,183.0,False,3.9197525107529603,2.249226316777232,199.1689788275302,199.1689788275302
Cologne,Sevilla,CGN,SVQ,1816.0,175.0,328.43,153.43,50.9364,6.9528,37.39,-5.99,,,,,,,,328.43
Cologne,Sofia,CGN,SOF,1536.0,145.0,295.81,150.81,50.9364,6.9528,42.7,23.33,,,,,,,,295.81
Cologne,Stockholm,CGN,ARN,1190.0,123.0,317.99,194.99,50.9364,6.9528,59.3294,18.0686,Köln Messe/Deutz,Stockholm Central,930.0,False,3.9197525107529603,1.5022922376589065,945.4220447484118,317.99
Cologne,Tilburg,,,,,,,,,,,Köln Messe/Deutz,Tilburg,166.0,False,3.9197525107529603,2.8326204398011785,182.75237295055416,182.75237295055416
Cologne,Toulouse,,,,,,,,,,,Köln Messe/Deutz,Toulouse-Matabiau,561.0,False,3.9197525107529603,2.6617812245934145,577.5815337353463,577.5815337353463
Cologne,Valencia,CGN,VLC,1397.0,150.0,303.29,153.29000000000002,50.9364,6.9528,39.47,-0.3764,,,,,,,,303.29
Cologne,Vienna,CGN,VIE,748.0,90.0,256.17,166.17000000000002,50.9364,6.9528,48.2083,16.3725,,,,,,,,256.17
Cologne,Warsaw,,,,,,,,,,,Köln Messe/Deutz,Warszawa Centralna,623.0,False,3.9197525107529603,1.3212540896707794,638.2410066004237,638.2410066004237
Cologne,Zagreb,CGN,ZAG,874.0,95.0,251.8,156.8,50.9364,6.9528,45.8131,15.9775,Köln Messe/Deutz,Zagreb Glavni kolodvor,849.0,False,3.9197525107529603,2.3224288673449607,865.2421813780978,251.8
Copenhagen,Amsterdam,CPH,AMS,635.0,85.0,232.83,147.83,55.6761,12.5683,52.3728,4.8936,Koebenhavns Lufthavn st,Amsterdam Centraal,719.0,False,17.4069941581493,1.9520337879727412,748.359027946122,232.83
Copenhagen,Antwerp,,,,,,,,,,,Koebenhavns Lufthavn st,Antwerpen Centraal,814.0,False,17.4069941581493,3.5284359653773953,844.9354301235267,844.9354301235267
Copenhagen,Athens,CPH,ATH,2141.0,190.0,350.64,160.64,55.6761,12.5683,37.9842,23.7281,,,,,,,,350.64
Copenhagen,Barcelona,CPH,BCN,1769.0,180.0,329.18,149.18,55.6761,12.5683,41.3828,2.1769,Koebenhavns Lufthavn st,Barcelona Sants,1839.0,False,17.4069941581493,7.388093774297752,1873.795087932447,329.18
Copenhagen,Berlin,CPH,BER,367.0,65.0,223.29,158.29,55.6761,12.5683,52.52,13.405,Koebenhavns Lufthavn st,Berlin Hbf,531.0,False,17.4069941581493,5.947266480604848,564.3542606387541,223.29
Copenhagen,Bordeaux,CPH,BOD,1527.0,160.0,305.36,145.36,55.6761,12.5683,44.84,-0.58,Koebenhavns Lufthavn st,Bordeaux-St-Jean,1042.0,True,17.4069941581493,5.811588377462907,1075.218582535612,305.36
Copenhagen,Bratislava,,,,,,,,,,,Koebenhavns Lufthavn st,Bratislava hl.st.,978.0,False,17.4069941581493,4.046858342350235,1009.4538525004995,1009.4538525004995
Copenhagen,Bremen,,,,,,,,,,,Koebenhavns Lufthavn st,Bremen Hbf,431.0,False,17.4069941581493,2.309271364404068,460.7162655225534,460.7162655225534
Copenhagen,Brussels,CPH,BRU,756.0,90.0,236.99,146.99,55.6761,12.5683,50.8467,4.3525,Koebenhavns Lufthavn st,Bruxelles Midi,823.0,False,17.4069941581493,4.14169289941754,854.5486870575668,236.99
Copenhagen,Bucharest,CPH,OTP,1555.0,155.0,309.17,154.17000000000002,55.6761,12.5683,44.4325,26.1039,,,,,,,,309.17
Copenhagen,Budapest,CPH,BUD,1019.0,110.0,266.53,156.52999999999997,55.6761,12.5683,47.4925,19.0514,Koebenhavns Lufthavn st,Budapest-Nyugati,1137.0,False,17.4069941581493,4.980157462200125,1169.3871516203494,266.53
Copenhagen,Cologne,CPH,CGN,644.0,90.0,241.11,151.11,55.6761,12.5683,50.9364,6.9528,Koebenhavns Lufthavn st,Köln Messe/Deutz,622.0,False,17.4069941581493,3.9197525107529603,653.3267466689022,241.11
Copenhagen,Dortmund,,,,,,,,,,,Koebenhavns Lufthavn st,Dortmund Hbf,542.0,False,17.4069941581493,1.460615015563283,570.8676091737125,570.8676091737125
Copenhagen,Dresden,,,,,,,,,,,Koebenhavns Lufthavn st,Dresden Hbf,675.0,False,17.4069941581493,2.8510360388781235,705.2580301970273,705.2580301970273
Copenhagen,Duisburg,,,,,,,,,,,Koebenhavns Lufthavn st,Duisburg Hbf,577.0,False,17.4069941581493,2.5870950877797454,606.994089245929,606.994089245929
Copenhagen,Düsseldorf,CPH,DUS,621.0,80.0,218.56,138.56,55.6761,12.5683,51.2333,6.7833,Koebenhavns Lufthavn st,Düsseldorf Hbf,591.0,False,17.4069941581493,4.00763955017613,622.4146337083254,218.56
Copenhagen,Essen,,,,,,,,,,,Koebenhavns Lufthavn st,Essen Hbf,564.0,False,17.4069941581493,0.31813865528361085,591.7251328134329,591.7251328134329
Copenhagen,Frankfurt,CPH,FRA,678.0,95.0,241.34,146.34,55.6761,12.5683,50.1106,8.6822,Koebenhavns Lufthavn st,Frankfurt(Main)Hbf,584.0,False,17.4069941581493,3.4764728210122846,614.8834669791615,241.34
Copenhagen,Genoa,CPH,GOA,1276.0,130.0,270.62,140.62,55.6761,12.5683,44.4111,8.9328,Koebenhavns Lufthavn st,Genova Piazza Principe,1192.0,False,17.4069941581493,2.6646692679586454,1222.071663426108,270.62
Copenhagen,Gothenburg,CPH,GOT,227.0,50.0,210.8,160.8,55.6761,12.5683,57.7075,11.9675,,,,,,,,210.8
Copenhagen,Hamburg,CPH,HAM,280.0,60.0,204.4,144.4,55.6761,12.5683,53.55,10.0,Koebenhavns Lufthavn st,Hamburg Hbf,338.0,False,17.4069941581493,1.316441566346405,366.7234357244957,204.4
Copenhagen,Hannover,CPH,HAJ,402.0,75.0,221.43,146.43,55.6761,12.5683,52.3667,9.7167,Koebenhavns Lufthavn st,Hannover Hbf,438.0,False,17.4069941581493,4.786629448184535,470.19362360633386,221.43
Copenhagen,Helsinki,CPH,HEL,894.0,95.0,250.49,155.49,55.6761,12.5683,60.1708,24.9375,,,,,,,,250.49
Copenhagen,Kraków,CPH,KRK,782.0,90.0,236.37,146.37,55.6761,12.5683,50.0614,19.9372,Koebenhavns Lufthavn st,Krakow Glowny,1096.0,False,17.4069941581493,2.336597225946072,1125.7435913840952,236.37
Copenhagen,Leipzig,,,,,,,,,,,Koebenhavns Lufthavn st,Leipzig Hbf,602.0,False,17.4069941581493,1.875769965295063,631.2827641234443,631.2827641234443
Copenhagen,Lisbon,CPH,LIS,2475.0,235.0,373.81,138.81,55.6761,12.5683,38.7253,-9.15,,,,,,,,373.81
Copenhagen,Ljubljana,CPH,LJU,1053.0,110.0,271.37,161.37,55.6761,12.5683,46.0514,14.5061,Koebenhavns Lufthavn st,Ljubljana,1097.0,False,17.4069941581493,2.321449509647903,1126.7284436677971,271.37
Copenhagen,Luxembourg,CPH,LUX,796.0,110.0,249.82,139.82,55.6761,12.5683,49.6117,6.1319,Koebenhavns Lufthavn st,Luxembourg,860.0,False,17.4069941581493,3.2276729444989756,890.6346671026482,249.82
Copenhagen,Lyon,CPH,LYS,1223.0,135.0,294.54,159.54000000000002,55.6761,12.5683,45.76,4.84,Koebenhavns Lufthavn st,Lyon Part Dieu,1024.0,False,17.4069941581493,3.7248506527149634,1055.1318448108643,294.54
Copenhagen,Madrid,CPH,MAD,2061.0,190.0,342.28,152.27999999999997,55.6761,12.5683,40.4169,-3.7033,,,,,,,,342.28
Copenhagen,Marseille,CPH,MRS,1456.0,155.0,315.99,160.99,55.6761,12.5683,43.2964,5.37,Koebenhavns Lufthavn st,Marseille-St-Charles,1117.0,False,17.4069941581493,3.0494630085437278,1147.4564571666929,315.99
Copenhagen,Milan,CPH,MXP,1146.0,125.0,317.71,192.70999999999998,55.6761,12.5683,45.4669,9.19,Koebenhavns Lufthavn st,Milano Porta Garibaldi,1109.0,False,17.4069941581493,4.707315782392735,1141.114309940542,317.71
Copenhagen,Munich,CPH,MUC,811.0,95.0,268.99,173.99,55.6761,12.5683,48.1375,11.575,Koebenhavns Lufthavn st,München Hbf,710.0,False,17.4069941581493,3.0560823139438047,740.463076472093,268.99
Copenhagen,Málaga,CPH,AGP,2473.0,230.0,372.71,142.70999999999998,55.6761,12.5683,36.7194,-4.42,,,,,,,,372.71
Copenhagen,Naples,CPH,NAP,1643.0,160.0,301.09,141.08999999999997,55.6761,12.5683,40.8333,14.25,,,,,,,,301.09
Copenhagen,Nuremberg,,,,,,,,,,,Koebenhavns Lufthavn st,Nürnberg Hbf,655.0,False,17.4069941581493,2.407122595922898,684.8141167540722,684.8141167540722
Copenhagen,Paris,CPH,ORY,1039.0,130.0,282.26,152.26,55.6761,12.5683,48.8567,2.3522,,,,,,,,282.26
Copenhagen,Poznań,CPH,POZ,450.0,70.0,211.53,141.53,55.6761,12.5683,52.4083,16.9336,Koebenhavns Lufthavn st,Poznan Glowny,723.0,False,17.4069941581493,4.065435329407926,754.4724294875572,211.53
Copenhagen,Prague,CPH,PRG,624.0,80.0,227.68,147.68,55.6761,12.5683,50.0875,14.4214,Koebenhavns Lufthavn st,Praha hl.n.,813.0,False,17.4069941581493,2.772415453338628,843.1794096114879,227.68
Copenhagen,Riga,CPH,RIX,715.0,85.0,228.19,143.19,55.6761,12.5683,56.9489,24.1064,,,,,,,,228.19
Copenhagen,Rome,CPH,FCO,1538.0,155.0,319.08,164.07999999999998,55.6761,12.5683,41.8933,12.4828,Koebenhavns Lufthavn st,Roma Tiburtina,1308.0,False,17.4069941581493,10.76586299605856,1346.1728571542078,319.08
Copenhagen,Rotterdam,,,,,,,,,,,Koebenhavns Lufthavn st,Rotterdam Centraal,730.0,False,17.4069941581493,2.249226316777232,759.6562204749265,759.6562204749265
Copenhagen,Sevilla,CPH,SVQ,2457.0,220.0,363.98,143.98000000000002,55.6761,12.5683,37.39,-5.99,,,,,,,,363.98
Copenhagen,Sofia,CPH,SOF,1635.0,165.0,306.36,141.36,55.6761,12.5683,42.7,23.33,,,,,,,,306.36
Copenhagen,Stockholm,CPH,ARN,547.0,75.0,260.54,185.54000000000002,55.6761,12.5683,59.3294,18.0686,Koebenhavns Lufthavn st,Stockholm Central,305.0,True,17.4069941581493,1.5022922376589065,333.9092863958082,260.54
Copenhagen,Stuttgart,CPH,STR,807.0,95.0,240.38,145.38,55.6761,12.5683,48.7775,9.18,Koebenhavns Lufthavn st,Stuttgart Hbf,668.0,False,17.4069941581493,2.002376007570269,697.4093701657196,240.38
Copenhagen,Tallinn,CPH,TLL,839.0,90.0,226.51,136.51,55.6761,12.5683,59.4372,24.7453,,,,,,,,226.51
Copenhagen,Tilburg,CPH,EIN,667.0,85.0,251.35,166.35,55.6761,12.5683,51.55,5.0833,Koebenhavns Lufthavn st,Tilburg,746.0,False,17.4069941581493,2.8326204398011785,776.2396145979504,251.35
Copenhagen,Toulouse,CPH,TLS,1559.0,155.0,295.26,140.26,55.6761,12.5683,43.6045,1.444,Koebenhavns Lufthavn st,Toulouse-Matabiau,1188.0,False,17.4069941581493,2.6617812245934145,1218.0687753827426,295.26
Copenhagen,Turin,CPH,TRN,1213.0,135.0,284.95,149.95,55.6761,12.5683,45.0792,7.6761,Koebenhavns Lufthavn st,Torino Porta Susa,1202.0,False,17.4069941581493,2.8476007865249664,1232.2545949446742,284.95
Copenhagen,Valencia,CPH,VLC,2040.0,190.0,333.84,143.83999999999997,55.6761,12.5683,39.47,-0.3764,,,,,,,,333.84
Copenhagen,Vienna,CPH,VIE,877.0,105.0,261.72,156.72000000000003,55.6761,12.5683,48.2083,16.3725,Koebenhavns Lufthavn st,Wien Hbf,895.0,False,17.4069941581493,6.245212775155993,928.6522069333053,261.72
Copenhagen,Vilnius,CPH,VNO,811.0,90.0,228.19,138.19,55.6761,12.5683,54.6872,25.28,,,,,,,,228.19
Copenhagen,Warsaw,CPH,WAW,668.0,80.0,221.42,141.42,55.6761,12.5683,52.23,21.0111,Koebenhavns Lufthavn st,Warszawa Centralna,908.0,False,17.4069941581493,1.3212540896707794,936.72824824782,221.42
Copenhagen,Wrocław,,,,,,,,,,,Koebenhavns Lufthavn st,Wroclaw Glowny,775.0,False,17.4069941581493,3.2731677390709937,805.6801618972203,805.6801618972203
Copenhagen,Zagreb,CPH,ZAG,1126.0,110.0,257.35,147.35000000000002,55.6761,12.5683,45.8131,15.9775,Koebenhavns Lufthavn st,Zagreb Glavni kolodvor,1348.0,False,17.4069941581493,2.3224288673449607,1377.7294230254943,257.35
Dortmund,Amsterdam,,,,,,,,,,,Dortmund Hbf,Amsterdam Centraal,176.0,False,1.460615015563283,1.9520337879727412,189.41264880353603,189.41264880353603
Dortmund,Antwerp,,,,,,,,,,,Dortmund Hbf,Antwerpen Centraal,237.0,False,1.460615015563283,3.5284359653773953,251.98905098094068,251.98905098094068
Dortmund,Barcelona,,,,,,,,,,,Dortmund Hbf,Barcelona Sants,818.0,False,1.460615015563283,7.388093774297752,836.848708789861,836.848708789861
Dortmund,Berlin,,,,,,,,,,,Dortmund Hbf,Berlin Hbf,210.0,True,1.460615015563283,5.947266480604848,227.40788149616813,227.40788149616813
Dortmund,Bordeaux,,,,,,,,,,,Dortmund Hbf,Bordeaux-St-Jean,504.0,True,1.460615015563283,5.811588377462907,521.2722033930262,521.2722033930262
Dortmund,Bratislava,,,,,,,,,,,Dortmund Hbf,Bratislava hl.st.,631.0,False,1.460615015563283,4.046858342350235,646.5074733579135,646.5074733579135
Dortmund,Bremen,,,,,,,,,,,Dortmund Hbf,Bremen Hbf,109.0,True,1.460615015563283,2.309271364404068,122.76988637996735,122.76988637996735
Dortmund,Brussels,,,,,,,,,,,Dortmund Hbf,Bruxelles Midi,225.0,False,1.460615015563283,4.14169289941754,240.60230791498083,240.60230791498083
Dortmund,Bucharest,DTM,OTP,1572.0,155.0,313.69,158.69,51.5139,7.4653,44.4325,26.1039,,,,,,,,313.69
Dortmund,Budapest,DTM,BUD,956.0,110.0,271.04,161.04000000000002,51.5139,7.4653,47.4925,19.0514,Dortmund Hbf,Budapest-Nyugati,758.0,False,1.460615015563283,4.980157462200125,774.4407724777634,271.04
Dortmund,Cologne,,,,,,,,,,,Dortmund Hbf,Köln Messe/Deutz,80.0,False,1.460615015563283,3.9197525107529603,95.38036752631623,95.38036752631623
Dortmund,Copenhagen,,,,,,,,,,,Dortmund Hbf,Koebenhavns Lufthavn st,543.0,False,1.460615015563283,17.4069941581493,571.8676091737125,571.8676091737125
Dortmund,Dresden,,,,,,,,,,,Dortmund Hbf,Dresden Hbf,321.0,False,1.460615015563283,2.8510360388781235,335.3116510544414,335.3116510544414
Dortmund,Duisburg,,,,,,,,,,,Dortmund Hbf,Duisburg Hbf,35.0,False,1.460615015563283,2.5870950877797454,49.04771010334303,49.04771010334303
Dortmund,Düsseldorf,,,,,,,,,,,Dortmund Hbf,Düsseldorf Hbf,54.0,False,1.460615015563283,4.00763955017613,69.46825456573941,69.46825456573941
Dortmund,Essen,,,,,,,,,,,Dortmund Hbf,Essen Hbf,22.0,False,1.460615015563283,0.31813865528361085,33.778753670846896,33.778753670846896
Dortmund,Frankfurt,,,,,,,,,,,Dortmund Hbf,Frankfurt(Main)Hbf,150.0,False,1.460615015563283,3.4764728210122846,164.93708783657559,164.93708783657559
Dortmund,Genoa,,,,,,,,,,,Dortmund Hbf,Genova Piazza Principe,706.0,False,1.460615015563283,2.6646692679586454,720.1252842835219,720.1252842835219
Dortmund,Hamburg,,,,,,,,,,,Dortmund Hbf,Hamburg Hbf,170.0,True,1.460615015563283,1.316441566346405,182.7770565819097,182.7770565819097
Dortmund,Hannover,,,,,,,,,,,Dortmund Hbf,Hannover Hbf,102.0,True,1.460615015563283,4.786629448184535,118.24724446374782,118.24724446374782
Dortmund,Kraków,DTM,KRK,872.0,95.0,245.88,150.88,51.5139,7.4653,50.0614,19.9372,Dortmund Hbf,Krakow Glowny,650.0,False,1.460615015563283,2.336597225946072,663.7972122415093,245.88
Dortmund,Leipzig,,,,,,,,,,,Dortmund Hbf,Leipzig Hbf,267.0,False,1.460615015563283,1.875769965295063,280.3363849808583,280.3363849808583
Dortmund,Ljubljana,,,,,,,,,,,Dortmund Hbf,Ljubljana,756.0,False,1.460615015563283,2.321449509647903,769.7820645252111,769.7820645252111
Dortmund,Luxembourg,,,,,,,,,,,Dortmund Hbf,Luxembourg,287.0,False,1.460615015563283,3.2276729444989756,301.68828796006227,301.68828796006227
Dortmund,Lyon,,,,,,,,,,,Dortmund Hbf,Lyon Part Dieu,486.0,False,1.460615015563283,3.7248506527149634,501.18546566827825,501.18546566827825
Dortmund,Marseille,,,,,,,,,,,Dortmund Hbf,Marseille-St-Charles,607.0,False,1.460615015563283,3.0494630085437278,621.510078024107,621.510078024107
Dortmund,Milan,,,,,,,,,,,Dortmund Hbf,Milano Porta Garibaldi,593.0,False,1.460615015563283,4.707315782392735,609.1679307979559,609.1679307979559
Dortmund,Munich,DTM,MUC,462.0,65.0,243.51,178.51,51.5139,7.4653,48.1375,11.575,Dortmund Hbf,München Hbf,338.0,False,1.460615015563283,3.0560823139438047,352.5166973295071,243.51
Dortmund,Málaga,DTM,AGP,1906.0,175.0,322.22,147.22000000000003,51.5139,7.4653,36.7194,-4.42,,,,,,,,322.22
Dortmund,Nuremberg,,,,,,,,,,,Dortmund Hbf,Nürnberg Hbf,277.0,False,1.460615015563283,2.407122595922898,290.8677376114862,290.8677376114862
Dortmund,Poznań,,,,,,,,,,,Dortmund Hbf,Poznan Glowny,382.0,False,1.460615015563283,4.065435329407926,397.5260503449712,397.5260503449712
Dortmund,Prague,,,,,,,,,,,Dortmund Hbf,Praha hl.n.,459.0,False,1.460615015563283,2.772415453338628,473.2330304689019,473.2330304689019
Dortmund,Rome,DTM,FCO,1136.0,130.0,298.59,168.58999999999997,51.5139,7.4653,41.8933,12.4828,Dortmund Hbf,Roma Tiburtina,813.0,True,1.460615015563283,10.76586299605856,835.2264780116218,298.59
Dortmund,Rotterdam,,,,,,,,,,,Dortmund Hbf,Rotterdam Centraal,184.0,False,1.460615015563283,2.249226316777232,197.70984133234052,197.70984133234052
Dortmund,Sofia,DTM,SOF,1544.0,150.0,295.88,145.88,51.5139,7.4653,42.7,23.33,,,,,,,,295.88
Dortmund,Stockholm,,,,,,,,,,,Dortmund Hbf,Stockholm Central,851.0,False,1.460615015563283,1.5022922376589065,863.9629072532222,863.9629072532222
Dortmund,Stuttgart,,,,,,,,,,,Dortmund Hbf,Stuttgart Hbf,215.0,False,1.460615015563283,2.002376007570269,228.46299102313355,228.46299102313355
Dortmund,Tilburg,,,,,,,,,,,Dortmund Hbf,Tilburg,170.0,False,1.460615015563283,2.8326204398011785,184.29323545536448,184.29323545536448
Dortmund,Toulouse,,,,,,,,,,,Dortmund Hbf,Toulouse-Matabiau,658.0,False,1.460615015563283,2.6617812245934145,672.1223962401566,672.1223962401566
Dortmund,Turin,,,,,,,,,,,Dortmund Hbf,Torino Porta Susa,668.0,False,1.460615015563283,2.8476007865249664,682.3082158020882,682.3082158020882
Dortmund,Vienna,,,,,,,,,,,Dortmund Hbf,Wien Hbf,548.0,False,1.460615015563283,6.245212775155993,565.7058277907192,565.7058277907192
Dortmund,Vilnius,DTM,VNO,1230.0,123.0,265.71,142.70999999999998,51.5139,7.4653,54.6872,25.28,,,,,,,,265.71
Dortmund,Warsaw,,,,,,,,,,,Dortmund Hbf,Warszawa Centralna,527.0,False,1.460615015563283,1.3212540896707794,539.781869105234,539.781869105234
Dortmund,Wrocław,,,,,,,,,,,Dortmund Hbf,Wroclaw Glowny,463.0,False,1.460615015563283,3.2731677390709937,477.73378275463426,477.73378275463426
Dortmund,Zagreb,,,,,,,,,,,Dortmund Hbf,Zagreb Glavni kolodvor,981.0,False,1.460615015563283,2.3224288673449607,994.7830438829081,994.7830438829081
Dresden,Amsterdam,,,,,,,,,,,Dresden Hbf,Amsterdam Centraal,506.0,False,2.8510360388781235,1.9520337879727412,520.8030698268508,520.8030698268508
Dresden,Antwerp,,,,,,,,,,,Dresden Hbf,Antwerpen Centraal,524.0,False,2.8510360388781235,3.5284359653773953,540.3794720042555,540.3794720042555
Dresden,Barcelona,,,,,,,,,,,Dresden Hbf,Barcelona Sants,1331.0,False,2.8510360388781235,7.388093774297752,1351.2391298131759,1351.2391298131759
Dresden,Berlin,,,,,,,,,,,Dresden Hbf,Berlin Hbf,96.0,False,2.8510360388781235,5.947266480604848,114.79830251948297,114.79830251948297
Dresden,Bordeaux,,,,,,,,,,,Dresden Hbf,Bordeaux-St-Jean,712.0,True,2.8510360388781235,5.811588377462907,730.662624416341,730.662624416341
Dresden,Bratislava,,,,,,,,,,,Dresden Hbf,Bratislava hl.st.,412.0,False,2.8510360388781235,4.046858342350235,428.89789438122835,428.89789438122835
Dresden,Bremen,,,,,,,,,,,Dresden Hbf,Bremen Hbf,297.0,False,2.8510360388781235,2.309271364404068,312.1603074032822,312.1603074032822
Dresden,Brussels,,,,,,,,,,,Dresden Hbf,Bruxelles Midi,493.0,False,2.8510360388781235,4.14169289941754,509.99272893829567,509.99272893829567
Dresden,Budapest,,,,,,,,,,,Dresden Hbf,Budapest-Nyugati,558.0,False,2.8510360388781235,4.980157462200125,575.8311935010782,575.8311935010782
Dresden,Copenhagen,,,,,,,,,,,Dresden Hbf,Koebenhavns Lufthavn st,653.0,False,2.8510360388781235,17.4069941581493,683.2580301970273,683.2580301970273
Dresden,Dortmund,,,,,,,,,,,Dresden Hbf,Dortmund Hbf,319.0,False,2.8510360388781235,1.460615015563283,333.3116510544414,333.3116510544414
Dresden,Duisburg,,,,,,,,,,,Dresden Hbf,Duisburg Hbf,359.0,False,2.8510360388781235,2.5870950877797454,374.4381311266579,374.4381311266579
Dresden,Düsseldorf,DRS,DUS,489.0,70.0,210.43,140.43,51.05,13.74,51.2333,6.7833,Dresden Hbf,Düsseldorf Hbf,374.0,False,2.8510360388781235,4.00763955017613,390.85867558905426,210.43
Dresden,Essen,,,,,,,,,,,Dresden Hbf,Essen Hbf,345.0,False,2.8510360388781235,0.31813865528361085,358.16917469416177,358.16917469416177
Dresden,Frankfurt,DRS,FRA,386.0,65.0,213.21,148.21,51.05,13.74,50.1106,8.6822,Dresden Hbf,Frankfurt(Main)Hbf,262.0,False,2.8510360388781235,3.4764728210122846,278.32750885989043,213.21
Dresden,Genoa,,,,,,,,,,,Dresden Hbf,Genova Piazza Principe,875.0,False,2.8510360388781235,2.6646692679586454,890.5157053068367,890.5157053068367
Dresden,Hamburg,,,,,,,,,,,Dresden Hbf,Hamburg Hbf,276.0,False,2.8510360388781235,1.316441566346405,290.1674776052245,290.1674776052245
Dresden,Hannover,,,,,,,,,,,Dresden Hbf,Hannover Hbf,215.0,False,2.8510360388781235,4.786629448184535,232.63766548706266,232.63766548706266
Dresden,Kraków,,,,,,,,,,,Dresden Hbf,Krakow Glowny,421.0,False,2.8510360388781235,2.336597225946072,436.1876332648242,436.1876332648242
Dresden,Leipzig,,,,,,,,,,,Dresden Hbf,Leipzig Hbf,69.0,True,2.8510360388781235,1.875769965295063,83.72680600417318,83.72680600417318
Dresden,Ljubljana,,,,,,,,,,,Dresden Hbf,Ljubljana,667.0,False,2.8510360388781235,2.321449509647903,682.172485548526,682.172485548526
Dresden,Luxembourg,,,,,,,,,,,Dresden Hbf,Luxembourg,508.0,False,2.8510360388781235,3.2276729444989756,524.078708983377,524.078708983377
Dresden,Lyon,,,,,,,,,,,Dresden Hbf,Lyon Part Dieu,636.0,False,2.8510360388781235,3.7248506527149634,652.575886691593,652.575886691593
Dresden,Marseille,,,,,,,,,,,Dresden Hbf,Marseille-St-Charles,744.0,False,2.8510360388781235,3.0494630085437278,759.9004990474218,759.9004990474218
Dresden,Milan,,,,,,,,,,,Dresden Hbf,Milano Porta Garibaldi,760.0,False,2.8510360388781235,4.707315782392735,777.5583518212708,777.5583518212708
Dresden,Munich,DRS,MUC,339.0,55.0,230.86,175.86,51.05,13.74,48.1375,11.575,Dresden Hbf,München Hbf,266.0,False,2.8510360388781235,3.0560823139438047,281.90711835282195,230.86
Dresden,Nuremberg,,,,,,,,,,,Dresden Hbf,Nürnberg Hbf,191.0,False,2.8510360388781235,2.407122595922898,206.25815863480102,206.25815863480102
Dresden,Poznań,,,,,,,,,,,Dresden Hbf,Poznan Glowny,280.0,False,2.8510360388781235,4.065435329407926,296.91647136828607,296.91647136828607
Dresden,Prague,,,,,,,,,,,Dresden Hbf,Praha hl.n.,135.0,False,2.8510360388781235,2.772415453338628,150.62345149221676,150.62345149221676
Dresden,Rome,,,,,,,,,,,Dresden Hbf,Roma Tiburtina,1058.0,False,2.8510360388781235,10.76586299605856,1081.6168990349368,1081.6168990349368
Dresden,Rotterdam,,,,,,,,,,,Dresden Hbf,Rotterdam Centraal,527.0,False,2.8510360388781235,2.249226316777232,542.1002623556553,542.1002623556553
Dresden,Stockholm,,,,,,,,,,,Dresden Hbf,Stockholm Central,1101.0,False,2.8510360388781235,1.5022922376589065,1115.353328276537,1115.353328276537
Dresden,Stuttgart,,,,,,,,,,,Dresden Hbf,Stuttgart Hbf,342.0,False,2.8510360388781235,2.002376007570269,356.8534120464484,356.8534120464484
Dresden,Tilburg,,,,,,,,,,,Dresden Hbf,Tilburg,531.0,False,2.8510360388781235,2.8326204398011785,546.6836564786793,546.6836564786793
Dresden,Toulouse,,,,,,,,,,,Dresden Hbf,Toulouse-Matabiau,1093.0,False,2.8510360388781235,2.6617812245934145,1108.5128172634716,1108.5128172634716
Dresden,Turin,,,,,,,,,,,Dresden Hbf,Torino Porta Susa,872.0,False,2.8510360388781235,2.8476007865249664,887.698636825403,887.698636825403
Dresden,Vienna,,,,,,,,,,,Dresden Hbf,Wien Hbf,399.0,False,2.8510360388781235,6.245212775155993,418.09624881403414,418.09624881403414
Dresden,Warsaw,,,,,,,,,,,Dresden Hbf,Warszawa Centralna,445.0,False,2.8510360388781235,1.3212540896707794,459.1722901285489,459.1722901285489
Dresden,Wrocław,,,,,,,,,,,Dresden Hbf,Wroclaw Glowny,210.0,False,2.8510360388781235,3.2731677390709937,226.12420377794913,226.12420377794913
Dresden,Zagreb,,,,,,,,,,,Dresden Hbf,Zagreb Glavni kolodvor,978.0,False,2.8510360388781235,2.3224288673449607,993.173464906223,993.173464906223
Duisburg,Amsterdam,,,,,,,,,,,Duisburg Hbf,Amsterdam Centraal,124.0,False,2.5870950877797454,1.9520337879727412,138.53912887575248,138.53912887575248
Duisburg,Antwerp,,,,,,,,,,,Duisburg Hbf,Antwerpen Centraal,185.0,False,2.5870950877797454,3.5284359653773953,201.11553105315713,201.11553105315713
Duisburg,Barcelona,,,,,,,,,,,Duisburg Hbf,Barcelona Sants,761.0,False,2.5870950877797454,7.388093774297752,780.9751888620775,780.9751888620775
Duisburg,Berlin,,,,,,,,,,,Duisburg Hbf,Berlin Hbf,248.0,False,2.5870950877797454,5.947266480604848,266.5343615683846,266.5343615683846
Duisburg,Bordeaux,,,,,,,,,,,Duisburg Hbf,Bordeaux-St-Jean,452.0,True,2.5870950877797454,5.811588377462907,470.39868346524264,470.39868346524264
Duisburg,Bratislava,,,,,,,,,,,Duisburg Hbf,Bratislava hl.st.,597.0,False,2.5870950877797454,4.046858342350235,613.63395343013,613.63395343013
Duisburg,Bremen,,,,,,,,,,,Duisburg Hbf,Bremen Hbf,147.0,False,2.5870950877797454,2.309271364404068,161.8963664521838,161.8963664521838
Duisburg,Brussels,,,,,,,,,,,Duisburg Hbf,Bruxelles Midi,173.0,False,2.5870950877797454,4.14169289941754,189.72878798719728,189.72878798719728
Duisburg,Budapest,,,,,,,,,,,Duisburg Hbf,Budapest-Nyugati,721.0,False,2.5870950877797454,4.980157462200125,738.5672525499799,738.5672525499799
Duisburg,Copenhagen,,,,,,,,,,,Duisburg Hbf,Koebenhavns Lufthavn st,553.0,False,2.5870950877797454,17.4069941581493,582.994089245929,582.994089245929
Duisburg,Dortmund,,,,,,,,,,,Duisburg Hbf,Dortmund Hbf,36.0,False,2.5870950877797454,1.460615015563283,50.04771010334303,50.04771010334303
Duisburg,Dresden,,,,,,,,,,,Duisburg Hbf,Dresden Hbf,361.0,False,2.5870950877797454,2.8510360388781235,376.4381311266579,376.4381311266579
Duisburg,Düsseldorf,,,,,,,,,,,Duisburg Hbf,Düsseldorf Hbf,12.0,False,2.5870950877797454,4.00763955017613,28.594734637955874,28.594734637955874
Duisburg,Essen,,,,,,,,,,,Duisburg Hbf,Essen Hbf,12.0,False,2.5870950877797454,0.31813865528361085,24.905233743063356,24.905233743063356
Duisburg,Frankfurt,,,,,,,,,,,Duisburg Hbf,Frankfurt(Main)Hbf,103.0,True,2.5870950877797454,3.4764728210122846,119.06356790879202,119.06356790879202
Duisburg,Genoa,,,,,,,,,,,Duisburg Hbf,Genova Piazza Principe,691.0,False,2.5870950877797454,2.6646692679586454,706.2517643557384,706.2517643557384
Duisburg,Hamburg,,,,,,,,,,,Duisburg Hbf,Hamburg Hbf,179.0,True,2.5870950877797454,1.316441566346405,192.90353665412616,192.90353665412616
Duisburg,Hannover,,,,,,,,,,,Duisburg Hbf,Hannover Hbf,141.0,True,2.5870950877797454,4.786629448184535,158.37372453596427,158.37372453596427
Duisburg,Kraków,,,,,,,,,,,Duisburg Hbf,Krakow Glowny,684.0,False,2.5870950877797454,2.336597225946072,698.9236923137258,698.9236923137258
Duisburg,Leipzig,,,,,,,,,,,Duisburg Hbf,Leipzig Hbf,296.0,False,2.5870950877797454,1.875769965295063,310.4628650530748,310.4628650530748
Duisburg,Ljubljana,,,,,,,,,,,Duisburg Hbf,Ljubljana,734.0,False,2.5870950877797454,2.321449509647903,748.9085445974276,748.9085445974276
Duisburg,Luxembourg,,,,,,,,,,,Duisburg Hbf,Luxembourg,250.0,False,2.5870950877797454,3.2276729444989756,265.8147680322787,265.8147680322787
Duisburg,Lyon,,,,,,,,,,,Duisburg Hbf,Lyon Part Dieu,434.0,False,2.5870950877797454,3.7248506527149634,450.3119457404947,450.3119457404947
Duisburg,Marseille,,,,,,,,,,,Duisburg Hbf,Marseille-St-Charles,555.0,False,2.5870950877797454,3.0494630085437278,570.6365580963235,570.6365580963235
Duisburg,Milan,,,,,,,,,,,Duisburg Hbf,Milano Porta Garibaldi,556.0,False,2.5870950877797454,4.707315782392735,573.2944108701724,573.2944108701724
Duisburg,Munich,,,,,,,,,,,Duisburg Hbf,München Hbf,298.0,True,2.5870950877797454,3.0560823139438047,313.64317740172356,313.64317740172356
Duisburg,Nuremberg,,,,,,,,,,,Duisburg Hbf,Nürnberg Hbf,230.0,True,2.5870950877797454,2.407122595922898,244.99421768370263,244.99421768370263
Duisburg,Poznań,,,,,,,,,,,Duisburg Hbf,Poznan Glowny,419.0,False,2.5870950877797454,4.065435329407926,435.6525304171877,435.6525304171877
Duisburg,Prague,,,,,,,,,,,Duisburg Hbf,Praha hl.n.,499.0,False,2.5870950877797454,2.772415453338628,514.3595105411184,514.3595105411184
Duisburg,Rome,,,,,,,,,,,Duisburg Hbf,Roma Tiburtina,776.0,True,2.5870950877797454,10.76586299605856,799.3529580838383,799.3529580838383
Duisburg,Rotterdam,,,,,,,,,,,Duisburg Hbf,Rotterdam Centraal,135.0,False,2.5870950877797454,2.249226316777232,149.83632140455697,149.83632140455697
Duisburg,Stockholm,,,,,,,,,,,Duisburg Hbf,Stockholm Central,888.0,False,2.5870950877797454,1.5022922376589065,902.0893873254387,902.0893873254387
Duisburg,Stuttgart,,,,,,,,,,,Duisburg Hbf,Stuttgart Hbf,178.0,True,2.5870950877797454,2.002376007570269,192.58947109535,192.58947109535
Duisburg,Tilburg,,,,,,,,,,,Duisburg Hbf,Tilburg,124.0,False,2.5870950877797454,2.8326204398011785,139.41971552758093,139.41971552758093
Duisburg,Toulouse,,,,,,,,,,,Duisburg Hbf,Toulouse-Matabiau,606.0,False,2.5870950877797454,2.6617812245934145,621.2488763123731,621.2488763123731
Duisburg,Turin,,,,,,,,,,,Duisburg Hbf,Torino Porta Susa,631.0,False,2.5870950877797454,2.8476007865249664,646.4346958743047,646.4346958743047
Duisburg,Vienna,,,,,,,,,,,Duisburg Hbf,Wien Hbf,514.0,False,2.5870950877797454,6.245212775155993,532.8323078629357,532.8323078629357
Duisburg,Warsaw,,,,,,,,,,,Duisburg Hbf,Warszawa Centralna,564.0,False,2.5870950877797454,1.3212540896707794,577.9083491774505,577.9083491774505
Duisburg,Wrocław,,,,,,,,,,,Duisburg Hbf,Wroclaw Glowny,508.0,False,2.5870950877797454,3.2731677390709937,523.8602628268508,523.8602628268508
Duisburg,Zagreb,,,,,,,,,,,Duisburg Hbf,Zagreb Glavni kolodvor,897.0,False,2.5870950877797454,2.3224288673449607,911.9095239551247,911.9095239551247
Düsseldorf,Amsterdam,DUS,AMS,179.0,55.0,199.74,144.74,51.2333,6.7833,52.3728,4.8936,Düsseldorf Hbf,Amsterdam Centraal,138.0,False,4.00763955017613,1.9520337879727412,153.95967333814886,153.95967333814886
Düsseldorf,Antwerp,,,,,,,,,,,Düsseldorf Hbf,Antwerpen Centraal,188.0,False,4.00763955017613,3.5284359653773953,205.5360755155535,205.5360755155535
Düsseldorf,Athens,DUS,ATH,2004.0,180.0,337.54,157.54000000000002,51.2333,6.7833,37.9842,23.7281,,,,,,,,337.54
Düsseldorf,Barcelona,DUS,BCN,1165.0,130.0,276.09,146.08999999999997,51.2333,6.7833,41.3828,2.1769,,,,,,,,276.09
Düsseldorf,Berlin,DUS,BER,479.0,70.0,225.19,155.19,51.2333,6.7833,52.52,13.405,Düsseldorf Hbf,Berlin Hbf,254.0,False,4.00763955017613,5.947266480604848,273.954906030781,225.19
Düsseldorf,Bordeaux,DUS,BOD,906.0,110.0,252.26,142.26,51.2333,6.7833,44.84,-0.58,,,,,,,,252.26
Düsseldorf,Bratislava,,,,,,,,,,,Düsseldorf Hbf,Bratislava hl.st.,544.0,False,4.00763955017613,4.046858342350235,562.0544978925263,562.0544978925263
Düsseldorf,Bremen,,,,,,,,,,,Düsseldorf Hbf,Bremen Hbf,160.0,False,4.00763955017613,2.309271364404068,176.31691091458018,176.31691091458018
Düsseldorf,Brussels,,,,,,,,,,,Düsseldorf Hbf,Bruxelles Midi,156.0,False,4.00763955017613,4.14169289941754,174.14933244959366,174.14933244959366
Düsseldorf,Bucharest,DUS,OTP,1617.0,155.0,306.08,151.07999999999998,51.2333,6.7833,44.4325,26.1039,,,,,,,,306.08
Düsseldorf,Budapest,DUS,BUD,1001.0,110.0,263.43,153.43,51.2333,6.7833,47.4925,19.0514,Düsseldorf Hbf,Budapest-Nyugati,703.0,False,4.00763955017613,4.980157462200125,721.9877970123763,263.43
Düsseldorf,Copenhagen,DUS,CPH,621.0,80.0,218.56,138.56,51.2333,6.7833,55.6761,12.5683,,,,,,,,218.56
Düsseldorf,Dortmund,,,,,,,,,,,Düsseldorf Hbf,Dortmund Hbf,47.0,False,4.00763955017613,1.460615015563283,62.468254565739414,62.468254565739414
Düsseldorf,Dresden,DUS,DRS,489.0,70.0,210.43,140.43,51.2333,6.7833,51.05,13.74,,,,,,,,210.43
Düsseldorf,Essen,,,,,,,,,,,Düsseldorf Hbf,Essen Hbf,24.0,False,4.00763955017613,0.31813865528361085,38.32577820545974,38.32577820545974
Düsseldorf,Frankfurt,DUS,FRA,187.0,55.0,198.25,143.25,51.2333,6.7833,50.1106,8.6822,Düsseldorf Hbf,Frankfurt(Main)Hbf,89.0,True,4.00763955017613,3.4764728210122846,106.4841123711884,106.4841123711884
Düsseldorf,Genoa,DUS,GOA,778.0,95.0,232.53,137.53,51.2333,6.7833,44.4111,8.9328,Düsseldorf Hbf,Genova Piazza Principe,638.0,False,4.00763955017613,2.6646692679586454,654.6723088181348,232.53
Düsseldorf,Gothenburg,DUS,GOT,795.0,90.0,247.71,157.71,51.2333,6.7833,57.7075,11.9675,,,,,,,,247.71
Düsseldorf,Hamburg,DUS,HAM,342.0,60.0,201.31,141.31,51.2333,6.7833,53.55,10.0,Düsseldorf Hbf,Hamburg Hbf,193.0,True,4.00763955017613,1.316441566346405,208.32408111652254,201.31
Düsseldorf,Hannover,DUS,HAJ,240.0,50.0,193.33,143.33,51.2333,6.7833,52.3667,9.7167,,,,,,,,193.33
Düsseldorf,Helsinki,DUS,HEL,1512.0,145.0,297.4,152.39999999999998,51.2333,6.7833,60.1708,24.9375,,,,,,,,297.4
Düsseldorf,Kraków,DUS,KRK,929.0,105.0,248.27,143.27,51.2333,6.7833,50.0614,19.9372,Düsseldorf Hbf,Krakow Glowny,698.0,False,4.00763955017613,2.336597225946072,714.3442367761222,248.27
Düsseldorf,Leipzig,DUS,LEJ,380.0,65.0,213.6,148.6,51.2333,6.7833,51.34,12.375,Düsseldorf Hbf,Leipzig Hbf,282.0,False,4.00763955017613,1.875769965295063,297.88340951547116,213.6
Düsseldorf,Lisbon,DUS,LIS,1863.0,185.0,320.72,135.72000000000003,51.2333,6.7833,38.7253,-9.15,,,,,,,,320.72
Düsseldorf,Ljubljana,,,,,,,,,,,Düsseldorf Hbf,Ljubljana,690.0,False,4.00763955017613,2.321449509647903,706.329089059824,706.329089059824
Düsseldorf,Luxembourg,,,,,,,,,,,Düsseldorf Hbf,Luxembourg,236.0,False,4.00763955017613,3.2276729444989756,253.2353124946751,253.2353124946751
Düsseldorf,Lyon,DUS,LYS,630.0,90.0,246.44,156.44,51.2333,6.7833,45.76,4.84,Düsseldorf Hbf,Lyon Part Dieu,457.0,False,4.00763955017613,3.7248506527149634,474.7324902028911,246.44
Düsseldorf,Madrid,DUS,MAD,1439.0,160.0,309.19,149.19,51.2333,6.7833,40.4169,-3.7033,,,,,,,,309.19
Düsseldorf,Marseille,DUS,MRS,878.0,105.0,262.89,157.89,51.2333,6.7833,43.2964,5.37,,,,,,,,262.89
Düsseldorf,Milan,DUS,LIN,673.0,90.0,228.21,138.21,51.2333,6.7833,45.4669,9.19,Düsseldorf Hbf,Milano Porta Garibaldi,542.0,True,4.00763955017613,4.707315782392735,560.7149553325688,228.21
Düsseldorf,Munich,DUS,MUC,486.0,70.0,240.9,170.9,51.2333,6.7833,48.1375,11.575,Düsseldorf Hbf,München Hbf,274.0,True,4.00763955017613,3.0560823139438047,291.06372186411994,240.9
Düsseldorf,Málaga,DUS,AGP,1852.0,185.0,324.61,139.61,51.2333,6.7833,36.7194,-4.42,,,,,,,,324.61
Düsseldorf,Naples,DUS,NAP,1291.0,135.0,272.99,137.99,51.2333,6.7833,40.8333,14.25,,,,,,,,272.99
Düsseldorf,Paris,DUS,CDG,392.0,80.0,241.66,161.66,51.2333,6.7833,48.8567,2.3522,,,,,,,,241.66
Düsseldorf,Poznań,,,,,,,,,,,Düsseldorf Hbf,Poznan Glowny,441.0,False,4.00763955017613,4.065435329407926,459.07307487958406,459.07307487958406
Düsseldorf,Prague,DUS,PRG,545.0,80.0,224.58,144.58,51.2333,6.7833,50.0875,14.4214,Düsseldorf Hbf,Praha hl.n.,539.0,False,4.00763955017613,2.772415453338628,555.7800550035148,224.58
Düsseldorf,Riga,DUS,RIX,1284.0,125.0,265.09,140.08999999999997,51.2333,6.7833,56.9489,24.1064,,,,,,,,265.09
Düsseldorf,Rome,DUS,FCO,1134.0,120.0,280.98,160.98000000000002,51.2333,6.7833,41.8933,12.4828,Düsseldorf Hbf,Roma Tiburtina,754.0,True,4.00763955017613,10.76586299605856,778.7735025462347,280.98
Düsseldorf,Rotterdam,,,,,,,,,,,Düsseldorf Hbf,Rotterdam Centraal,149.0,False,4.00763955017613,2.249226316777232,165.25686586695335,165.25686586695335
Düsseldorf,Sevilla,NRN,SVQ,1838.0,180.0,402.95,222.95,51.2333,6.7833,37.39,-5.99,,,,,,,,402.95
Düsseldorf,Stockholm,DUS,ARN,1166.0,120.0,302.44,182.44,51.2333,6.7833,59.3294,18.0686,Düsseldorf Hbf,Stockholm Central,901.0,False,4.00763955017613,1.5022922376589065,916.5099317878351,302.44
Düsseldorf,Stuttgart,,,,,,,,,,,Düsseldorf Hbf,Stuttgart Hbf,147.0,True,4.00763955017613,2.002376007570269,163.01001555774639,163.01001555774639
Düsseldorf,Tilburg,,,,,,,,,,,Düsseldorf Hbf,Tilburg,137.0,False,4.00763955017613,2.8326204398011785,153.8402599899773,153.8402599899773
Düsseldorf,Toulouse,,,,,,,,,,,Düsseldorf Hbf,Toulouse-Matabiau,589.0,False,4.00763955017613,2.6617812245934145,605.6694207747695,605.6694207747695
Düsseldorf,Turin,,,,,,,,,,,Düsseldorf Hbf,Torino Porta Susa,617.0,False,4.00763955017613,2.8476007865249664,633.8552403367011,633.8552403367011
Düsseldorf,Valencia,DUS,VLC,1425.0,150.0,290.75,140.75,51.2333,6.7833,39.47,-0.3764,,,,,,,,290.75
Düsseldorf,Vienna,DUS,VIE,788.0,95.0,248.62,153.62,51.2333,6.7833,48.2083,16.3725,Düsseldorf Hbf,Wien Hbf,461.0,False,4.00763955017613,6.245212775155993,481.2528523253321,248.62
Düsseldorf,Vilnius,DUS,VNO,1294.0,138.0,273.09,135.08999999999997,51.2333,6.7833,54.6872,25.28,,,,,,,,273.09
Düsseldorf,Warsaw,DUS,WAW,985.0,105.0,243.32,138.32,51.2333,6.7833,52.23,21.0111,Düsseldorf Hbf,Warszawa Centralna,586.0,False,4.00763955017613,1.3212540896707794,601.3288936398469,243.32
Düsseldorf,Wrocław,,,,,,,,,,,Düsseldorf Hbf,Wroclaw Glowny,522.0,False,4.00763955017613,3.2731677390709937,539.2808072892472,539.2808072892472
Düsseldorf,Zagreb,DUS,ZAG,921.0,100.0,244.26,144.26,51.2333,6.7833,45.8131,15.9775,Düsseldorf Hbf,Zagreb Glavni kolodvor,880.0,False,4.00763955017613,2.3224288673449607,896.330068417521,244.26
Essen,Amsterdam,,,,,,,,,,,Essen Hbf,Amsterdam Centraal,146.0,False,0.31813865528361085,1.9520337879727412,158.27017244325634,158.27017244325634
Essen,Antwerp,,,,,,,,,,,Essen Hbf,Antwerpen Centraal,207.0,False,0.31813865528361085,3.5284359653773953,220.846574620661,220.846574620661
Essen,Barcelona,,,,,,,,,,,Essen Hbf,Barcelona Sants,783.0,False,0.31813865528361085,7.388093774297752,800.7062324295814,800.7062324295814
Essen,Berlin,,,,,,,,,,,Essen Hbf,Berlin Hbf,235.0,True,0.31813865528361085,5.947266480604848,251.26540513588844,251.26540513588844
Essen,Bordeaux,,,,,,,,,,,Essen Hbf,Bordeaux-St-Jean,474.0,True,0.31813865528361085,5.811588377462907,490.12972703274653,490.12972703274653
Essen,Bratislava,,,,,,,,,,,Essen Hbf,Bratislava hl.st.,610.0,False,0.31813865528361085,4.046858342350235,624.3649969976339,624.3649969976339
Essen,Bremen,,,,,,,,,,,Essen Hbf,Bremen Hbf,132.0,True,0.31813865528361085,2.309271364404068,144.62741001968766,144.62741001968766
Essen,Brussels,,,,,,,,,,,Essen Hbf,Bruxelles Midi,195.0,False,0.31813865528361085,4.14169289941754,209.45983155470114,209.45983155470114
Essen,Budapest,,,,,,,,,,,Essen Hbf,Budapest-Nyugati,734.0,False,0.31813865528361085,4.980157462200125,749.2982961174838,749.2982961174838
Essen,Copenhagen,,,,,,,,,,,Essen Hbf,Koebenhavns Lufthavn st,540.0,False,0.31813865528361085,17.4069941581493,567.7251328134329,567.7251328134329
Essen,Dortmund,,,,,,,,,,,Essen Hbf,Dortmund Hbf,23.0,False,0.31813865528361085,1.460615015563283,34.778753670846896,34.778753670846896
Essen,Dresden,,,,,,,,,,,Essen Hbf,Dresden Hbf,348.0,False,0.31813865528361085,2.8510360388781235,361.16917469416177,361.16917469416177
Essen,Duisburg,,,,,,,,,,,Essen Hbf,Duisburg Hbf,12.0,False,0.31813865528361085,2.5870950877797454,24.905233743063356,24.905233743063356
Essen,Düsseldorf,,,,,,,,,,,Essen Hbf,Düsseldorf Hbf,26.0,False,0.31813865528361085,4.00763955017613,40.32577820545974,40.32577820545974
Essen,Frankfurt,,,,,,,,,,,Essen Hbf,Frankfurt(Main)Hbf,118.0,True,0.31813865528361085,3.4764728210122846,131.7946114762959,131.7946114762959
Essen,Genoa,,,,,,,,,,,Essen Hbf,Genova Piazza Principe,704.0,False,0.31813865528361085,2.6646692679586454,716.9828079232423,716.9828079232423
Essen,Hamburg,,,,,,,,,,,Essen Hbf,Hamburg Hbf,166.0,True,0.31813865528361085,1.316441566346405,177.63458022163002,177.63458022163002
Essen,Hannover,,,,,,,,,,,Essen Hbf,Hannover Hbf,128.0,True,0.31813865528361085,4.786629448184535,143.10476810346813,143.10476810346813
Essen,Kraków,,,,,,,,,,,Essen Hbf,Krakow Glowny,672.0,False,0.31813865528361085,2.336597225946072,684.6547358812297,684.6547358812297
Essen,Leipzig,,,,,,,,,,,Essen Hbf,Leipzig Hbf,294.0,False,0.31813865528361085,1.875769965295063,306.19390862057867,306.19390862057867
Essen,Ljubljana,,,,,,,,,,,Essen Hbf,Ljubljana,743.0,False,0.31813865528361085,2.321449509647903,755.6395881649315,755.6395881649315
Essen,Luxembourg,,,,,,,,,,,Essen Hbf,Luxembourg,263.0,False,0.31813865528361085,3.2276729444989756,276.5458115997826,276.5458115997826
Essen,Lyon,,,,,,,,,,,Essen Hbf,Lyon Part Dieu,462.0,False,0.31813865528361085,3.7248506527149634,476.0429893079986,476.0429893079986
Essen,Marseille,,,,,,,,,,,Essen Hbf,Marseille-St-Charles,577.0,False,0.31813865528361085,3.0494630085437278,590.3676016638274,590.3676016638274
Essen,Milan,,,,,,,,,,,Essen Hbf,Milano Porta Garibaldi,569.0,False,0.31813865528361085,4.707315782392735,584.0254544376763,584.0254544376763
Essen,Munich,,,,,,,,,,,Essen Hbf,München Hbf,314.0,True,0.31813865528361085,3.0560823139438047,327.37422096922745,327.37422096922745
Essen,Nuremberg,,,,,,,,,,,Essen Hbf,Nürnberg Hbf,245.0,True,0.31813865528361085,2.407122595922898,257.7252612512065,257.7252612512065
Essen,Poznań,,,,,,,,,,,Essen Hbf,Poznan Glowny,406.0,False,0.31813865528361085,4.065435329407926,420.38357398469157,420.38357398469157
Essen,Prague,,,,,,,,,,,Essen Hbf,Praha hl.n.,486.0,False,0.31813865528361085,2.772415453338628,499.09055410862226,499.09055410862226
Essen,Rome,,,,,,,,,,,Essen Hbf,Roma Tiburtina,789.0,True,0.31813865528361085,10.76586299605856,810.0840016513422,810.0840016513422
Essen,Rotterdam,,,,,,,,,,,Essen Hbf,Rotterdam Centraal,157.0,False,0.31813865528361085,2.249226316777232,169.56736497206083,169.56736497206083
Essen,Stockholm,,,,,,,,,,,Essen Hbf,Stockholm Central,875.0,False,0.31813865528361085,1.5022922376589065,886.8204308929426,886.8204308929426
Essen,Stuttgart,,,,,,,,,,,Essen Hbf,Stuttgart Hbf,192.0,True,0.31813865528361085,2.002376007570269,204.32051466285387,204.32051466285387
Essen,Tilburg,,,,,,,,,,,Essen Hbf,Tilburg,139.0,False,0.31813865528361085,2.8326204398011785,152.1507590950848,152.1507590950848
Essen,Toulouse,,,,,,,,,,,Essen Hbf,Toulouse-Matabiau,628.0,False,0.31813865528361085,2.6617812245934145,640.979919879877,640.979919879877
Essen,Turin,,,,,,,,,,,Essen Hbf,Torino Porta Susa,644.0,False,0.31813865528361085,2.8476007865249664,657.1657394418086,657.1657394418086
Essen,Vienna,,,,,,,,,,,Essen Hbf,Wien Hbf,527.0,False,0.31813865528361085,6.245212775155993,543.5633514304396,543.5633514304396
Essen,Warsaw,,,,,,,,,,,Essen Hbf,Warszawa Centralna,551.0,False,0.31813865528361085,1.3212540896707794,562.6393927449544,562.6393927449544
Essen,Wrocław,,,,,,,,,,,Essen Hbf,Wroclaw Glowny,496.0,False,0.31813865528361085,3.2731677390709937,509.5913063943546,509.5913063943546
Essen,Zagreb,,,,,,,,,,,Essen Hbf,Zagreb Glavni kolodvor,911.0,False,0.31813865528361085,2.3224288673449607,923.6405675226285,923.6405675226285
Frankfurt,Amsterdam,FRA,AMS,366.0,75.0,227.51,152.51,50.1106,8.6822,52.3728,4.8936,Frankfurt(Main)Hbf,Amsterdam Centraal,235.0,False,3.4764728210122846,1.9520337879727412,250.42850660898503,227.51
Frankfurt,Antwerp,,,,,,,,,,,Frankfurt(Main)Hbf,Antwerpen Centraal,212.0,False,3.4764728210122846,3.5284359653773953,229.00490878638968,229.00490878638968
Frankfurt,Athens,FRA,ATH,1818.0,170.0,335.32,165.32,50.1106,8.6822,37.9842,23.7281,,,,,,,,335.32
Frankfurt,Barcelona,FRA,BCN,1094.0,125.0,278.87,153.87,50.1106,8.6822,41.3828,2.1769,Frankfurt(Main)Hbf,Barcelona Sants,750.0,False,3.4764728210122846,7.388093774297752,770.8645665953101,278.87
Frankfurt,Berlin,FRA,BER,430.0,70.0,232.97,162.97,50.1106,8.6822,52.52,13.405,Frankfurt(Main)Hbf,Berlin Hbf,232.0,True,3.4764728210122846,5.947266480604848,251.42373930161713,232.97
Frankfurt,Bordeaux,FRA,BOD,907.0,105.0,255.04,150.04,50.1106,8.6822,44.84,-0.58,Frankfurt(Main)Hbf,Bordeaux-St-Jean,414.0,True,3.4764728210122846,5.811588377462907,433.2880611984752,255.04
Frankfurt,Bratislava,,,,,,,,,,,Frankfurt(Main)Hbf,Bratislava hl.st.,445.0,False,3.4764728210122846,4.046858342350235,462.5233311633625,462.5233311633625
Frankfurt,Bremen,FRA,BRE,334.0,55.0,194.91,139.91,50.1106,8.6822,53.0758,8.8072,Frankfurt(Main)Hbf,Bremen Hbf,228.0,True,3.4764728210122846,2.309271364404068,243.78574418541635,194.91
Frankfurt,Brussels,FRA,BRU,305.0,60.0,211.68,151.68,50.1106,8.6822,50.8467,4.3525,Frankfurt(Main)Hbf,Bruxelles Midi,181.0,True,3.4764728210122846,4.14169289941754,198.61816572042983,198.61816572042983
Frankfurt,Bucharest,FRA,OTP,1452.0,140.0,298.86,158.86,50.1106,8.6822,44.4325,26.1039,,,,,,,,298.86
Frankfurt,Budapest,FRA,BUD,837.0,95.0,256.21,161.20999999999998,50.1106,8.6822,47.4925,19.0514,Frankfurt(Main)Hbf,Budapest-Nyugati,579.0,False,3.4764728210122846,4.980157462200125,597.4566302832125,256.21
Frankfurt,Copenhagen,FRA,CPH,678.0,85.0,231.34,146.34,50.1106,8.6822,55.6761,12.5683,Frankfurt(Main)Hbf,Koebenhavns Lufthavn st,582.0,False,3.4764728210122846,17.4069941581493,612.8834669791615,231.34
Frankfurt,Dortmund,,,,,,,,,,,Frankfurt(Main)Hbf,Dortmund Hbf,149.0,False,3.4764728210122846,1.460615015563283,163.93708783657559,163.93708783657559
Frankfurt,Dresden,FRA,DRS,386.0,60.0,208.21,148.21,50.1106,8.6822,51.05,13.74,Frankfurt(Main)Hbf,Dresden Hbf,264.0,False,3.4764728210122846,2.8510360388781235,280.32750885989043,208.21
Frankfurt,Duisburg,,,,,,,,,,,Frankfurt(Main)Hbf,Duisburg Hbf,105.0,True,3.4764728210122846,2.5870950877797454,121.06356790879202,121.06356790879202
Frankfurt,Düsseldorf,FRA,DUS,187.0,50.0,193.25,143.25,50.1106,8.6822,51.2333,6.7833,Frankfurt(Main)Hbf,Düsseldorf Hbf,88.0,True,3.4764728210122846,4.00763955017613,105.48411237118842,105.48411237118842
Frankfurt,Essen,,,,,,,,,,,Frankfurt(Main)Hbf,Essen Hbf,118.0,True,3.4764728210122846,0.31813865528361085,131.7946114762959,131.7946114762959
Frankfurt,Genoa,FRA,GOA,626.0,75.0,220.3,145.3,50.1106,8.6822,44.4111,8.9328,Frankfurt(Main)Hbf,Genova Piazza Principe,564.0,False,3.4764728210122846,2.6646692679586454,580.1411420889709,220.3
Frankfurt,Gothenburg,FRA,GOT,882.0,95.0,260.49,165.49,50.1106,8.6822,57.7075,11.9675,,,,,,,,260.49
Frankfurt,Hamburg,FRA,HAM,410.0,65.0,214.08,149.08,50.1106,8.6822,53.55,10.0,Frankfurt(Main)Hbf,Hamburg Hbf,215.0,True,3.4764728210122846,1.316441566346405,229.7929143873587,214.08
Frankfurt,Hannover,FRA,HAJ,279.0,50.0,201.11,151.11,50.1106,8.6822,52.3667,9.7167,Frankfurt(Main)Hbf,Hannover Hbf,134.0,True,3.4764728210122846,4.786629448184535,152.26310226919682,152.26310226919682
Frankfurt,Helsinki,FRA,HEL,1539.0,145.0,305.17,160.17000000000002,50.1106,8.6822,60.1708,24.9375,,,,,,,,305.17
Frankfurt,Kraków,FRA,KRK,802.0,95.0,246.05,151.05,50.1106,8.6822,50.0614,19.9372,Frankfurt(Main)Hbf,Krakow Glowny,662.0,False,3.4764728210122846,2.336597225946072,677.8130700469584,246.05
Frankfurt,Leipzig,FRA,LEJ,299.0,55.0,211.38,156.38,50.1106,8.6822,51.34,12.375,Frankfurt(Main)Hbf,Leipzig Hbf,174.0,False,3.4764728210122846,1.875769965295063,189.35224278630736,189.35224278630736
Frankfurt,Lisbon,FRA,LIS,1877.0,190.0,333.5,143.5,50.1106,8.6822,38.7253,-9.15,,,,,,,,333.5
Frankfurt,Ljubljana,FRA,LJU,609.0,70.0,236.05,166.05,50.1106,8.6822,46.0514,14.5061,Frankfurt(Main)Hbf,Ljubljana,552.0,False,3.4764728210122846,2.321449509647903,567.7979223306602,236.05
Frankfurt,Luxembourg,FRA,LUX,176.0,50.0,194.51,144.51,50.1106,8.6822,49.6117,6.1319,Frankfurt(Main)Hbf,Luxembourg,235.0,False,3.4764728210122846,3.2276729444989756,251.70414576551127,194.51
Frankfurt,Lyon,FRA,LYS,547.0,75.0,239.22,164.22,50.1106,8.6822,45.76,4.84,Frankfurt(Main)Hbf,Lyon Part Dieu,362.0,False,3.4764728210122846,3.7248506527149634,379.20132347372726,239.22
Frankfurt,Madrid,FRA,MAD,1423.0,165.0,321.96,156.95999999999998,50.1106,8.6822,40.4169,-3.7033,,,,,,,,321.96
Frankfurt,Marseille,FRA,MRS,777.0,95.0,260.67,165.67000000000002,50.1106,8.6822,43.2964,5.37,Frankfurt(Main)Hbf,Marseille-St-Charles,464.0,False,3.4764728210122846,3.0494630085437278,480.52593582955603,260.67
Frankfurt,Milan,FRA,LIN,512.0,70.0,215.99,145.99,50.1106,8.6822,45.4669,9.19,Frankfurt(Main)Hbf,Milano Porta Garibaldi,459.0,False,3.4764728210122846,4.707315782392735,477.18378860340505,215.99
Frankfurt,Munich,FRA,MUC,300.0,55.0,233.68,178.68,50.1106,8.6822,48.1375,11.575,Frankfurt(Main)Hbf,München Hbf,189.0,True,3.4764728210122846,3.0560823139438047,205.5325551349561,205.5325551349561
Frankfurt,Málaga,FRA,AGP,1818.0,180.0,327.39,147.39,50.1106,8.6822,36.7194,-4.42,,,,,,,,327.39
Frankfurt,Naples,FRA,NAP,1111.0,120.0,265.77,145.76999999999998,50.1106,8.6822,40.8333,14.25,,,,,,,,265.77
Frankfurt,Nuremberg,FRA,NUE,190.0,40.0,182.23,142.23,50.1106,8.6822,49.4539,11.0775,Frankfurt(Main)Hbf,Nürnberg Hbf,121.0,False,3.4764728210122846,2.407122595922898,136.88359541693518,136.88359541693518
Frankfurt,Paris,FRA,CDG,450.0,75.0,244.44,169.44,50.1106,8.6822,48.8567,2.3522,,,,,,,,244.44
Frankfurt,Poznań,FRA,POZ,633.0,75.0,221.22,146.22,50.1106,8.6822,52.4083,16.9336,Frankfurt(Main)Hbf,Poznan Glowny,438.0,False,3.4764728210122846,4.065435329407926,455.5419081504202,221.22
Frankfurt,Prague,FRA,PRG,407.0,60.0,212.36,152.36,50.1106,8.6822,50.0875,14.4214,Frankfurt(Main)Hbf,Praha hl.n.,430.0,False,3.4764728210122846,2.772415453338628,446.2488882743509,212.36
Frankfurt,Riga,FRA,RIX,1272.0,125.0,272.87,147.87,50.1106,8.6822,56.9489,24.1064,,,,,,,,272.87
Frankfurt,Rome,FRA,FCO,960.0,110.0,278.76,168.76,50.1106,8.6822,41.8933,12.4828,Frankfurt(Main)Hbf,Roma Tiburtina,679.0,True,3.4764728210122846,10.76586299605856,703.2423358170709,278.76
Frankfurt,Rotterdam,,,,,,,,,,,Frankfurt(Main)Hbf,Rotterdam Centraal,246.0,False,3.4764728210122846,2.249226316777232,261.72569913778955,261.72569913778955
Frankfurt,Sevilla,FRA,SVQ,1817.0,175.0,323.66,148.66000000000003,50.1106,8.6822,37.39,-5.99,,,,,,,,323.66
Frankfurt,Sofia,FRA,SOF,1400.0,135.0,281.04,146.04000000000002,50.1106,8.6822,42.7,23.33,,,,,,,,281.04
Frankfurt,Stockholm,FRA,ARN,1223.0,125.0,315.22,190.22000000000003,50.1106,8.6822,59.3294,18.0686,Frankfurt(Main)Hbf,Stockholm Central,889.0,False,3.4764728210122846,1.5022922376589065,903.9787650586712,315.22
Frankfurt,Stuttgart,FRA,STR,157.0,40.0,190.06,150.06,50.1106,8.6822,48.7775,9.18,Frankfurt(Main)Hbf,Stuttgart Hbf,78.0,False,3.4764728210122846,2.002376007570269,93.47884882858254,93.47884882858254
Frankfurt,Tallinn,FRA,TLL,1468.0,140.0,281.2,141.2,50.1106,8.6822,59.4372,24.7453,,,,,,,,281.2
Frankfurt,Tilburg,,,,,,,,,,,Frankfurt(Main)Hbf,Tilburg,237.0,True,3.4764728210122846,2.8326204398011785,253.30909326081348,253.30909326081348
Frankfurt,Toulouse,FRA,TLS,899.0,105.0,249.95,144.95,50.1106,8.6822,43.6045,1.444,Frankfurt(Main)Hbf,Toulouse-Matabiau,560.0,False,3.4764728210122846,2.6617812245934145,576.1382540456057,249.95
Frankfurt,Turin,FRA,TRN,544.0,80.0,234.64,154.64,50.1106,8.6822,45.0792,7.6761,Frankfurt(Main)Hbf,Torino Porta Susa,549.0,False,3.4764728210122846,2.8476007865249664,565.3240736075372,234.64
Frankfurt,Valencia,FRA,VLC,1372.0,145.0,293.53,148.52999999999997,50.1106,8.6822,39.47,-0.3764,,,,,,,,293.53
Frankfurt,Vienna,FRA,VIE,621.0,85.0,246.4,161.4,50.1106,8.6822,48.2083,16.3725,Frankfurt(Main)Hbf,Wien Hbf,362.0,False,3.4764728210122846,6.245212775155993,381.7216855961683,246.4
Frankfurt,Vilnius,FRA,VNO,1243.0,125.0,267.87,142.87,50.1106,8.6822,54.6872,25.28,,,,,,,,267.87
Frankfurt,Warsaw,FRA,WAW,898.0,100.0,246.1,146.1,50.1106,8.6822,52.23,21.0111,Frankfurt(Main)Hbf,Warszawa Centralna,583.0,False,3.4764728210122846,1.3212540896707794,597.7977269106831,246.1
Frankfurt,Wrocław,,,,,,,,,,,Frankfurt(Main)Hbf,Wroclaw Glowny,431.0,False,3.4764728210122846,3.2731677390709937,447.74964056008326,447.74964056008326
Frankfurt,Zagreb,FRA,ZAG,736.0,80.0,232.03,152.03,50.1106,8.6822,45.8131,15.9775,Frankfurt(Main)Hbf,Zagreb Glavni kolodvor,803.0,False,3.4764728210122846,2.3224288673449607,818.7989016883572,232.03
Genoa,Amsterdam,GOA,AMS,928.0,115.0,261.79,146.79000000000002,44.4111,8.9328,52.3728,4.8936,Genova Piazza Principe,Amsterdam Centraal,1026.0,False,2.6646692679586454,1.9520337879727412,1040.6167030559316,261.79
Genoa,Antwerp,,,,,,,,,,,Genova Piazza Principe,Antwerpen Centraal,828.0,False,2.6646692679586454,3.5284359653773953,844.193105233336,844.193105233336
Genoa,Barcelona,GOA,BCN,652.0,90.0,238.15,148.15,44.4111,8.9328,41.3828,2.1769,Genova Piazza Principe,Barcelona Sants,754.0,False,2.6646692679586454,7.388093774297752,774.0527630422564,238.15
Genoa,Berlin,,,,,,,,,,,Genova Piazza Principe,Berlin Hbf,856.0,False,2.6646692679586454,5.947266480604848,874.6119357485635,874.6119357485635
Genoa,Bordeaux,,,,,,,,,,,Genova Piazza Principe,Bordeaux-St-Jean,773.0,False,2.6646692679586454,5.811588377462907,791.4762576454216,791.4762576454216
Genoa,Bratislava,,,,,,,,,,,Genova Piazza Principe,Bratislava hl.st.,805.0,False,2.6646692679586454,4.046858342350235,821.7115276103088,821.7115276103088
Genoa,Bremen,,,,,,,,,,,Genova Piazza Principe,Bremen Hbf,869.0,False,2.6646692679586454,2.309271364404068,883.9739406323627,883.9739406323627
Genoa,Brussels,GOA,CRL,749.0,100.0,295.3,195.3,44.4111,8.9328,50.8467,4.3525,Genova Piazza Principe,Bruxelles Midi,709.0,False,2.6646692679586454,4.14169289941754,725.8063621673762,295.3
Genoa,Bucharest,GOA,OTP,1367.0,135.0,288.14,153.14,44.4111,8.9328,44.4325,26.1039,,,,,,,,288.14
Genoa,Budapest,,,,,,,,,,,Genova Piazza Principe,Budapest-Nyugati,931.0,False,2.6646692679586454,4.980157462200125,948.6448267301588,948.6448267301588
Genoa,Copenhagen,GOA,CPH,1276.0,125.0,265.62,140.62,44.4111,8.9328,55.6761,12.5683,Genova Piazza Principe,Koebenhavns Lufthavn st,1222.0,False,2.6646692679586454,17.4069941581493,1252.071663426108,265.62
Genoa,Dortmund,,,,,,,,,,,Genova Piazza Principe,Dortmund Hbf,763.0,False,2.6646692679586454,1.460615015563283,777.1252842835219,777.1252842835219
Genoa,Dresden,,,,,,,,,,,Genova Piazza Principe,Dresden Hbf,975.0,False,2.6646692679586454,2.8510360388781235,990.5157053068367,990.5157053068367
Genoa,Duisburg,,,,,,,,,,,Genova Piazza Principe,Duisburg Hbf,711.0,False,2.6646692679586454,2.5870950877797454,726.2517643557384,726.2517643557384
Genoa,Düsseldorf,GOA,DUS,778.0,100.0,237.53,137.53,44.4111,8.9328,51.2333,6.7833,Genova Piazza Principe,Düsseldorf Hbf,695.0,False,2.6646692679586454,4.00763955017613,711.6723088181348,237.53
Genoa,Essen,,,,,,,,,,,Genova Piazza Principe,Essen Hbf,724.0,False,2.6646692679586454,0.31813865528361085,736.9828079232423,736.9828079232423
Genoa,Frankfurt,GOA,FRA,626.0,85.0,230.3,145.3,44.4111,8.9328,50.1106,8.6822,Genova Piazza Principe,Frankfurt(Main)Hbf,590.0,False,2.6646692679586454,3.4764728210122846,606.1411420889709,230.3
Genoa,Hamburg,,,,,,,,,,,Genova Piazza Principe,Hamburg Hbf,851.0,False,2.6646692679586454,1.316441566346405,864.981110834305,864.981110834305
Genoa,Hannover,,,,,,,,,,,Genova Piazza Principe,Hannover Hbf,767.0,False,2.6646692679586454,4.786629448184535,784.4512987161431,784.4512987161431
Genoa,Kraków,,,,,,,,,,,Genova Piazza Principe,Krakow Glowny,1276.0,False,2.6646692679586454,2.336597225946072,1291.0012664939047,1291.0012664939047
Genoa,Leipzig,,,,,,,,,,,Genova Piazza Principe,Leipzig Hbf,770.0,False,2.6646692679586454,1.875769965295063,784.5404392332537,784.5404392332537
Genoa,Ljubljana,,,,,,,,,,,Genova Piazza Principe,Ljubljana,590.0,False,2.6646692679586454,2.321449509647903,604.9861187776065,604.9861187776065
Genoa,Luxembourg,GOA,LUX,613.0,100.0,238.78,138.78,44.4111,8.9328,49.6117,6.1319,Genova Piazza Principe,Luxembourg,690.0,False,2.6646692679586454,3.2276729444989756,705.8923422124576,238.78
Genoa,Lyon,,,,,,,,,,,Genova Piazza Principe,Lyon Part Dieu,401.0,False,2.6646692679586454,3.7248506527149634,417.3895199206736,417.3895199206736
Genoa,Marseille,,,,,,,,,,,Genova Piazza Principe,Marseille-St-Charles,365.0,False,2.6646692679586454,3.0494630085437278,380.71413227650237,380.71413227650237
Genoa,Munich,GOA,MUC,492.0,75.0,247.95,172.95,44.4111,8.9328,48.1375,11.575,Genova Piazza Principe,München Hbf,549.0,False,2.6646692679586454,3.0560823139438047,564.7207515819024,247.95
Genoa,Naples,GOA,NAP,593.0,85.0,225.05,140.05,44.4111,8.9328,40.8333,14.25,,,,,,,,225.05
Genoa,Nuremberg,,,,,,,,,,,Genova Piazza Principe,Nürnberg Hbf,654.0,False,2.6646692679586454,2.407122595922898,669.0717918638816,669.0717918638816
Genoa,Paris,GOA,ORY,690.0,100.0,251.23,151.23,44.4111,8.9328,48.8567,2.3522,Genova Piazza Principe,Paris Gare de Lyon,525.0,False,2.6646692679586454,4.976732490936343,542.641401758895,251.23
Genoa,Poznań,,,,,,,,,,,Genova Piazza Principe,Poznan Glowny,1214.0,False,2.6646692679586454,4.065435329407926,1230.7301045973666,1230.7301045973666
Genoa,Prague,,,,,,,,,,,Genova Piazza Principe,Praha hl.n.,1071.0,False,2.6646692679586454,2.772415453338628,1086.4370847212974,1086.4370847212974
Genoa,Rome,GOA,FCO,401.0,65.0,228.04,163.04,44.4111,8.9328,41.8933,12.4828,Genova Piazza Principe,Roma Tiburtina,309.0,False,2.6646692679586454,10.76586299605856,332.4305322640172,228.04
Genoa,Rotterdam,,,,,,,,,,,Genova Piazza Principe,Rotterdam Centraal,1015.0,False,2.6646692679586454,2.249226316777232,1029.9138955847359,1029.9138955847359
Genoa,Stockholm,,,,,,,,,,,Genova Piazza Principe,Stockholm Central,1600.0,False,2.6646692679586454,1.5022922376589065,1614.1669615056176,1614.1669615056176
Genoa,Stuttgart,,,,,,,,,,,Genova Piazza Principe,Stuttgart Hbf,553.0,False,2.6646692679586454,2.002376007570269,567.667045275529,567.667045275529
Genoa,Tilburg,,,,,,,,,,,Genova Piazza Principe,Tilburg,849.0,False,2.6646692679586454,2.8326204398011785,864.4972897077598,864.4972897077598
Genoa,Toulouse,,,,,,,,,,,Genova Piazza Principe,Toulouse-Matabiau,618.0,False,2.6646692679586454,2.6617812245934145,633.326450492552,633.326450492552
Genoa,Turin,,,,,,,,,,,Genova Piazza Principe,Torino Porta Susa,113.0,False,2.6646692679586454,2.8476007865249664,128.51227005448362,128.51227005448362
Genoa,Vienna,,,,,,,,,,,Genova Piazza Principe,Wien Hbf,708.0,False,2.6646692679586454,6.245212775155993,726.9098820431146,726.9098820431146
Genoa,Warsaw,,,,,,,,,,,Genova Piazza Principe,Warszawa Centralna,1361.0,False,2.6646692679586454,1.3212540896707794,1374.9859233576294,1374.9859233576294
Genoa,Wrocław,,,,,,,,,,,Genova Piazza Principe,Wroclaw Glowny,1211.0,False,2.6646692679586454,3.2731677390709937,1226.9378370070297,1226.9378370070297
Genoa,Zagreb,,,,,,,,,,,Genova Piazza Principe,Zagreb Glavni kolodvor,955.0,False,2.6646692679586454,2.3224288673449607,969.9870981353035,969.9870981353035
Gothenburg,Amsterdam,GOT,AMS,765.0,95.0,261.98,166.98000000000002,57.7075,11.9675,52.3728,4.8936,,,,,,,,261.98
Gothenburg,Athens,GOT,ATH,2353.0,205.0,384.78,179.77999999999997,57.7075,11.9675,37.9842,23.7281,,,,,,,,384.78
Gothenburg,Barcelona,GOT,BCN,1959.0,180.0,348.33,168.32999999999998,57.7075,11.9675,41.3828,2.1769,,,,,,,,348.33
Gothenburg,Berlin,GOT,BER,595.0,75.0,252.43,177.43,57.7075,11.9675,52.52,13.405,,,,,,,,252.43
Gothenburg,Brussels,GOT,BRU,907.0,105.0,271.14,166.14,57.7075,11.9675,50.8467,4.3525,,,,,,,,271.14
Gothenburg,Budapest,GOT,BUD,1231.0,125.0,300.67,175.67000000000002,57.7075,11.9675,47.4925,19.0514,,,,,,,,300.67
Gothenburg,Copenhagen,GOT,CPH,227.0,45.0,205.8,160.8,57.7075,11.9675,55.6761,12.5683,,,,,,,,205.8
Gothenburg,Düsseldorf,GOT,DUS,795.0,90.0,247.71,157.71,57.7075,11.9675,51.2333,6.7833,,,,,,,,247.71
Gothenburg,Frankfurt,GOT,FRA,882.0,105.0,270.49,165.49,57.7075,11.9675,50.1106,8.6822,,,,,,,,270.49
Gothenburg,Hamburg,GOT,HAM,471.0,65.0,228.54,163.54,57.7075,11.9675,53.55,10.0,,,,,,,,228.54
Gothenburg,Helsinki,GOT,HEL,784.0,115.0,289.63,174.63,57.7075,11.9675,60.1708,24.9375,,,,,,,,289.63
Gothenburg,Kraków,GOT,KRK,977.0,105.0,270.51,165.51,57.7075,11.9675,50.0614,19.9372,,,,,,,,270.51
Gothenburg,Lyon,GOT,LYS,1417.0,215.0,393.68,178.68,57.7075,11.9675,45.76,4.84,,,,,,,,393.68
Gothenburg,Milan,GOT,BGY,1347.0,140.0,357.97,217.97000000000003,57.7075,11.9675,45.4669,9.19,,,,,,,,357.97
Gothenburg,Munich,GOT,MUC,1037.0,110.0,303.14,193.14,57.7075,11.9675,48.1375,11.575,,,,,,,,303.14
Gothenburg,Málaga,GOT,AGP,2641.0,230.0,391.85,161.85000000000002,57.7075,11.9675,36.7194,-4.42,,,,,,,,391.85
Gothenburg,Paris,GOT,CDG,1159.0,140.0,323.9,183.89999999999998,57.7075,11.9675,48.8567,2.3522,,,,,,,,323.9
Gothenburg,Prague,GOT,PRG,851.0,95.0,261.82,166.82,57.7075,11.9675,50.0875,14.4214,,,,,,,,261.82
Gothenburg,Riga,GOT,RIX,708.0,80.0,242.33,162.33,57.7075,11.9675,56.9489,24.1064,,,,,,,,242.33
Gothenburg,Rome,GOT,FCO,1765.0,170.0,353.22,183.22000000000003,57.7075,11.9675,41.8933,12.4828,,,,,,,,353.22
Gothenburg,Stockholm,GOT,BMA,379.0,65.0,226.28,161.28,57.7075,11.9675,59.3294,18.0686,,,,,,,,226.28
Gothenburg,Vienna,GOT,VIE,1100.0,110.0,285.86,175.86,57.7075,11.9675,48.2083,16.3725,,,,,,,,285.86
Gothenburg,Warsaw,GOT,WAW,825.0,95.0,255.56,160.56,57.7075,11.9675,52.23,21.0111,,,,,,,,255.56
Gothenburg,Zagreb,GOT,ZAG,1352.0,135.0,301.49,166.49,57.7075,11.9675,45.8131,15.9775,,,,,,,,301.49
Hamburg,Amsterdam,HAM,AMS,381.0,70.0,220.57,150.57,53.55,10.0,52.3728,4.8936,Hamburg Hbf,Amsterdam Centraal,315.0,False,1.316441566346405,1.9520337879727412,328.26847535431915,220.57
Hamburg,Antwerp,,,,,,,,,,,Hamburg Hbf,Antwerpen Centraal,401.0,False,1.316441566346405,3.5284359653773953,415.8448775317238,415.8448775317238
Hamburg,Athens,HAM,ATH,2045.0,180.0,343.38,163.38,53.55,10.0,37.9842,23.7281,,,,,,,,343.38
Hamburg,Barcelona,HAM,BCN,1493.0,155.0,306.93,151.93,53.55,10.0,41.3828,2.1769,Hamburg Hbf,Barcelona Sants,1025.0,False,1.316441566346405,7.388093774297752,1043.704535340644,306.93
Hamburg,Berlin,,,,,,,,,,,Hamburg Hbf,Berlin Hbf,151.0,True,1.316441566346405,5.947266480604848,168.26370804695125,168.26370804695125
Hamburg,Bordeaux,HAM,BOD,1248.0,135.0,283.1,148.10000000000002,53.55,10.0,44.84,-0.58,Hamburg Hbf,Bordeaux-St-Jean,645.0,True,1.316441566346405,5.811588377462907,662.1280299438093,283.1
Hamburg,Bratislava,,,,,,,,,,,Hamburg Hbf,Bratislava hl.st.,609.0,False,1.316441566346405,4.046858342350235,624.3632999086966,624.3632999086966
Hamburg,Bremen,,,,,,,,,,,Hamburg Hbf,Bremen Hbf,56.0,True,1.316441566346405,2.309271364404068,69.62571293075047,69.62571293075047
Hamburg,Brussels,HAM,BRU,484.0,70.0,219.74,149.74,53.55,10.0,50.8467,4.3525,Hamburg Hbf,Bruxelles Midi,383.0,False,1.316441566346405,4.14169289941754,398.4581344657639,219.74
Hamburg,Bucharest,HAM,OTP,1540.0,155.0,311.92,156.92000000000002,53.55,10.0,44.4325,26.1039,,,,,,,,311.92
Hamburg,Budapest,HAM,BUD,950.0,100.0,259.27,159.26999999999998,53.55,10.0,47.4925,19.0514,,,,,,,,259.27
Hamburg,Cologne,HAM,CGN,364.0,60.0,213.85,153.85,53.55,10.0,50.9364,6.9528,Hamburg Hbf,Köln Messe/Deutz,254.0,False,1.316441566346405,3.9197525107529603,269.23619407709936,213.85
Hamburg,Copenhagen,HAM,CPH,280.0,60.0,204.4,144.4,53.55,10.0,55.6761,12.5683,Hamburg Hbf,Koebenhavns Lufthavn st,321.0,False,1.316441566346405,17.4069941581493,349.7234357244957,204.4
Hamburg,Dortmund,,,,,,,,,,,Hamburg Hbf,Dortmund Hbf,167.0,True,1.316441566346405,1.460615015563283,179.7770565819097,179.7770565819097
Hamburg,Dresden,,,,,,,,,,,Hamburg Hbf,Dresden Hbf,306.0,False,1.316441566346405,2.8510360388781235,320.1674776052245,320.1674776052245
Hamburg,Duisburg,,,,,,,,,,,Hamburg Hbf,Duisburg Hbf,206.0,True,1.316441566346405,2.5870950877797454,219.90353665412616,219.90353665412616
Hamburg,Düsseldorf,HAM,DUS,342.0,55.0,196.31,141.31,53.55,10.0,51.2333,6.7833,Hamburg Hbf,Düsseldorf Hbf,220.0,True,1.316441566346405,4.00763955017613,235.32408111652254,196.31
Hamburg,Essen,,,,,,,,,,,Hamburg Hbf,Essen Hbf,193.0,True,1.316441566346405,0.31813865528361085,204.63458022163002,204.63458022163002
Hamburg,Frankfurt,HAM,FRA,410.0,70.0,219.08,149.08,53.55,10.0,50.1106,8.6822,Hamburg Hbf,Frankfurt(Main)Hbf,215.0,True,1.316441566346405,3.4764728210122846,229.7929143873587,219.08
Hamburg,Gothenburg,HAM,GOT,471.0,65.0,228.54,163.54,53.55,10.0,57.7075,11.9675,,,,,,,,228.54
Hamburg,Hannover,,,,,,,,,,,Hamburg Hbf,Hannover Hbf,75.0,False,1.316441566346405,4.786629448184535,91.10307101453094,91.10307101453094
Hamburg,Helsinki,HAM,HEL,1170.0,110.0,268.23,158.23000000000002,53.55,10.0,60.1708,24.9375,,,,,,,,268.23
Hamburg,Kraków,,,,,,,,,,,Hamburg Hbf,Krakow Glowny,595.0,False,1.316441566346405,2.336597225946072,608.6530387922925,608.6530387922925
Hamburg,Leipzig,,,,,,,,,,,Hamburg Hbf,Leipzig Hbf,237.0,False,1.316441566346405,1.875769965295063,250.19221153164148,250.19221153164148
Hamburg,Lisbon,HAM,LIS,2201.0,225.0,366.56,141.56,53.55,10.0,38.7253,-9.15,,,,,,,,366.56
Hamburg,Ljubljana,,,,,,,,,,,Hamburg Hbf,Ljubljana,737.0,False,1.316441566346405,2.321449509647903,750.6378910759943,750.6378910759943
Hamburg,Luxembourg,HAM,LUX,516.0,80.0,222.56,142.56,53.55,10.0,49.6117,6.1319,Hamburg Hbf,Luxembourg,434.0,False,1.316441566346405,3.2276729444989756,448.54411451084536,222.56
Hamburg,Lyon,HAM,LYS,948.0,110.0,272.28,162.27999999999997,53.55,10.0,45.76,4.84,,,,,,,,272.28
Hamburg,Madrid,HAM,MAD,1781.0,180.0,335.02,155.01999999999998,53.55,10.0,40.4169,-3.7033,,,,,,,,335.02
Hamburg,Milan,HAM,LIN,910.0,105.0,249.05,144.05,53.55,10.0,45.4669,9.19,,,,,,,,249.05
Hamburg,Munich,HAM,MUC,600.0,75.0,251.73,176.73,53.55,10.0,48.1375,11.575,Hamburg Hbf,München Hbf,339.0,False,1.316441566346405,3.0560823139438047,353.3725238802902,251.73
Hamburg,Málaga,HAM,AGP,2192.0,200.0,345.45,145.45,53.55,10.0,36.7194,-4.42,,,,,,,,345.45
Hamburg,Naples,HAM,NAP,1452.0,145.0,288.83,143.82999999999998,53.55,10.0,40.8333,14.25,,,,,,,,288.83
Hamburg,Nuremberg,HAM,NUE,466.0,65.0,205.29,140.29,53.55,10.0,49.4539,11.0775,Hamburg Hbf,Nürnberg Hbf,264.0,False,1.316441566346405,2.407122595922898,277.72356416226927,205.29
Hamburg,Paris,HAM,CDG,730.0,95.0,262.5,167.5,53.55,10.0,48.8567,2.3522,,,,,,,,262.5
Hamburg,Poznań,,,,,,,,,,,Hamburg Hbf,Poznan Glowny,341.0,True,1.316441566346405,4.065435329407926,356.3818768957543,356.3818768957543
Hamburg,Prague,,,,,,,,,,,Hamburg Hbf,Praha hl.n.,444.0,False,1.316441566346405,2.772415453338628,458.088857019685,458.088857019685
Hamburg,Riga,HAM,RIX,958.0,100.0,245.93,145.93,53.55,10.0,56.9489,24.1064,,,,,,,,245.93
Hamburg,Rome,HAM,FCO,1326.0,135.0,301.82,166.82,53.55,10.0,41.8933,12.4828,,,,,,,,301.82
Hamburg,Rotterdam,,,,,,,,,,,Hamburg Hbf,Rotterdam Centraal,331.0,False,1.316441566346405,2.249226316777232,344.56566788312364,344.56566788312364
Hamburg,Sofia,HAM,SOF,1567.0,155.0,299.1,144.10000000000002,53.55,10.0,42.7,23.33,,,,,,,,299.1
Hamburg,Stockholm,HAM,ARN,826.0,90.0,278.28,188.27999999999997,53.55,10.0,59.3294,18.0686,Hamburg Hbf,Stockholm Central,643.0,False,1.316441566346405,1.5022922376589065,655.8187338040053,278.28
Hamburg,Stuttgart,HAM,STR,552.0,75.0,223.12,148.12,53.55,10.0,48.7775,9.18,Hamburg Hbf,Stuttgart Hbf,309.0,False,1.316441566346405,2.002376007570269,322.31881757391665,223.12
Hamburg,Tallinn,HAM,TLL,1111.0,110.0,249.26,139.26,53.55,10.0,59.4372,24.7453,,,,,,,,249.26
Hamburg,Tilburg,,,,,,,,,,,Hamburg Hbf,Tilburg,341.0,False,1.316441566346405,2.8326204398011785,355.1490620061476,355.1490620061476
Hamburg,Valencia,HAM,VLC,1760.0,165.0,311.59,146.58999999999997,53.55,10.0,39.47,-0.3764,,,,,,,,311.59
Hamburg,Vienna,HAM,VIE,766.0,90.0,249.46,159.46,53.55,10.0,48.2083,16.3725,Hamburg Hbf,Wien Hbf,526.0,False,1.316441566346405,6.245212775155993,543.5616543415024,249.46
Hamburg,Vilnius,HAM,VNO,1002.0,110.0,250.93,140.93,53.55,10.0,54.6872,25.28,,,,,,,,250.93
Hamburg,Warsaw,HAM,WAW,754.0,90.0,234.16,144.16,53.55,10.0,52.23,21.0111,Hamburg Hbf,Warszawa Centralna,488.0,False,1.316441566346405,1.3212540896707794,500.6376956560172,234.16
Hamburg,Wrocław,,,,,,,,,,,Hamburg Hbf,Wroclaw Glowny,419.0,False,1.316441566346405,3.2731677390709937,433.58960930541735,433.58960930541735
Hannover,Amsterdam,HAJ,AMS,336.0,65.0,217.6,152.6,52.3667,9.7167,52.3728,4.8936,Hannover Hbf,Amsterdam Centraal,244.0,False,4.786629448184535,1.9520337879727412,260.7386632361573,217.6
Hannover,Antwerp,,,,,,,,,,,Hannover Hbf,Antwerpen Centraal,326.0,False,4.786629448184535,3.5284359653773953,344.31506541356197,344.31506541356197
Hannover,Athens,HAJ,ATH,1956.0,175.0,340.41,165.41000000000003,52.3667,9.7167,37.9842,23.7281,,,,,,,,340.41
Hannover,Barcelona,HAJ,BCN,1367.0,145.0,298.95,153.95,52.3667,9.7167,41.3828,2.1769,Hannover Hbf,Barcelona Sants,939.0,False,4.786629448184535,7.388093774297752,961.1747232224823,298.95
Hannover,Berlin,,,,,,,,,,,Hannover Hbf,Berlin Hbf,93.0,False,4.786629448184535,5.947266480604848,113.7338959287894,113.7338959287894
Hannover,Bordeaux,,,,,,,,,,,Hannover Hbf,Bordeaux-St-Jean,561.0,True,4.786629448184535,5.811588377462907,581.5982178256475,581.5982178256475
Hannover,Bratislava,,,,,,,,,,,Hannover Hbf,Bratislava hl.st.,523.0,False,4.786629448184535,4.046858342350235,541.8334877905347,541.8334877905347
Hannover,Bremen,,,,,,,,,,,Hannover Hbf,Bremen Hbf,60.0,False,4.786629448184535,2.309271364404068,77.09590081258861,77.09590081258861
Hannover,Brussels,,,,,,,,,,,Hannover Hbf,Bruxelles Midi,295.0,False,4.786629448184535,4.14169289941754,313.9283223476021,313.9283223476021
Hannover,Budapest,,,,,,,,,,,Hannover Hbf,Budapest-Nyugati,647.0,False,4.786629448184535,4.980157462200125,666.7667869103847,666.7667869103847
Hannover,Cologne,,,,,,,,,,,Hannover Hbf,Köln Messe/Deutz,166.0,False,4.786629448184535,3.9197525107529603,184.7063819589375,184.7063819589375
Hannover,Copenhagen,HAJ,CPH,402.0,75.0,221.43,146.43,52.3667,9.7167,55.6761,12.5683,Hannover Hbf,Koebenhavns Lufthavn st,425.0,False,4.786629448184535,17.4069941581493,457.19362360633386,221.43
Hannover,Dortmund,,,,,,,,,,,Hannover Hbf,Dortmund Hbf,99.0,True,4.786629448184535,1.460615015563283,115.24724446374782,115.24724446374782
Hannover,Dresden,,,,,,,,,,,Hannover Hbf,Dresden Hbf,216.0,False,4.786629448184535,2.8510360388781235,233.63766548706266,233.63766548706266
Hannover,Duisburg,,,,,,,,,,,Hannover Hbf,Duisburg Hbf,137.0,True,4.786629448184535,2.5870950877797454,154.37372453596427,154.37372453596427
Hannover,Düsseldorf,,,,,,,,,,,Hannover Hbf,Düsseldorf Hbf,156.0,True,4.786629448184535,4.00763955017613,174.79426899836065,174.79426899836065
Hannover,Essen,,,,,,,,,,,Hannover Hbf,Essen Hbf,124.0,True,4.786629448184535,0.31813865528361085,139.10476810346813,139.10476810346813
Hannover,Frankfurt,HAJ,FRA,279.0,55.0,206.11,151.11,52.3667,9.7167,50.1106,8.6822,Hannover Hbf,Frankfurt(Main)Hbf,137.0,True,4.786629448184535,3.4764728210122846,155.26310226919682,155.26310226919682
Hannover,Genoa,,,,,,,,,,,Hannover Hbf,Genova Piazza Principe,724.0,False,4.786629448184535,2.6646692679586454,741.4512987161431,741.4512987161431
Hannover,Hamburg,,,,,,,,,,,Hannover Hbf,Hamburg Hbf,81.0,False,4.786629448184535,1.316441566346405,97.10307101453094,97.10307101453094
Hannover,Kraków,,,,,,,,,,,Hannover Hbf,Krakow Glowny,520.0,False,4.786629448184535,2.336597225946072,537.1232266741306,537.1232266741306
Hannover,Leipzig,,,,,,,,,,,Hannover Hbf,Leipzig Hbf,158.0,False,4.786629448184535,1.875769965295063,174.6623994134796,174.6623994134796
Hannover,Ljubljana,,,,,,,,,,,Hannover Hbf,Ljubljana,651.0,False,4.786629448184535,2.321449509647903,668.1080789578324,668.1080789578324
Hannover,Luxembourg,,,,,,,,,,,Hannover Hbf,Luxembourg,402.0,False,4.786629448184535,3.2276729444989756,420.01430239268353,420.01430239268353
Hannover,Lyon,,,,,,,,,,,Hannover Hbf,Lyon Part Dieu,545.0,False,4.786629448184535,3.7248506527149634,563.5114801008995,563.5114801008995
Hannover,Marseille,,,,,,,,,,,Hannover Hbf,Marseille-St-Charles,653.0,False,4.786629448184535,3.0494630085437278,670.8360924567282,670.8360924567282
Hannover,Milan,HAJ,BGY,755.0,95.0,298.6,203.60000000000002,52.3667,9.7167,45.4669,9.19,Hannover Hbf,Milano Porta Garibaldi,628.0,False,4.786629448184535,4.707315782392735,647.4939452305772,298.6
Hannover,Munich,HAJ,MUC,480.0,70.0,248.76,178.76,52.3667,9.7167,48.1375,11.575,Hannover Hbf,München Hbf,253.0,True,4.786629448184535,3.0560823139438047,270.8427117621284,248.76
Hannover,Málaga,HAJ,AGP,2076.0,200.0,347.48,147.48000000000002,52.3667,9.7167,36.7194,-4.42,,,,,,,,347.48
Hannover,Naples,HAJ,NAP,1333.0,140.0,285.86,145.86,52.3667,9.7167,40.8333,14.25,,,,,,,,285.86
Hannover,Nuremberg,,,,,,,,,,,Hannover Hbf,Nürnberg Hbf,178.0,True,4.786629448184535,2.407122595922898,195.1937520441074,195.1937520441074
Hannover,Paris,HAJ,CDG,632.0,95.0,264.53,169.52999999999997,52.3667,9.7167,48.8567,2.3522,,,,,,,,264.53
Hannover,Poznań,,,,,,,,,,,Hannover Hbf,Poznan Glowny,269.0,False,4.786629448184535,4.065435329407926,287.8520647775925,287.8520647775925
Hannover,Prague,,,,,,,,,,,Hannover Hbf,Praha hl.n.,354.0,False,4.786629448184535,2.772415453338628,371.5590449015232,371.5590449015232
Hannover,Rome,HAJ,FCO,1201.0,125.0,293.84,168.83999999999997,52.3667,9.7167,41.8933,12.4828,Hannover Hbf,Roma Tiburtina,842.0,True,4.786629448184535,10.76586299605856,867.5524924442431,293.84
Hannover,Rotterdam,,,,,,,,,,,Hannover Hbf,Rotterdam Centraal,269.0,False,4.786629448184535,2.249226316777232,286.0358557649618,286.0358557649618
Hannover,Stockholm,HAJ,ARN,949.0,110.0,300.31,190.31,52.3667,9.7167,59.3294,18.0686,Hannover Hbf,Stockholm Central,747.0,False,4.786629448184535,1.5022922376589065,763.2889216858434,300.31
Hannover,Stuttgart,,,,,,,,,,,Hannover Hbf,Stuttgart Hbf,225.0,True,4.786629448184535,2.002376007570269,241.7890054557548,241.7890054557548
Hannover,Tilburg,,,,,,,,,,,Hannover Hbf,Tilburg,270.0,False,4.786629448184535,2.8326204398011785,287.61924988798575,287.61924988798575
Hannover,Toulouse,HAJ,TLS,1159.0,130.0,275.03,145.02999999999997,52.3667,9.7167,43.6045,1.444,Hannover Hbf,Toulouse-Matabiau,737.0,False,4.786629448184535,2.6617812245934145,754.4484106727779,275.03
Hannover,Turin,,,,,,,,,,,Hannover Hbf,Torino Porta Susa,716.0,False,4.786629448184535,2.8476007865249664,733.6342302347094,733.6342302347094
Hannover,Vienna,HAJ,VIE,686.0,85.0,246.49,161.49,52.3667,9.7167,48.2083,16.3725,Hannover Hbf,Wien Hbf,440.0,False,4.786629448184535,6.245212775155993,461.03184222334056,246.49
Hannover,Warsaw,,,,,,,,,,,Hannover Hbf,Warszawa Centralna,414.0,False,4.786629448184535,1.3212540896707794,430.10788353785534,430.10788353785534
Hannover,Wrocław,,,,,,,,,,,Hannover Hbf,Wroclaw Glowny,349.0,False,4.786629448184535,3.2731677390709937,367.0597971872555,367.0597971872555
Hannover,Zagreb,,,,,,,,,,,Hannover Hbf,Zagreb Glavni kolodvor,833.0,False,4.786629448184535,2.3224288673449607,850.1090583155294,850.1090583155294
Helsinki,Amsterdam,HEL,AMS,1525.0,155.0,316.66,161.66000000000003,60.1708,24.9375,52.3728,4.8936,,,,,,,,316.66
Helsinki,Athens,HEL,ATH,2490.0,220.0,394.47,174.47000000000003,60.1708,24.9375,37.9842,23.7281,,,,,,,,394.47
Helsinki,Barcelona,HEL,BCN,2631.0,235.0,398.02,163.01999999999998,60.1708,24.9375,41.3828,2.1769,,,,,,,,398.02
Helsinki,Berlin,HEL,BER,1130.0,120.0,292.12,172.12,60.1708,24.9375,52.52,13.405,,,,,,,,292.12
Helsinki,Brussels,HEL,BRU,1651.0,160.0,320.82,160.82,60.1708,24.9375,50.8467,4.3525,,,,,,,,320.82
Helsinki,Budapest,HEL,BUD,1481.0,145.0,315.36,170.36,60.1708,24.9375,47.4925,19.0514,,,,,,,,315.36
Helsinki,Copenhagen,HEL,CPH,894.0,100.0,255.49,155.49,60.1708,24.9375,55.6761,12.5683,,,,,,,,255.49
Helsinki,Düsseldorf,HEL,DUS,1512.0,150.0,302.4,152.39999999999998,60.1708,24.9375,51.2333,6.7833,,,,,,,,302.4
Helsinki,Frankfurt,HEL,FRA,1539.0,160.0,320.17,160.17000000000002,60.1708,24.9375,50.1106,8.6822,,,,,,,,320.17
Helsinki,Gothenburg,HEL,GOT,784.0,120.0,294.63,174.63,60.1708,24.9375,57.7075,11.9675,,,,,,,,294.63
Helsinki,Hamburg,HEL,HAM,1170.0,120.0,278.23,158.23000000000002,60.1708,24.9375,53.55,10.0,,,,,,,,278.23
Helsinki,Kraków,HEL,KRK,1185.0,120.0,280.2,160.2,60.1708,24.9375,50.0614,19.9372,,,,,,,,280.2
Helsinki,Lisbon,HEL,LIS,3370.0,295.0,447.65,152.64999999999998,60.1708,24.9375,38.7253,-9.15,,,,,,,,447.65
Helsinki,Ljubljana,HEL,LJU,1712.0,155.0,330.2,175.2,60.1708,24.9375,46.0514,14.5061,,,,,,,,330.2
Helsinki,Madrid,HEL,MAD,2950.0,265.0,431.11,166.11,60.1708,24.9375,40.4169,-3.7033,,,,,,,,431.11
Helsinki,Milan,HEL,LIN,1950.0,185.0,340.14,155.14,60.1708,24.9375,45.4669,9.19,,,,,,,,340.14
Helsinki,Munich,HEL,MUC,1577.0,155.0,342.82,187.82,60.1708,24.9375,48.1375,11.575,,,,,,,,342.82
Helsinki,Málaga,HEL,AGP,3356.0,285.0,441.54,156.54000000000002,60.1708,24.9375,36.7194,-4.42,,,,,,,,441.54
Helsinki,Naples,HEL,NAP,2283.0,210.0,364.92,154.92000000000002,60.1708,24.9375,40.8333,14.25,,,,,,,,364.92
Helsinki,Paris,HEL,CDG,1900.0,185.0,363.59,178.58999999999997,60.1708,24.9375,48.8567,2.3522,,,,,,,,363.59
Helsinki,Prague,HEL,PRG,1321.0,135.0,296.51,161.51,60.1708,24.9375,50.0875,14.4214,,,,,,,,296.51
Helsinki,Riga,HEL,RIX,382.0,70.0,227.02,157.02,60.1708,24.9375,56.9489,24.1064,,,,,,,,227.02
Helsinki,Rome,HEL,FCO,2236.0,210.0,387.91,177.91000000000003,60.1708,24.9375,41.8933,12.4828,,,,,,,,387.91
Helsinki,Sofia,HEL,SOF,1964.0,170.0,325.19,155.19,60.1708,24.9375,42.7,23.33,,,,,,,,325.19
Helsinki,Stockholm,HEL,BMA,407.0,75.0,230.96,155.96,60.1708,24.9375,59.3294,18.0686,,,,,,,,230.96
Helsinki,Tallinn,HEL,TLL,100.0,30.0,180.34,150.34,60.1708,24.9375,59.4372,24.7453,,,,,,,,180.34
Helsinki,Vienna,HEL,VIE,1461.0,150.0,320.55,170.55,60.1708,24.9375,48.2083,16.3725,,,,,,,,320.55
Helsinki,Vilnius,HEL,VNO,632.0,100.0,252.02,152.02,60.1708,24.9375,54.6872,25.28,,,,,,,,252.02
Helsinki,Warsaw,HEL,WAW,939.0,100.0,255.25,155.25,60.1708,24.9375,52.23,21.0111,,,,,,,,255.25
Kraków,Amsterdam,KRK,AMS,1077.0,120.0,272.54,152.54000000000002,50.0614,19.9372,52.3728,4.8936,Krakow Glowny,Amsterdam Centraal,1159.0,False,2.336597225946072,1.9520337879727412,1173.2886310139188,272.54
Kraków,Antwerp,,,,,,,,,,,Krakow Glowny,Antwerpen Centraal,916.0,False,2.336597225946072,3.5284359653773953,931.8650331913235,931.8650331913235
Kraków,Athens,KRK,ATH,1388.0,135.0,300.34,165.33999999999997,50.0614,19.9372,37.9842,23.7281,,,,,,,,300.34
Kraków,Barcelona,KRK,BCN,1682.0,165.0,318.89,153.89,50.0614,19.9372,41.3828,2.1769,Krakow Glowny,Barcelona Sants,1750.0,False,2.336597225946072,7.388093774297752,1769.7246910002436,318.89
Kraków,Berlin,KRK,BER,507.0,70.0,233.0,163.0,50.0614,19.9372,52.52,13.405,Krakow Glowny,Berlin Hbf,441.0,False,2.336597225946072,5.947266480604848,459.28386370655096,233.0
Kraków,Bordeaux,,,,,,,,,,,Krakow Glowny,Bordeaux-St-Jean,1235.0,True,2.336597225946072,5.811588377462907,1253.1481856034088,1253.1481856034088
Kraków,Bratislava,,,,,,,,,,,Krakow Glowny,Bratislava hl.st.,341.0,False,2.336597225946072,4.046858342350235,357.3834555682963,357.3834555682963
Kraków,Bremen,,,,,,,,,,,Krakow Glowny,Bremen Hbf,652.0,False,2.336597225946072,2.309271364404068,666.6458685903501,666.6458685903501
Kraków,Brussels,KRK,BRU,1088.0,115.0,266.7,151.7,50.0614,19.9372,50.8467,4.3525,Krakow Glowny,Bruxelles Midi,865.0,False,2.336597225946072,4.14169289941754,881.4782901253636,266.7
Kraków,Budapest,,,,,,,,,,,Krakow Glowny,Budapest-Nyugati,487.0,False,2.336597225946072,4.980157462200125,504.3167546881462,504.3167546881462
Kraków,Cologne,,,,,,,,,,,Krakow Glowny,Köln Messe/Deutz,717.0,False,2.336597225946072,3.9197525107529603,733.256349736699,733.256349736699
Kraków,Copenhagen,KRK,CPH,782.0,90.0,236.37,146.37,50.0614,19.9372,55.6761,12.5683,Krakow Glowny,Koebenhavns Lufthavn st,978.0,False,2.336597225946072,17.4069941581493,1007.7435913840953,236.37
Kraków,Dortmund,KRK,DTM,872.0,110.0,260.88,150.88,50.0614,19.9372,51.5139,7.4653,Krakow Glowny,Dortmund Hbf,675.0,False,2.336597225946072,1.460615015563283,688.7972122415093,260.88
Kraków,Dresden,,,,,,,,,,,Krakow Glowny,Dresden Hbf,432.0,False,2.336597225946072,2.8510360388781235,447.1876332648242,447.1876332648242
Kraków,Duisburg,,,,,,,,,,,Krakow Glowny,Duisburg Hbf,713.0,False,2.336597225946072,2.5870950877797454,727.9236923137258,727.9236923137258
Kraków,Düsseldorf,KRK,DUS,929.0,105.0,248.27,143.27,50.0614,19.9372,51.2333,6.7833,Krakow Glowny,Düsseldorf Hbf,732.0,False,2.336597225946072,4.00763955017613,748.3442367761222,248.27
Kraków,Essen,,,,,,,,,,,Krakow Glowny,Essen Hbf,700.0,False,2.336597225946072,0.31813865528361085,712.6547358812297,712.6547358812297
Kraków,Frankfurt,KRK,FRA,802.0,100.0,251.05,151.05,50.0614,19.9372,50.1106,8.6822,Krakow Glowny,Frankfurt(Main)Hbf,642.0,False,2.336597225946072,3.4764728210122846,657.8130700469584,251.05
Kraków,Genoa,,,,,,,,,,,Krakow Glowny,Genova Piazza Principe,1244.0,False,2.336597225946072,2.6646692679586454,1259.0012664939047,1259.0012664939047
Kraków,Gothenburg,KRK,GOT,977.0,110.0,275.51,165.51,50.0614,19.9372,57.7075,11.9675,,,,,,,,275.51
Kraków,Hamburg,,,,,,,,,,,Krakow Glowny,Hamburg Hbf,616.0,False,2.336597225946072,1.316441566346405,629.6530387922925,629.6530387922925
Kraków,Hannover,,,,,,,,,,,Krakow Glowny,Hannover Hbf,573.0,False,2.336597225946072,4.786629448184535,590.1232266741306,590.1232266741306
Kraków,Helsinki,KRK,HEL,1185.0,110.0,270.2,160.2,50.0614,19.9372,60.1708,24.9375,,,,,,,,270.2
Kraków,Leipzig,,,,,,,,,,,Krakow Glowny,Leipzig Hbf,429.0,False,2.336597225946072,1.875769965295063,443.2123671912411,443.2123671912411
Kraków,Lisbon,KRK,LIS,2600.0,250.0,393.52,143.51999999999998,50.0614,19.9372,38.7253,-9.15,,,,,,,,393.52
Kraków,Ljubljana,,,,,,,,,,,Krakow Glowny,Ljubljana,708.0,False,2.336597225946072,2.321449509647903,722.658046735594,722.658046735594
Kraków,Luxembourg,KRK,LUX,976.0,135.0,279.53,144.52999999999997,50.0614,19.9372,49.6117,6.1319,Krakow Glowny,Luxembourg,1228.0,False,2.336597225946072,3.2276729444989756,1243.5642701704448,279.53
Kraków,Lyon,KRK,LYS,1199.0,135.0,299.24,164.24,50.0614,19.9372,45.76,4.84,Krakow Glowny,Lyon Part Dieu,1142.0,False,2.336597225946072,3.7248506527149634,1158.061447878661,299.24
Kraków,Madrid,KRK,MAD,2106.0,213.0,369.99,156.99,50.0614,19.9372,40.4169,-3.7033,,,,,,,,369.99
Kraków,Marseille,KRK,MRS,1331.0,145.0,310.69,165.69,50.0614,19.9372,43.2964,5.37,Krakow Glowny,Marseille-St-Charles,1328.0,False,2.336597225946072,3.0494630085437278,1343.3860602344896,310.69
Kraków,Milan,KRK,BGY,899.0,105.0,308.54,203.54000000000002,50.0614,19.9372,45.4669,9.19,Krakow Glowny,Milano Porta Garibaldi,1141.0,False,2.336597225946072,4.707315782392735,1158.0439130083387,308.54
Kraków,Munich,KRK,MUC,613.0,80.0,258.7,178.7,50.0614,19.9372,48.1375,11.575,Krakow Glowny,München Hbf,595.0,False,2.336597225946072,3.0560823139438047,610.3926795398899,258.7
Kraków,Málaga,KRK,AGP,2448.0,230.0,377.41,147.41000000000003,50.0614,19.9372,36.7194,-4.42,,,,,,,,377.41
Kraków,Naples,KRK,NAP,1107.0,120.0,265.79,145.79000000000002,50.0614,19.9372,40.8333,14.25,,,,,,,,265.79
Kraków,Nuremberg,,,,,,,,,,,Krakow Glowny,Nürnberg Hbf,567.0,False,2.336597225946072,2.407122595922898,581.743719821869,581.743719821869
Kraków,Paris,KRK,CDG,1249.0,140.0,309.47,169.47000000000003,50.0614,19.9372,48.8567,2.3522,,,,,,,,309.47
Kraków,Poznań,,,,,,,,,,,Krakow Glowny,Poznan Glowny,291.0,False,2.336597225946072,4.065435329407926,307.402032555354,307.402032555354
Kraków,Prague,KRK,PRG,395.0,70.0,222.39,152.39,50.0614,19.9372,50.0875,14.4214,Krakow Glowny,Praha hl.n.,357.0,False,2.336597225946072,2.772415453338628,372.1090126792847,222.39
Kraków,Riga,KRK,RIX,810.0,95.0,242.9,147.9,50.0614,19.9372,56.9489,24.1064,,,,,,,,242.9
Kraków,Rome,KRK,CIA,1075.0,120.0,276.22,156.22000000000003,50.0614,19.9372,41.8933,12.4828,Krakow Glowny,Roma Tiburtina,1134.0,False,2.336597225946072,10.76586299605856,1157.1024602220045,276.22
Kraków,Rotterdam,,,,,,,,,,,Krakow Glowny,Rotterdam Centraal,915.0,False,2.336597225946072,2.249226316777232,929.5858235427233,929.5858235427233
Kraków,Sevilla,KRK,SVQ,2481.0,230.0,378.69,148.69,50.0614,19.9372,37.39,-5.99,,,,,,,,378.69
Kraków,Stockholm,KRK,ARN,1072.0,119.0,309.25,190.25,50.0614,19.9372,59.3294,18.0686,Krakow Glowny,Stockholm Central,1438.0,False,2.336597225946072,1.5022922376589065,1451.8388894636048,309.25
Kraków,Stuttgart,KRK,STR,784.0,100.0,250.09,150.09,50.0614,19.9372,48.7775,9.18,Krakow Glowny,Stuttgart Hbf,718.0,False,2.336597225946072,2.002376007570269,732.3389732335164,250.09
Kraków,Tilburg,KRK,EIN,1025.0,115.0,286.06,171.06,50.0614,19.9372,51.55,5.0833,Krakow Glowny,Tilburg,979.0,False,2.336597225946072,2.8326204398011785,994.1692176657473,286.06
Kraków,Toulouse,KRK,TLS,1571.0,165.0,309.97,144.97000000000003,50.0614,19.9372,43.6045,1.444,Krakow Glowny,Toulouse-Matabiau,1451.0,False,2.336597225946072,2.6617812245934145,1465.9983784505393,309.97
Kraków,Turin,KRK,TRN,1060.0,120.0,274.66,154.66000000000003,50.0614,19.9372,45.0792,7.6761,Krakow Glowny,Torino Porta Susa,1197.0,False,2.336597225946072,2.8476007865249664,1212.184198012471,274.66
Kraków,Valencia,KRK,VLC,1978.0,190.0,338.55,148.55,50.0614,19.9372,39.47,-0.3764,,,,,,,,338.55
Kraków,Vienna,KRK,VIE,320.0,65.0,226.43,161.43,50.0614,19.9372,48.2083,16.3725,Krakow Glowny,Wien Hbf,328.0,False,2.336597225946072,6.245212775155993,346.5818100011021,226.43
Kraków,Vilnius,KRK,VNO,630.0,80.0,222.9,142.9,50.0614,19.9372,54.6872,25.28,,,,,,,,222.9
Kraków,Warsaw,KRK,WAW,247.0,50.0,196.12,146.12,50.0614,19.9372,52.23,21.0111,Krakow Glowny,Warszawa Centralna,148.0,False,2.336597225946072,1.3212540896707794,161.65785131561685,161.65785131561685
Kraków,Wrocław,,,,,,,,,,,Krakow Glowny,Wroclaw Glowny,180.0,False,2.336597225946072,3.2731677390709937,195.60976496501706,195.60976496501706
Kraków,Zagreb,,,,,,,,,,,Krakow Glowny,Zagreb Glavni kolodvor,1124.0,False,2.336597225946072,2.3224288673449607,1138.659026093291,1138.659026093291
Leipzig,Amsterdam,,,,,,,,,,,Leipzig Hbf,Amsterdam Centraal,439.0,False,1.875769965295063,1.9520337879727412,452.8278037532678,452.8278037532678
Leipzig,Antwerp,,,,,,,,,,,Leipzig Hbf,Antwerpen Centraal,437.0,False,1.875769965295063,3.5284359653773953,452.40420593067245,452.40420593067245
Leipzig,Barcelona,,,,,,,,,,,Leipzig Hbf,Barcelona Sants,1192.0,False,1.875769965295063,7.388093774297752,1211.2638637395928,1211.2638637395928
Leipzig,Berlin,,,,,,,,,,,Leipzig Hbf,Berlin Hbf,74.0,True,1.875769965295063,5.947266480604848,91.82303644589992,91.82303644589992
Leipzig,Bordeaux,,,,,,,,,,,Leipzig Hbf,Bordeaux-St-Jean,625.0,True,1.875769965295063,5.811588377462907,642.687358342758,642.687358342758
Leipzig,Bratislava,,,,,,,,,,,Leipzig Hbf,Bratislava hl.st.,472.0,False,1.875769965295063,4.046858342350235,487.92262830764525,487.92262830764525
Leipzig,Bremen,,,,,,,,,,,Leipzig Hbf,Bremen Hbf,244.0,False,1.875769965295063,2.309271364404068,258.1850413296991,258.1850413296991
Leipzig,Brussels,,,,,,,,,,,Leipzig Hbf,Bruxelles Midi,406.0,False,1.875769965295063,4.14169289941754,422.01746286471257,422.01746286471257
Leipzig,Bucharest,LEJ,OTP,1280.0,135.0,299.22,164.22000000000003,51.34,12.375,44.4325,26.1039,,,,,,,,299.22
Leipzig,Budapest,,,,,,,,,,,Leipzig Hbf,Budapest-Nyugati,631.0,False,1.875769965295063,4.980157462200125,647.8559274274952,647.8559274274952
Leipzig,Copenhagen,,,,,,,,,,,Leipzig Hbf,Koebenhavns Lufthavn st,616.0,False,1.875769965295063,17.4069941581493,645.2827641234443,645.2827641234443
Leipzig,Dortmund,,,,,,,,,,,Leipzig Hbf,Dortmund Hbf,265.0,False,1.875769965295063,1.460615015563283,278.3363849808583,278.3363849808583
Leipzig,Dresden,,,,,,,,,,,Leipzig Hbf,Dresden Hbf,65.0,True,1.875769965295063,2.8510360388781235,79.72680600417318,79.72680600417318
Leipzig,Duisburg,,,,,,,,,,,Leipzig Hbf,Duisburg Hbf,290.0,False,1.875769965295063,2.5870950877797454,304.4628650530748,304.4628650530748
Leipzig,Düsseldorf,LEJ,DUS,380.0,60.0,208.6,148.6,51.34,12.375,51.2333,6.7833,Leipzig Hbf,Düsseldorf Hbf,277.0,False,1.875769965295063,4.00763955017613,292.88340951547116,208.6
Leipzig,Essen,,,,,,,,,,,Leipzig Hbf,Essen Hbf,294.0,False,1.875769965295063,0.31813865528361085,306.19390862057867,306.19390862057867
Leipzig,Frankfurt,LEJ,FRA,299.0,60.0,216.38,156.38,51.34,12.375,50.1106,8.6822,Leipzig Hbf,Frankfurt(Main)Hbf,175.0,False,1.875769965295063,3.4764728210122846,190.35224278630736,190.35224278630736
Leipzig,Genoa,,,,,,,,,,,Leipzig Hbf,Genova Piazza Principe,765.0,False,1.875769965295063,2.6646692679586454,779.5404392332537,779.5404392332537
Leipzig,Hamburg,,,,,,,,,,,Leipzig Hbf,Hamburg Hbf,236.0,False,1.875769965295063,1.316441566346405,249.19221153164148,249.19221153164148
Leipzig,Hannover,,,,,,,,,,,Leipzig Hbf,Hannover Hbf,161.0,False,1.875769965295063,4.786629448184535,177.6623994134796,177.6623994134796
Leipzig,Kraków,,,,,,,,,,,Leipzig Hbf,Krakow Glowny,433.0,False,1.875769965295063,2.336597225946072,447.2123671912411,447.2123671912411
Leipzig,Luxembourg,,,,,,,,,,,Leipzig Hbf,Luxembourg,421.0,False,1.875769965295063,3.2276729444989756,436.103442909794,436.103442909794
Leipzig,Lyon,,,,,,,,,,,Leipzig Hbf,Lyon Part Dieu,549.0,False,1.875769965295063,3.7248506527149634,564.60062061801,564.60062061801
Leipzig,Marseille,,,,,,,,,,,Leipzig Hbf,Marseille-St-Charles,657.0,False,1.875769965295063,3.0494630085437278,671.9252329738388,671.9252329738388
Leipzig,Milan,,,,,,,,,,,Leipzig Hbf,Milano Porta Garibaldi,640.0,False,1.875769965295063,4.707315782392735,656.5830857476877,656.5830857476877
Leipzig,Munich,LEJ,MUC,342.0,60.0,244.03,184.03,51.34,12.375,48.1375,11.575,Leipzig Hbf,München Hbf,187.0,False,1.875769965295063,3.0560823139438047,201.93185227923888,201.93185227923888
Leipzig,Nuremberg,,,,,,,,,,,Leipzig Hbf,Nürnberg Hbf,115.0,False,1.875769965295063,2.407122595922898,129.28289256121795,129.28289256121795
Leipzig,Poznań,,,,,,,,,,,Leipzig Hbf,Poznan Glowny,257.0,False,1.875769965295063,4.065435329407926,272.94120529470297,272.94120529470297
Leipzig,Prague,,,,,,,,,,,Leipzig Hbf,Praha hl.n.,240.0,False,1.875769965295063,2.772415453338628,254.6481854186337,254.6481854186337
Leipzig,Rome,,,,,,,,,,,Leipzig Hbf,Roma Tiburtina,799.0,False,1.875769965295063,10.76586299605856,821.6416329613536,821.6416329613536
Leipzig,Rotterdam,,,,,,,,,,,Leipzig Hbf,Rotterdam Centraal,461.0,False,1.875769965295063,2.249226316777232,475.1249962820723,475.1249962820723
Leipzig,Stockholm,,,,,,,,,,,Leipzig Hbf,Stockholm Central,1035.0,False,1.875769965295063,1.5022922376589065,1048.378062202954,1048.378062202954
Leipzig,Stuttgart,,,,,,,,,,,Leipzig Hbf,Stuttgart Hbf,265.0,False,1.875769965295063,2.002376007570269,278.8781459728653,278.8781459728653
Leipzig,Tilburg,,,,,,,,,,,Leipzig Hbf,Tilburg,436.0,False,1.875769965295063,2.8326204398011785,450.7083904050962,450.7083904050962
Leipzig,Toulouse,,,,,,,,,,,Leipzig Hbf,Toulouse-Matabiau,805.0,False,1.875769965295063,2.6617812245934145,819.5375511898884,819.5375511898884
Leipzig,Turin,,,,,,,,,,,Leipzig Hbf,Torino Porta Susa,714.0,False,1.875769965295063,2.8476007865249664,728.72337075182,728.72337075182
Leipzig,Vienna,LEJ,VIE,482.0,95.0,261.76,166.76,51.34,12.375,48.2083,16.3725,Leipzig Hbf,Wien Hbf,380.0,False,1.875769965295063,6.245212775155993,398.12098274045104,261.76
Leipzig,Warsaw,,,,,,,,,,,Leipzig Hbf,Warszawa Centralna,402.0,False,1.875769965295063,1.3212540896707794,415.1970240549658,415.1970240549658
Leipzig,Wrocław,,,,,,,,,,,Leipzig Hbf,Wroclaw Glowny,214.0,False,1.875769965295063,3.2731677390709937,229.14893770436606,229.14893770436606
Leipzig,Zagreb,,,,,,,,,,,Leipzig Hbf,Zagreb Glavni kolodvor,819.0,False,1.875769965295063,2.3224288673449607,833.19819883264,833.19819883264
Lisbon,Amsterdam,LIS,AMS,1848.0,180.0,324.99,144.99,38.7253,-9.15,52.3728,4.8936,,,,,,,,324.99
Lisbon,Athens,LIS,ATH,2876.0,235.0,392.79,157.79000000000002,38.7253,-9.15,37.9842,23.7281,,,,,,,,392.79
Lisbon,Barcelona,LIS,BCN,995.0,110.0,256.34,146.33999999999997,38.7253,-9.15,41.3828,2.1769,,,,,,,,256.34
Lisbon,Berlin,LIS,BER,2307.0,205.0,360.44,155.44,38.7253,-9.15,52.52,13.405,,,,,,,,360.44
Lisbon,Bordeaux,LIS,BOD,970.0,110.0,252.51,142.51,38.7253,-9.15,44.84,-0.58,,,,,,,,252.51
Lisbon,Brussels,LIS,BRU,1718.0,165.0,309.15,144.14999999999998,38.7253,-9.15,50.8467,4.3525,,,,,,,,309.15
Lisbon,Bucharest,LIS,OTP,2977.0,255.0,406.33,151.32999999999998,38.7253,-9.15,44.4325,26.1039,,,,,,,,406.33
Lisbon,Budapest,LIS,BUD,2485.0,215.0,368.68,153.68,38.7253,-9.15,47.4925,19.0514,,,,,,,,368.68
Lisbon,Cologne,LIS,CGN,1852.0,175.0,323.26,148.26,38.7253,-9.15,50.9364,6.9528,,,,,,,,323.26
Lisbon,Copenhagen,LIS,CPH,2475.0,220.0,358.81,138.81,38.7253,-9.15,55.6761,12.5683,,,,,,,,358.81
Lisbon,Düsseldorf,LIS,DUS,1863.0,175.0,310.72,135.72000000000003,38.7253,-9.15,51.2333,6.7833,,,,,,,,310.72
Lisbon,Frankfurt,LIS,FRA,1877.0,185.0,328.5,143.5,38.7253,-9.15,50.1106,8.6822,,,,,,,,328.5
Lisbon,Hamburg,LIS,HAM,2201.0,200.0,341.56,141.56,38.7253,-9.15,53.55,10.0,,,,,,,,341.56
Lisbon,Helsinki,LIS,HEL,3370.0,275.0,427.65,152.64999999999998,38.7253,-9.15,60.1708,24.9375,,,,,,,,427.65
Lisbon,Kraków,LIS,KRK,2600.0,230.0,373.52,143.51999999999998,38.7253,-9.15,50.0614,19.9372,,,,,,,,373.52
Lisbon,Luxembourg,LIS,LUX,1714.0,165.0,301.98,136.98000000000002,38.7253,-9.15,49.6117,6.1319,,,,,,,,301.98
Lisbon,Lyon,LIS,LYS,1400.0,140.0,296.69,156.69,38.7253,-9.15,45.76,4.84,,,,,,,,296.69
Lisbon,Madrid,LIS,MAD,514.0,80.0,229.44,149.44,38.7253,-9.15,40.4169,-3.7033,,,,,,,,229.44
Lisbon,Marseille,LIS,MRS,1310.0,135.0,293.14,158.14,38.7253,-9.15,43.2964,5.37,,,,,,,,293.14
Lisbon,Milan,LIS,MXP,1653.0,160.0,349.87,189.87,38.7253,-9.15,45.4669,9.19,,,,,,,,349.87
Lisbon,Munich,LIS,MUC,1987.0,185.0,356.15,171.14999999999998,38.7253,-9.15,48.1375,11.575,,,,,,,,356.15
Lisbon,Málaga,LIS,AGP,470.0,75.0,214.86,139.86,38.7253,-9.15,36.7194,-4.42,,,,,,,,214.86
Lisbon,Naples,LIS,NAP,2012.0,185.0,323.24,138.24,38.7253,-9.15,40.8333,14.25,,,,,,,,323.24
Lisbon,Paris,LIS,ORY,1439.0,145.0,294.42,149.42000000000002,38.7253,-9.15,48.8567,2.3522,,,,,,,,294.42
Lisbon,Poznań,LIS,POZ,2507.0,220.0,358.69,138.69,38.7253,-9.15,52.4083,16.9336,,,,,,,,358.69
Lisbon,Prague,LIS,PRG,2233.0,200.0,344.83,144.82999999999998,38.7253,-9.15,50.0875,14.4214,,,,,,,,344.83
Lisbon,Riga,LIS,RIX,3143.0,260.0,400.34,140.33999999999997,38.7253,-9.15,56.9489,24.1064,,,,,,,,400.34
Lisbon,Rome,LIS,FCO,1843.0,175.0,336.23,161.23000000000002,38.7253,-9.15,41.8933,12.4828,,,,,,,,336.23
Lisbon,Rotterdam,LIS,RTM,1803.0,165.0,299.77,134.76999999999998,38.7253,-9.15,51.92,4.48,,,,,,,,299.77
Lisbon,Sevilla,LIS,SVQ,320.0,65.0,206.14,141.14,38.7253,-9.15,37.39,-5.99,,,,,,,,206.14
Lisbon,Sofia,LIS,SOF,2765.0,235.0,373.52,138.51999999999998,38.7253,-9.15,42.7,23.33,,,,,,,,373.52
Lisbon,Stockholm,LIS,ARN,3003.0,255.0,437.7,182.7,38.7253,-9.15,59.3294,18.0686,,,,,,,,437.7
Lisbon,Stuttgart,LIS,STR,1834.0,175.0,317.53,142.52999999999997,38.7253,-9.15,48.7775,9.18,,,,,,,,317.53
Lisbon,Tilburg,LIS,EIN,1807.0,175.0,338.5,163.5,38.7253,-9.15,51.55,5.0833,,,,,,,,338.5
Lisbon,Toulouse,LIS,TLS,1031.0,110.0,247.42,137.42,38.7253,-9.15,43.6045,1.444,,,,,,,,247.42
Lisbon,Valencia,LIS,VLC,752.0,90.0,231.0,141.0,38.7253,-9.15,39.47,-0.3764,,,,,,,,231.0
Lisbon,Vienna,LIS,VIE,2309.0,205.0,358.87,153.87,38.7253,-9.15,48.2083,16.3725,,,,,,,,358.87
Lisbon,Vilnius,LIS,VNO,3119.0,270.0,405.34,135.33999999999997,38.7253,-9.15,54.6872,25.28,,,,,,,,405.34
Lisbon,Warsaw,LIS,WAW,2754.0,240.0,378.57,138.57,38.7253,-9.15,52.23,21.0111,,,,,,,,378.57
Ljubljana,Amsterdam,LJU,AMS,975.0,125.0,292.54,167.54000000000002,46.0514,14.5061,52.3728,4.8936,Ljubljana,Amsterdam Centraal,834.0,False,2.321449509647903,1.9520337879727412,848.2734832976206,292.54
Ljubljana,Antwerp,,,,,,,,,,,Ljubljana,Antwerpen Centraal,864.0,False,2.321449509647903,3.5284359653773953,879.8498854750253,879.8498854750253
Ljubljana,Athens,LJU,ATH,1208.0,115.0,295.34,180.33999999999997,46.0514,14.5061,37.9842,23.7281,,,,,,,,295.34
Ljubljana,Berlin,,,,,,,,,,,Ljubljana,Berlin Hbf,647.0,False,2.321449509647903,5.947266480604848,665.2687159902528,665.2687159902528
Ljubljana,Bordeaux,,,,,,,,,,,Ljubljana,Bordeaux-St-Jean,932.0,False,2.321449509647903,5.811588377462907,950.1330378871108,950.1330378871108
Ljubljana,Bratislava,,,,,,,,,,,Ljubljana,Bratislava hl.st.,395.0,False,2.321449509647903,4.046858342350235,411.3683078519981,411.3683078519981
Ljubljana,Bremen,,,,,,,,,,,Ljubljana,Bremen Hbf,735.0,False,2.321449509647903,2.309271364404068,749.6307208740519,749.6307208740519
Ljubljana,Brussels,LJU,BRU,899.0,105.0,271.7,166.7,46.0514,14.5061,50.8467,4.3525,Ljubljana,Bruxelles Midi,840.0,False,2.321449509647903,4.14169289941754,856.4631424090654,271.7
Ljubljana,Budapest,,,,,,,,,,,Ljubljana,Budapest-Nyugati,554.0,False,2.321449509647903,4.980157462200125,571.3016069718481,571.3016069718481
Ljubljana,Copenhagen,LJU,CPH,1053.0,115.0,276.37,161.37,46.0514,14.5061,55.6761,12.5683,Ljubljana,Koebenhavns Lufthavn st,1175.0,False,2.321449509647903,17.4069941581493,1204.7284436677971,276.37
Ljubljana,Dortmund,,,,,,,,,,,Ljubljana,Dortmund Hbf,738.0,False,2.321449509647903,1.460615015563283,751.7820645252111,751.7820645252111
Ljubljana,Dresden,,,,,,,,,,,Ljubljana,Dresden Hbf,730.0,False,2.321449509647903,2.8510360388781235,745.172485548526,745.172485548526
Ljubljana,Duisburg,,,,,,,,,,,Ljubljana,Duisburg Hbf,694.0,False,2.321449509647903,2.5870950877797454,708.9085445974276,708.9085445974276
Ljubljana,Essen,,,,,,,,,,,Ljubljana,Essen Hbf,707.0,False,2.321449509647903,0.31813865528361085,719.6395881649315,719.6395881649315
Ljubljana,Frankfurt,LJU,FRA,609.0,85.0,251.05,166.05,46.0514,14.5061,50.1106,8.6822,Ljubljana,Frankfurt(Main)Hbf,588.0,False,2.321449509647903,3.4764728210122846,603.7979223306602,251.05
Ljubljana,Genoa,,,,,,,,,,,Ljubljana,Genova Piazza Principe,729.0,False,2.321449509647903,2.6646692679586454,743.9861187776065,743.9861187776065
Ljubljana,Hamburg,,,,,,,,,,,Ljubljana,Hamburg Hbf,742.0,False,2.321449509647903,1.316441566346405,755.6378910759943,755.6378910759943
Ljubljana,Hannover,,,,,,,,,,,Ljubljana,Hannover Hbf,657.0,False,2.321449509647903,4.786629448184535,674.1080789578324,674.1080789578324
Ljubljana,Helsinki,LJU,HEL,1712.0,160.0,335.2,175.2,46.0514,14.5061,60.1708,24.9375,,,,,,,,335.2
Ljubljana,Kraków,,,,,,,,,,,Ljubljana,Krakow Glowny,715.0,False,2.321449509647903,2.336597225946072,729.658046735594,729.658046735594
Ljubljana,Leipzig,,,,,,,,,,,Ljubljana,Leipzig Hbf,601.0,False,2.321449509647903,1.875769965295063,615.1972194749429,615.1972194749429
Ljubljana,Luxembourg,LJU,LUX,722.0,115.0,274.53,159.52999999999997,46.0514,14.5061,49.6117,6.1319,Ljubljana,Luxembourg,790.0,False,2.321449509647903,3.2276729444989756,805.5491224541469,274.53
Ljubljana,Lyon,,,,,,,,,,,Ljubljana,Lyon Part Dieu,952.0,False,2.321449509647903,3.7248506527149634,968.0463001623629,968.0463001623629
Ljubljana,Madrid,LJU,MAD,1589.0,155.0,326.99,171.99,46.0514,14.5061,40.4169,-3.7033,,,,,,,,326.99
Ljubljana,Marseille,,,,,,,,,,,Ljubljana,Marseille-St-Charles,1434.0,False,2.321449509647903,3.0494630085437278,1449.3709125181915,1449.3709125181915
Ljubljana,Munich,LJU,MUC,310.0,55.0,248.7,193.7,46.0514,14.5061,48.1375,11.575,Ljubljana,München Hbf,366.0,False,2.321449509647903,3.0560823139438047,381.3775318235917,248.7
Ljubljana,Nuremberg,,,,,,,,,,,Ljubljana,Nürnberg Hbf,447.0,False,2.321449509647903,2.407122595922898,461.7285721055708,461.7285721055708
Ljubljana,Paris,LJU,ORY,951.0,120.0,291.97,171.97000000000003,46.0514,14.5061,48.8567,2.3522,,,,,,,,291.97
Ljubljana,Poznań,,,,,,,,,,,Ljubljana,Poznan Glowny,790.0,False,2.321449509647903,4.065435329407926,806.3868848390558,806.3868848390558
Ljubljana,Prague,,,,,,,,,,,Ljubljana,Praha hl.n.,588.0,False,2.321449509647903,2.772415453338628,603.0938649629866,603.0938649629866
Ljubljana,Riga,LJU,RIX,1357.0,135.0,297.89,162.89,46.0514,14.5061,56.9489,24.1064,,,,,,,,297.89
Ljubljana,Rome,,,,,,,,,,,Ljubljana,Roma Tiburtina,644.0,True,2.321449509647903,10.76586299605856,667.0873125057064,667.0873125057064
Ljubljana,Rotterdam,,,,,,,,,,,Ljubljana,Rotterdam Centraal,838.0,False,2.321449509647903,2.249226316777232,852.5706758264251,852.5706758264251
Ljubljana,Stockholm,,,,,,,,,,,Ljubljana,Stockholm Central,1553.0,False,2.321449509647903,1.5022922376589065,1566.8237417473067,1566.8237417473067
Ljubljana,Stuttgart,,,,,,,,,,,Ljubljana,Stuttgart Hbf,490.0,False,2.321449509647903,2.002376007570269,504.32382551721815,504.32382551721815
Ljubljana,Tilburg,,,,,,,,,,,Ljubljana,Tilburg,854.0,False,2.321449509647903,2.8326204398011785,869.1540699494491,869.1540699494491
Ljubljana,Toulouse,,,,,,,,,,,Ljubljana,Toulouse-Matabiau,1290.0,False,2.321449509647903,2.6617812245934145,1304.9832307342413,1304.9832307342413
Ljubljana,Turin,,,,,,,,,,,Ljubljana,Torino Porta Susa,669.0,False,2.321449509647903,2.8476007865249664,684.1690502961728,684.1690502961728
Ljubljana,Vienna,,,,,,,,,,,Ljubljana,Wien Hbf,332.0,False,2.321449509647903,6.245212775155993,350.5666622848039,350.5666622848039
Ljubljana,Warsaw,LJU,WAW,812.0,95.0,256.12,161.12,46.0514,14.5061,52.23,21.0111,Ljubljana,Warszawa Centralna,873.0,False,2.321449509647903,1.3212540896707794,886.6427035993187,256.12
Ljubljana,Wrocław,,,,,,,,,,,Ljubljana,Wroclaw Glowny,711.0,False,2.321449509647903,3.2731677390709937,726.5946172487189,726.5946172487189
Ljubljana,Zagreb,,,,,,,,,,,Ljubljana,Zagreb Glavni kolodvor,150.0,False,2.321449509647903,2.3224288673449607,164.64387837699286,164.64387837699286
Luxembourg,Amsterdam,LUX,AMS,314.0,70.0,215.99,145.99,49.6117,6.1319,52.3728,4.8936,Luxembourg,Amsterdam Centraal,339.0,False,3.2276729444989756,1.9520337879727412,354.17970673247174,215.99
Luxembourg,Antwerp,,,,,,,,,,,Luxembourg,Antwerpen Centraal,235.0,False,3.2276729444989756,3.5284359653773953,251.75610890987636,251.75610890987636
Luxembourg,Athens,LUX,ATH,1921.0,170.0,328.8,158.8,49.6117,6.1319,37.9842,23.7281,,,,,,,,328.8
Luxembourg,Barcelona,LUX,BCN,980.0,115.0,262.35,147.35000000000002,49.6117,6.1319,41.3828,2.1769,Luxembourg,Barcelona Sants,684.0,False,3.2276729444989756,7.388093774297752,704.6157667187967,262.35
Luxembourg,Berlin,LUX,BER,595.0,90.0,246.45,156.45,49.6117,6.1319,52.52,13.405,Luxembourg,Berlin Hbf,502.0,False,3.2276729444989756,5.947266480604848,521.1749394251038,246.45
Luxembourg,Bordeaux,LUX,BOD,746.0,115.0,258.52,143.51999999999998,49.6117,6.1319,44.84,-0.58,Luxembourg,Bordeaux-St-Jean,304.0,True,3.2276729444989756,5.811588377462907,323.0392613219619,258.52
Luxembourg,Bratislava,,,,,,,,,,,Luxembourg,Bratislava hl.st.,756.0,False,3.2276729444989756,4.046858342350235,773.2745312868492,773.2745312868492
Luxembourg,Bremen,,,,,,,,,,,Luxembourg,Bremen Hbf,461.0,False,3.2276729444989756,2.309271364404068,476.53694430890306,476.53694430890306
Luxembourg,Brussels,,,,,,,,,,,Luxembourg,Bruxelles Midi,197.0,False,3.2276729444989756,4.14169289941754,214.3693658439165,214.3693658439165
Luxembourg,Bucharest,LUX,OTP,1603.0,140.0,292.34,152.33999999999997,49.6117,6.1319,44.4325,26.1039,,,,,,,,292.34
Luxembourg,Budapest,LUX,BUD,993.0,130.0,284.69,154.69,49.6117,6.1319,47.4925,19.0514,Luxembourg,Budapest-Nyugati,916.0,False,3.2276729444989756,4.980157462200125,934.2078304066991,284.69
Luxembourg,Cologne,,,,,,,,,,,Luxembourg,Köln Messe/Deutz,226.0,False,3.2276729444989756,3.9197525107529603,243.14742545525195,243.14742545525195
Luxembourg,Copenhagen,LUX,CPH,796.0,110.0,249.82,139.82,49.6117,6.1319,55.6761,12.5683,Luxembourg,Koebenhavns Lufthavn st,823.0,False,3.2276729444989756,17.4069941581493,853.6346671026482,249.82
Luxembourg,Dortmund,,,,,,,,,,,Luxembourg,Dortmund Hbf,289.0,False,3.2276729444989756,1.460615015563283,303.68828796006227,303.68828796006227
Luxembourg,Dresden,,,,,,,,,,,Luxembourg,Dresden Hbf,508.0,False,3.2276729444989756,2.8510360388781235,524.078708983377,524.078708983377
Luxembourg,Duisburg,,,,,,,,,,,Luxembourg,Duisburg Hbf,265.0,False,3.2276729444989756,2.5870950877797454,280.8147680322787,280.8147680322787
Luxembourg,Düsseldorf,,,,,,,,,,,Luxembourg,Düsseldorf Hbf,247.0,False,3.2276729444989756,4.00763955017613,264.2353124946751,264.2353124946751
Luxembourg,Essen,,,,,,,,,,,Luxembourg,Essen Hbf,280.0,False,3.2276729444989756,0.31813865528361085,293.5458115997826,293.5458115997826
Luxembourg,Frankfurt,LUX,FRA,176.0,50.0,194.51,144.51,49.6117,6.1319,50.1106,8.6822,Luxembourg,Frankfurt(Main)Hbf,234.0,False,3.2276729444989756,3.4764728210122846,250.70414576551127,194.51
Luxembourg,Genoa,LUX,GOA,613.0,100.0,238.78,138.78,49.6117,6.1319,44.4111,8.9328,Luxembourg,Genova Piazza Principe,665.0,False,3.2276729444989756,2.6646692679586454,680.8923422124576,238.78
Luxembourg,Hamburg,LUX,HAM,516.0,80.0,222.56,142.56,49.6117,6.1319,53.55,10.0,Luxembourg,Hamburg Hbf,494.0,False,3.2276729444989756,1.316441566346405,508.54411451084536,222.56
Luxembourg,Hannover,,,,,,,,,,,Luxembourg,Hannover Hbf,406.0,False,3.2276729444989756,4.786629448184535,424.01430239268353,424.01430239268353
Luxembourg,Kraków,LUX,KRK,976.0,135.0,279.53,144.52999999999997,49.6117,6.1319,50.0614,19.9372,Luxembourg,Krakow Glowny,1095.0,False,3.2276729444989756,2.336597225946072,1110.5642701704448,279.53
Luxembourg,Leipzig,,,,,,,,,,,Luxembourg,Leipzig Hbf,436.0,False,3.2276729444989756,1.875769965295063,451.103442909794,451.103442909794
Luxembourg,Lisbon,LUX,LIS,1714.0,175.0,311.98,136.98000000000002,49.6117,6.1319,38.7253,-9.15,,,,,,,,311.98
Luxembourg,Ljubljana,LUX,LJU,722.0,110.0,269.53,159.52999999999997,49.6117,6.1319,46.0514,14.5061,Luxembourg,Ljubljana,804.0,False,3.2276729444989756,2.321449509647903,819.5491224541469,269.53
Luxembourg,Lyon,,,,,,,,,,,Luxembourg,Lyon Part Dieu,348.0,False,3.2276729444989756,3.7248506527149634,364.95252359721394,364.95252359721394
Luxembourg,Madrid,LUX,MAD,1272.0,150.0,300.44,150.44,49.6117,6.1319,40.4169,-3.7033,,,,,,,,300.44
Luxembourg,Marseille,LUX,MRS,692.0,95.0,254.15,159.15,49.6117,6.1319,43.2964,5.37,Luxembourg,Marseille-St-Charles,426.0,False,3.2276729444989756,3.0494630085437278,442.2771359530427,254.15
Luxembourg,Milan,LUX,LIN,517.0,75.0,214.47,139.47,49.6117,6.1319,45.4669,9.19,Luxembourg,Milano Porta Garibaldi,582.0,True,3.2276729444989756,4.707315782392735,599.9349887268917,214.47
Luxembourg,Munich,LUX,MUC,432.0,65.0,237.16,172.16,49.6117,6.1319,48.1375,11.575,Luxembourg,München Hbf,357.0,False,3.2276729444989756,3.0560823139438047,373.2837552584428,237.16
Luxembourg,Málaga,LUX,AGP,1678.0,165.0,305.87,140.87,49.6117,6.1319,36.7194,-4.42,,,,,,,,305.87
Luxembourg,Naples,LUX,NAP,1159.0,130.0,269.25,139.25,49.6117,6.1319,40.8333,14.25,,,,,,,,269.25
Luxembourg,Nuremberg,,,,,,,,,,,Luxembourg,Nürnberg Hbf,403.0,False,3.2276729444989756,2.407122595922898,418.63479554042186,418.63479554042186
Luxembourg,Paris,LUX,CDG,273.0,60.0,222.92,162.92,49.6117,6.1319,48.8567,2.3522,,,,,,,,222.92
Luxembourg,Poznań,,,,,,,,,,,Luxembourg,Poznan Glowny,678.0,False,3.2276729444989756,4.065435329407926,695.2931082739069,695.2931082739069
Luxembourg,Prague,LUX,PRG,581.0,85.0,230.84,145.84,49.6117,6.1319,50.0875,14.4214,Luxembourg,Praha hl.n.,712.0,False,3.2276729444989756,2.772415453338628,728.0000883978377,230.84
Luxembourg,Rome,LUX,FCO,989.0,110.0,272.24,162.24,49.6117,6.1319,41.8933,12.4828,Luxembourg,Roma Tiburtina,781.0,True,3.2276729444989756,10.76586299605856,804.9935359405575,272.24
Luxembourg,Rotterdam,LUX,RTM,286.0,65.0,200.78,135.78,49.6117,6.1319,51.92,4.48,Luxembourg,Rotterdam Centraal,291.0,False,3.2276729444989756,2.249226316777232,306.47689926127623,200.78
Luxembourg,Sevilla,LUX,SVQ,1668.0,165.0,307.14,142.14,49.6117,6.1319,37.39,-5.99,,,,,,,,307.14
Luxembourg,Stockholm,LUX,ARN,1343.0,165.0,348.7,183.7,49.6117,6.1319,59.3294,18.0686,Luxembourg,Stockholm Central,1241.0,False,3.2276729444989756,1.5022922376589065,1255.7299651821577,348.7
Luxembourg,Stuttgart,,,,,,,,,,,Luxembourg,Stuttgart Hbf,236.0,False,3.2276729444989756,2.002376007570269,251.23004895206924,251.23004895206924
Luxembourg,Tilburg,,,,,,,,,,,Luxembourg,Tilburg,319.0,False,3.2276729444989756,2.8326204398011785,335.06029338430017,335.06029338430017
Luxembourg,Toulouse,LUX,TLS,762.0,100.0,238.43,138.43,49.6117,6.1319,43.6045,1.444,Luxembourg,Toulouse-Matabiau,546.0,False,3.2276729444989756,2.6617812245934145,561.8894541690923,238.43
Luxembourg,Turin,,,,,,,,,,,Luxembourg,Torino Porta Susa,615.0,False,3.2276729444989756,2.8476007865249664,631.0752737310239,631.0752737310239
Luxembourg,Valencia,LUX,VLC,1244.0,165.0,307.01,142.01,49.6117,6.1319,39.47,-0.3764,,,,,,,,307.01
Luxembourg,Vienna,LUX,VIE,777.0,110.0,264.88,154.88,49.6117,6.1319,48.2083,16.3725,Luxembourg,Wien Hbf,653.0,False,3.2276729444989756,6.245212775155993,672.472885719655,264.88
Luxembourg,Warsaw,LUX,WAW,1074.0,110.0,249.58,139.58,49.6117,6.1319,52.23,21.0111,Luxembourg,Warszawa Centralna,825.0,False,3.2276729444989756,1.3212540896707794,839.5489270341698,249.58
Luxembourg,Wrocław,,,,,,,,,,,Luxembourg,Wroclaw Glowny,767.0,False,3.2276729444989756,3.2731677390709937,783.50084068357,783.50084068357
Luxembourg,Zagreb,,,,,,,,,,,Luxembourg,Zagreb Glavni kolodvor,1050.0,False,3.2276729444989756,2.3224288673449607,1065.550101811844,1065.550101811844
Lyon,Amsterdam,LYS,AMS,732.0,100.0,265.71,165.70999999999998,45.76,4.84,52.3728,4.8936,Lyon Part Dieu,Amsterdam Centraal,376.0,False,3.7248506527149634,1.9520337879727412,391.67688444068773,265.71
Lyon,Antwerp,,,,,,,,,,,Lyon Part Dieu,Antwerpen Centraal,276.0,True,3.7248506527149634,3.5284359653773953,293.2532866180924,293.2532866180924
Lyon,Athens,LYS,ATH,1783.0,165.0,343.51,178.51,45.76,4.84,37.9842,23.7281,,,,,,,,343.51
Lyon,Barcelona,LYS,BCN,547.0,80.0,247.06,167.06,45.76,4.84,41.3828,2.1769,Lyon Part Dieu,Barcelona Sants,288.0,True,3.7248506527149634,7.388093774297752,309.11294442701274,247.06
Lyon,Berlin,LYS,BER,960.0,115.0,291.17,176.17000000000002,45.76,4.84,52.52,13.405,Lyon Part Dieu,Berlin Hbf,653.0,False,3.7248506527149634,5.947266480604848,672.6721171333198,291.17
Lyon,Bordeaux,LYS,BOD,464.0,70.0,233.23,163.23,45.76,4.84,44.84,-0.58,Lyon Part Dieu,Bordeaux-St-Jean,404.0,False,3.7248506527149634,5.811588377462907,423.53643903017786,233.23
Lyon,Bratislava,,,,,,,,,,,Lyon Part Dieu,Bratislava hl.st.,846.0,False,3.7248506527149634,4.046858342350235,863.7717089950652,863.7717089950652
Lyon,Bremen,,,,,,,,,,,Lyon Part Dieu,Bremen Hbf,613.0,False,3.7248506527149634,2.309271364404068,629.034122017119,629.034122017119
Lyon,Brussels,LYS,BRU,577.0,85.0,249.87,164.87,45.76,4.84,50.8467,4.3525,Lyon Part Dieu,Bruxelles Midi,250.0,True,3.7248506527149634,4.14169289941754,267.8665435521325,249.87
Lyon,Bucharest,LYS,OTP,1651.0,160.0,332.05,172.05,45.76,4.84,44.4325,26.1039,,,,,,,,332.05
Lyon,Budapest,LYS,BUD,1101.0,115.0,289.4,174.39999999999998,45.76,4.84,47.4925,19.0514,Lyon Part Dieu,Budapest-Nyugati,1068.0,False,3.7248506527149634,4.980157462200125,1086.7050081149152,289.4
Lyon,Copenhagen,LYS,CPH,1223.0,135.0,294.54,159.54000000000002,45.76,4.84,55.6761,12.5683,Lyon Part Dieu,Koebenhavns Lufthavn st,999.0,False,3.7248506527149634,17.4069941581493,1030.1318448108643,294.54
Lyon,Dortmund,,,,,,,,,,,Lyon Part Dieu,Dortmund Hbf,490.0,False,3.7248506527149634,1.460615015563283,505.18546566827825,505.18546566827825
Lyon,Dresden,,,,,,,,,,,Lyon Part Dieu,Dresden Hbf,695.0,False,3.7248506527149634,2.8510360388781235,711.575886691593,711.575886691593
Lyon,Duisburg,,,,,,,,,,,Lyon Part Dieu,Duisburg Hbf,454.0,False,3.7248506527149634,2.5870950877797454,470.3119457404947,470.3119457404947
Lyon,Düsseldorf,LYS,DUS,630.0,85.0,241.44,156.44,45.76,4.84,51.2333,6.7833,Lyon Part Dieu,Düsseldorf Hbf,451.0,False,3.7248506527149634,4.00763955017613,468.7324902028911,241.44
Lyon,Essen,,,,,,,,,,,Lyon Part Dieu,Essen Hbf,467.0,False,3.7248506527149634,0.31813865528361085,481.0429893079986,481.0429893079986
Lyon,Frankfurt,LYS,FRA,547.0,90.0,254.22,164.22,45.76,4.84,50.1106,8.6822,Lyon Part Dieu,Frankfurt(Main)Hbf,359.0,False,3.7248506527149634,3.4764728210122846,376.20132347372726,254.22
Lyon,Genoa,,,,,,,,,,,Lyon Part Dieu,Genova Piazza Principe,382.0,False,3.7248506527149634,2.6646692679586454,398.3895199206736,398.3895199206736
Lyon,Gothenburg,LYS,GOT,1417.0,205.0,383.68,178.68,45.76,4.84,57.7075,11.9675,,,,,,,,383.68
Lyon,Hamburg,LYS,HAM,948.0,115.0,277.28,162.27999999999997,45.76,4.84,53.55,10.0,Lyon Part Dieu,Hamburg Hbf,628.0,False,3.7248506527149634,1.316441566346405,643.0412922190613,277.28
Lyon,Hannover,,,,,,,,,,,Lyon Part Dieu,Hannover Hbf,544.0,False,3.7248506527149634,4.786629448184535,562.5114801008995,562.5114801008995
Lyon,Kraków,LYS,KRK,1199.0,130.0,294.24,164.24,45.76,4.84,50.0614,19.9372,Lyon Part Dieu,Krakow Glowny,1235.0,False,3.7248506527149634,2.336597225946072,1251.061447878661,294.24
Lyon,Leipzig,,,,,,,,,,,Lyon Part Dieu,Leipzig Hbf,603.0,False,3.7248506527149634,1.875769965295063,618.60062061801,618.60062061801
Lyon,Lisbon,LYS,LIS,1400.0,155.0,311.69,156.69,45.76,4.84,38.7253,-9.15,,,,,,,,311.69
Lyon,Ljubljana,,,,,,,,,,,Lyon Part Dieu,Ljubljana,817.0,False,3.7248506527149634,2.321449509647903,833.0463001623629,833.0463001623629
Lyon,Luxembourg,,,,,,,,,,,Lyon Part Dieu,Luxembourg,347.0,False,3.7248506527149634,3.2276729444989756,363.95252359721394,363.95252359721394
Lyon,Madrid,LYS,MAD,911.0,115.0,285.16,170.16000000000003,45.76,4.84,40.4169,-3.7033,,,,,,,,285.16
Lyon,Marseille,LYS,MRS,253.0,55.0,233.86,178.86,45.76,4.84,43.2964,5.37,Lyon Part Dieu,Marseille-St-Charles,99.0,True,3.7248506527149634,3.0494630085437278,115.77431366125869,115.77431366125869
Lyon,Milan,LYS,MXP,283.0,60.0,270.59,210.58999999999997,45.76,4.84,45.4669,9.19,Lyon Part Dieu,Milano Porta Garibaldi,332.0,False,3.7248506527149634,4.707315782392735,350.4321664351077,270.59
Lyon,Munich,LYS,MUC,587.0,80.0,271.87,191.87,45.76,4.84,48.1375,11.575,Lyon Part Dieu,München Hbf,508.0,False,3.7248506527149634,3.0560823139438047,524.7809329666587,271.87
Lyon,Málaga,LYS,AGP,1284.0,140.0,300.58,160.57999999999998,45.76,4.84,36.7194,-4.42,,,,,,,,300.58
Lyon,Naples,LYS,NAP,919.0,110.0,268.96,158.95999999999998,45.76,4.84,40.8333,14.25,,,,,,,,268.96
Lyon,Nuremberg,,,,,,,,,,,Lyon Part Dieu,Nürnberg Hbf,497.0,False,3.7248506527149634,2.407122595922898,513.1319732486379,513.1319732486379
Lyon,Paris,LYS,CDG,411.0,70.0,252.64,182.64,45.76,4.84,48.8567,2.3522,Lyon Part Dieu,Paris Gare de Lyon,115.0,True,3.7248506527149634,4.976732490936343,133.7015831436513,133.7015831436513
Lyon,Poznań,,,,,,,,,,,Lyon Part Dieu,Poznan Glowny,1049.0,False,3.7248506527149634,4.065435329407926,1066.790285982123,1066.790285982123
Lyon,Prague,LYS,PRG,841.0,105.0,270.56,165.56,45.76,4.84,50.0875,14.4214,Lyon Part Dieu,Praha hl.n.,862.0,False,3.7248506527149634,2.772415453338628,878.4972661060536,270.56
Lyon,Rome,LYS,FCO,723.0,90.0,271.95,181.95,45.76,4.84,41.8933,12.4828,Lyon Part Dieu,Roma Tiburtina,572.0,False,3.7248506527149634,10.76586299605856,596.4907136487735,271.95
Lyon,Rotterdam,,,,,,,,,,,Lyon Part Dieu,Rotterdam Centraal,328.0,True,3.7248506527149634,2.249226316777232,343.9740769694922,343.9740769694922
Lyon,Sevilla,LYS,SVQ,1296.0,140.0,301.86,161.86,45.76,4.84,37.39,-5.99,,,,,,,,301.86
Lyon,Stockholm,LYS,ARN,1769.0,165.0,368.42,203.42000000000002,45.76,4.84,59.3294,18.0686,Lyon Part Dieu,Stockholm Central,1432.0,False,3.7248506527149634,1.5022922376589065,1447.227142890374,368.42
Lyon,Stuttgart,,,,,,,,,,,Lyon Part Dieu,Stuttgart Hbf,362.0,False,3.7248506527149634,2.002376007570269,377.7272266602852,377.7272266602852
Lyon,Tilburg,,,,,,,,,,,Lyon Part Dieu,Tilburg,369.0,False,3.7248506527149634,2.8326204398011785,385.55747109251615,385.55747109251615
Lyon,Toulouse,LYS,TLS,374.0,65.0,223.14,158.14,45.76,4.84,43.6045,1.444,Lyon Part Dieu,Toulouse-Matabiau,249.0,False,3.7248506527149634,2.6617812245934145,265.3866318773084,223.14
Lyon,Turin,,,,,,,,,,,Lyon Part Dieu,Torino Porta Susa,237.0,False,3.7248506527149634,2.8476007865249664,253.57245143923993,253.57245143923993
Lyon,Valencia,LYS,VLC,828.0,105.0,266.72,161.72000000000003,45.76,4.84,39.47,-0.3764,,,,,,,,266.72
Lyon,Vienna,LYS,VIE,913.0,100.0,274.59,174.58999999999997,45.76,4.84,48.2083,16.3725,Lyon Part Dieu,Wien Hbf,766.0,False,3.7248506527149634,6.245212775155993,785.970063427871,274.59
Lyon,Warsaw,LYS,WAW,1362.0,145.0,304.29,159.29000000000002,45.76,4.84,52.23,21.0111,Lyon Part Dieu,Warszawa Centralna,1196.0,False,3.7248506527149634,1.3212540896707794,1211.0461047423858,304.29
Lyon,Wrocław,,,,,,,,,,,Lyon Part Dieu,Wroclaw Glowny,1139.0,False,3.7248506527149634,3.2731677390709937,1155.998018391786,1155.998018391786
Lyon,Zagreb,,,,,,,,,,,Lyon Part Dieu,Zagreb Glavni kolodvor,1166.0,False,3.7248506527149634,2.3224288673449607,1182.04727952006,1182.04727952006
Madrid,Amsterdam,MAD,AMS,1459.0,155.0,313.45,158.45,40.4169,-3.7033,52.3728,4.8936,,,,,,,,313.45
Madrid,Athens,MAD,ATH,2383.0,215.0,386.26,171.26,40.4169,-3.7033,37.9842,23.7281,,,,,,,,386.26
Madrid,Barcelona,MAD,BCN,483.0,75.0,234.81,159.81,40.4169,-3.7033,41.3828,2.1769,,,,,,,,234.81
Madrid,Berlin,MAD,BER,1852.0,185.0,353.91,168.91000000000003,40.4169,-3.7033,52.52,13.405,,,,,,,,353.91
Madrid,Bordeaux,MAD,BOD,536.0,85.0,240.98,155.98,40.4169,-3.7033,44.84,-0.58,,,,,,,,240.98
Madrid,Brussels,MAD,BRU,1313.0,145.0,302.62,157.62,40.4169,-3.7033,50.8467,4.3525,,,,,,,,302.62
Madrid,Bucharest,MAD,BBU,2463.0,235.0,387.38,152.38,40.4169,-3.7033,44.4325,26.1039,,,,,,,,387.38
Madrid,Budapest,MAD,BUD,1978.0,190.0,357.15,167.14999999999998,40.4169,-3.7033,47.4925,19.0514,,,,,,,,357.15
Madrid,Copenhagen,MAD,CPH,2061.0,200.0,352.28,152.27999999999997,40.4169,-3.7033,55.6761,12.5683,,,,,,,,352.28
Madrid,Düsseldorf,MAD,DUS,1439.0,155.0,304.19,149.19,40.4169,-3.7033,51.2333,6.7833,,,,,,,,304.19
Madrid,Frankfurt,MAD,FRA,1423.0,155.0,311.96,156.95999999999998,40.4169,-3.7033,50.1106,8.6822,,,,,,,,311.96
Madrid,Hamburg,MAD,HAM,1781.0,175.0,330.02,155.01999999999998,40.4169,-3.7033,53.55,10.0,,,,,,,,330.02
Madrid,Helsinki,MAD,HEL,2950.0,250.0,416.11,166.11,40.4169,-3.7033,60.1708,24.9375,,,,,,,,416.11
Madrid,Kraków,MAD,KRK,2106.0,200.0,356.99,156.99,40.4169,-3.7033,50.0614,19.9372,,,,,,,,356.99
Madrid,Lisbon,MAD,LIS,514.0,80.0,229.44,149.44,40.4169,-3.7033,38.7253,-9.15,,,,,,,,229.44
Madrid,Ljubljana,MAD,LJU,1589.0,160.0,331.99,171.99,40.4169,-3.7033,46.0514,14.5061,,,,,,,,331.99
Madrid,Luxembourg,MAD,LUX,1272.0,140.0,290.44,150.44,40.4169,-3.7033,49.6117,6.1319,,,,,,,,290.44
Madrid,Lyon,MAD,LYS,911.0,110.0,280.16,170.16000000000003,40.4169,-3.7033,45.76,4.84,,,,,,,,280.16
Madrid,Marseille,MAD,MRS,798.0,105.0,276.61,171.61,40.4169,-3.7033,43.2964,5.37,,,,,,,,276.61
Madrid,Milan,MAD,LIN,1182.0,130.0,281.93,151.93,40.4169,-3.7033,45.4669,9.19,,,,,,,,281.93
Madrid,Munich,MAD,MUC,1498.0,155.0,339.62,184.62,40.4169,-3.7033,48.1375,11.575,,,,,,,,339.62
Madrid,Málaga,MAD,AGP,431.0,75.0,228.33,153.33,40.4169,-3.7033,36.7194,-4.42,,,,,,,,228.33
Madrid,Naples,MAD,NAP,1507.0,150.0,301.71,151.70999999999998,40.4169,-3.7033,40.8333,14.25,,,,,,,,301.71
Madrid,Paris,MAD,ORY,1028.0,120.0,282.89,162.89,40.4169,-3.7033,48.8567,2.3522,,,,,,,,282.89
Madrid,Prague,MAD,PRG,1752.0,175.0,333.3,158.3,40.4169,-3.7033,50.0875,14.4214,,,,,,,,333.3
Madrid,Riga,MAD,RIX,2695.0,245.0,398.81,153.81,40.4169,-3.7033,56.9489,24.1064,,,,,,,,398.81
Madrid,Rome,MAD,FCO,1333.0,145.0,319.7,174.7,40.4169,-3.7033,41.8933,12.4828,,,,,,,,319.7
Madrid,Sevilla,MAD,SVQ,396.0,70.0,224.6,154.6,40.4169,-3.7033,37.39,-5.99,,,,,,,,224.6
Madrid,Sofia,MAD,SOF,2253.0,205.0,356.98,151.98000000000002,40.4169,-3.7033,42.7,23.33,,,,,,,,356.98
Madrid,Stockholm,MAD,ARN,2603.0,235.0,431.16,196.16000000000003,40.4169,-3.7033,59.3294,18.0686,,,,,,,,431.16
Madrid,Tilburg,MAD,EIN,1400.0,155.0,331.97,176.97000000000003,40.4169,-3.7033,51.55,5.0833,,,,,,,,331.97
Madrid,Toulouse,MAD,TLS,537.0,80.0,230.88,150.88,40.4169,-3.7033,43.6045,1.444,,,,,,,,230.88
Madrid,Turin,MAD,TRN,1053.0,125.0,285.57,160.57,40.4169,-3.7033,45.0792,7.6761,,,,,,,,285.57
Madrid,Valencia,MAD,VLC,286.0,60.0,214.47,154.47,40.4169,-3.7033,39.47,-0.3764,,,,,,,,214.47
Madrid,Vienna,MAD,VIE,1808.0,180.0,347.34,167.33999999999997,40.4169,-3.7033,48.2083,16.3725,,,,,,,,347.34
Madrid,Warsaw,MAD,WAW,2274.0,215.0,367.04,152.04000000000002,40.4169,-3.7033,52.23,21.0111,,,,,,,,367.04
Madrid,Zagreb,MAD,ZAG,1694.0,165.0,322.97,157.97000000000003,40.4169,-3.7033,45.8131,15.9775,,,,,,,,322.97
Marseille,Amsterdam,MRS,AMS,986.0,130.0,297.16,167.16000000000003,43.2964,5.37,52.3728,4.8936,Marseille-St-Charles,Amsterdam Centraal,459.0,False,3.0494630085437278,1.9520337879727412,474.0014967965165,297.16
Marseille,Antwerp,,,,,,,,,,,Marseille-St-Charles,Antwerpen Centraal,376.0,True,3.0494630085437278,3.5284359653773953,392.57789897392115,392.57789897392115
Marseille,Athens,MRS,ATH,1692.0,160.0,339.96,179.95999999999998,43.2964,5.37,37.9842,23.7281,,,,,,,,339.96
Marseille,Barcelona,MRS,BCN,351.0,70.0,238.51,168.51,43.2964,5.37,41.3828,2.1769,Marseille-St-Charles,Barcelona Sants,272.0,True,3.0494630085437278,7.388093774297752,292.4375567828415,238.51
Marseille,Berlin,MRS,BER,1167.0,130.0,307.62,177.62,43.2964,5.37,52.52,13.405,Marseille-St-Charles,Berlin Hbf,781.0,False,3.0494630085437278,5.947266480604848,799.9967294891486,307.62
Marseille,Bordeaux,MRS,BOD,498.0,70.0,234.68,164.68,43.2964,5.37,44.84,-0.58,Marseille-St-Charles,Bordeaux-St-Jean,382.0,False,3.0494630085437278,5.811588377462907,400.86105138600664,234.68
Marseille,Bratislava,,,,,,,,,,,Marseille-St-Charles,Bratislava hl.st.,959.0,False,3.0494630085437278,4.046858342350235,976.096321350894,976.096321350894
Marseille,Bremen,,,,,,,,,,,Marseille-St-Charles,Bremen Hbf,688.0,False,3.0494630085437278,2.309271364404068,703.3587343729478,703.3587343729478
Marseille,Brussels,MRS,BRU,830.0,105.0,271.32,166.32,43.2964,5.37,50.8467,4.3525,Marseille-St-Charles,Bruxelles Midi,333.0,True,3.0494630085437278,4.14169289941754,350.1911559079613,271.32
Marseille,Bucharest,MRS,OTP,1672.0,155.0,328.5,173.5,43.2964,5.37,44.4325,26.1039,,,,,,,,328.5
Marseille,Budapest,MRS,BUD,1182.0,120.0,295.85,175.85000000000002,43.2964,5.37,47.4925,19.0514,Marseille-St-Charles,Budapest-Nyugati,1286.0,False,3.0494630085437278,4.980157462200125,1304.0296204707438,295.85
Marseille,Cologne,,,,,,,,,,,Marseille-St-Charles,Köln Messe/Deutz,460.0,False,3.0494630085437278,3.9197525107529603,476.9692155192967,476.9692155192967
Marseille,Copenhagen,MRS,CPH,1456.0,160.0,320.99,160.99,43.2964,5.37,55.6761,12.5683,Marseille-St-Charles,Koebenhavns Lufthavn st,1155.0,False,3.0494630085437278,17.4069941581493,1185.4564571666929,320.99
Marseille,Dortmund,,,,,,,,,,,Marseille-St-Charles,Dortmund Hbf,535.0,False,3.0494630085437278,1.460615015563283,549.510078024107,549.510078024107
Marseille,Dresden,,,,,,,,,,,Marseille-St-Charles,Dresden Hbf,816.0,False,3.0494630085437278,2.8510360388781235,831.9004990474218,831.9004990474218
Marseille,Duisburg,,,,,,,,,,,Marseille-St-Charles,Duisburg Hbf,492.0,False,3.0494630085437278,2.5870950877797454,507.6365580963235,507.6365580963235
Marseille,Düsseldorf,MRS,DUS,878.0,100.0,257.89,157.89,43.2964,5.37,51.2333,6.7833,Marseille-St-Charles,Düsseldorf Hbf,475.0,False,3.0494630085437278,4.00763955017613,492.05710255871986,257.89
Marseille,Essen,,,,,,,,,,,Marseille-St-Charles,Essen Hbf,509.0,False,3.0494630085437278,0.31813865528361085,522.3676016638274,522.3676016638274
Marseille,Frankfurt,MRS,FRA,777.0,105.0,270.67,165.67000000000002,43.2964,5.37,50.1106,8.6822,Marseille-St-Charles,Frankfurt(Main)Hbf,535.0,False,3.0494630085437278,3.4764728210122846,551.525935829556,270.67
Marseille,Genoa,,,,,,,,,,,Marseille-St-Charles,Genova Piazza Principe,368.0,False,3.0494630085437278,2.6646692679586454,383.71413227650237,383.71413227650237
Marseille,Hamburg,,,,,,,,,,,Marseille-St-Charles,Hamburg Hbf,764.0,False,3.0494630085437278,1.316441566346405,778.3659045748901,778.3659045748901
Marseille,Hannover,,,,,,,,,,,Marseille-St-Charles,Hannover Hbf,668.0,False,3.0494630085437278,4.786629448184535,685.8360924567282,685.8360924567282
Marseille,Kraków,MRS,KRK,1331.0,135.0,300.69,165.69,43.2964,5.37,50.0614,19.9372,Marseille-St-Charles,Krakow Glowny,1489.0,False,3.0494630085437278,2.336597225946072,1504.3860602344896,300.69
Marseille,Leipzig,,,,,,,,,,,Marseille-St-Charles,Leipzig Hbf,726.0,False,3.0494630085437278,1.875769965295063,740.9252329738388,740.9252329738388
Marseille,Lisbon,MRS,LIS,1310.0,145.0,303.14,158.14,43.2964,5.37,38.7253,-9.15,,,,,,,,303.14
Marseille,Ljubljana,,,,,,,,,,,Marseille-St-Charles,Ljubljana,935.0,False,3.0494630085437278,2.321449509647903,950.3709125181916,950.3709125181916
Marseille,Luxembourg,MRS,LUX,692.0,90.0,249.15,159.15,43.2964,5.37,49.6117,6.1319,Marseille-St-Charles,Luxembourg,408.0,False,3.0494630085437278,3.2276729444989756,424.2771359530427,249.15
Marseille,Lyon,MRS,LYS,253.0,55.0,233.86,178.86,43.2964,5.37,45.76,4.84,Marseille-St-Charles,Lyon Part Dieu,101.0,True,3.0494630085437278,3.7248506527149634,117.77431366125869,117.77431366125869
Marseille,Madrid,MRS,MAD,798.0,105.0,276.61,171.61,43.2964,5.37,40.4169,-3.7033,,,,,,,,276.61
Marseille,Milan,MRS,MXP,368.0,75.0,287.04,212.04000000000002,43.2964,5.37,45.4669,9.19,Marseille-St-Charles,Milano Porta Garibaldi,442.0,False,3.0494630085437278,4.707315782392735,459.7567787909365,287.04
Marseille,Munich,MRS,MUC,746.0,95.0,288.32,193.32,43.2964,5.37,48.1375,11.575,Marseille-St-Charles,München Hbf,671.0,False,3.0494630085437278,3.0560823139438047,687.1055453224875,288.32
Marseille,Málaga,MRS,AGP,1117.0,120.0,282.03,162.02999999999997,43.2964,5.37,36.7194,-4.42,,,,,,,,282.03
Marseille,Naples,MRS,NAP,800.0,95.0,255.41,160.41,43.2964,5.37,40.8333,14.25,,,,,,,,255.41
Marseille,Nuremberg,,,,,,,,,,,Marseille-St-Charles,Nürnberg Hbf,672.0,False,3.0494630085437278,2.407122595922898,687.4565856044667,687.4565856044667
Marseille,Paris,MRS,ORY,627.0,85.0,256.59,171.58999999999997,43.2964,5.37,48.8567,2.3522,Marseille-St-Charles,Paris Gare de Lyon,199.0,True,3.0494630085437278,4.976732490936343,217.02619549948008,217.02619549948008
Marseille,Poznań,,,,,,,,,,,Marseille-St-Charles,Poznan Glowny,1186.0,False,3.0494630085437278,4.065435329407926,1203.1148983379514,1203.1148983379514
Marseille,Prague,MRS,PRG,1011.0,115.0,282.01,167.01,43.2964,5.37,50.0875,14.4214,Marseille-St-Charles,Praha hl.n.,1118.0,False,3.0494630085437278,2.772415453338628,1133.8218784618823,282.01
Marseille,Rome,MRS,FCO,604.0,85.0,268.4,183.39999999999998,43.2964,5.37,41.8933,12.4828,Marseille-St-Charles,Roma Tiburtina,688.0,False,3.0494630085437278,10.76586299605856,711.8153260046023,268.4
Marseille,Rotterdam,,,,,,,,,,,Marseille-St-Charles,Rotterdam Centraal,411.0,True,3.0494630085437278,2.249226316777232,426.298689325321,426.298689325321
Marseille,Sevilla,MRS,SVQ,1154.0,125.0,288.31,163.31,43.2964,5.37,37.39,-5.99,,,,,,,,288.31
Marseille,Stockholm,MRS,ARN,1999.0,190.0,394.87,204.87,43.2964,5.37,59.3294,18.0686,Marseille-St-Charles,Stockholm Central,1533.0,False,3.0494630085437278,1.5022922376589065,1547.5517552462024,394.87
Marseille,Stuttgart,,,,,,,,,,,Marseille-St-Charles,Stuttgart Hbf,491.0,False,3.0494630085437278,2.002376007570269,506.051839016114,506.051839016114
Marseille,Tilburg,MRS,EIN,891.0,115.0,300.67,185.67000000000002,43.2964,5.37,51.55,5.0833,Marseille-St-Charles,Tilburg,452.0,False,3.0494630085437278,2.8326204398011785,467.88208344834493,300.67
Marseille,Toulouse,MRS,TLS,311.0,60.0,219.59,159.59,43.2964,5.37,43.6045,1.444,Marseille-St-Charles,Toulouse-Matabiau,228.0,False,3.0494630085437278,2.6617812245934145,243.71124423313717,219.59
Marseille,Turin,,,,,,,,,,,Marseille-St-Charles,Torino Porta Susa,363.0,False,3.0494630085437278,2.8476007865249664,378.89706379506873,378.89706379506873
Marseille,Valencia,MRS,VLC,646.0,85.0,248.17,163.17,43.2964,5.37,39.47,-0.3764,,,,,,,,248.17
Marseille,Vienna,MRS,VIE,1022.0,110.0,286.04,176.04000000000002,43.2964,5.37,48.2083,16.3725,Marseille-St-Charles,Wien Hbf,890.0,False,3.0494630085437278,6.245212775155993,909.2946757836997,286.04
Marseille,Warsaw,,,,,,,,,,,Marseille-St-Charles,Warszawa Centralna,1333.0,False,3.0494630085437278,1.3212540896707794,1347.3707170982143,1347.3707170982143
Marseille,Wrocław,,,,,,,,,,,Marseille-St-Charles,Wroclaw Glowny,1263.0,False,3.0494630085437278,3.2731677390709937,1279.3226307476145,1279.3226307476145
Marseille,Zagreb,MRS,ZAG,896.0,105.0,271.68,166.68,43.2964,5.37,45.8131,15.9775,Marseille-St-Charles,Zagreb Glavni kolodvor,1338.0,False,3.0494630085437278,2.3224288673449607,1353.3718918758887,271.68
Milan,Amsterdam,LIN,AMS,830.0,115.0,262.48,147.48000000000002,45.4669,9.19,52.3728,4.8936,Milano Porta Garibaldi,Amsterdam Centraal,731.0,False,4.707315782392735,1.9520337879727412,747.6593495703654,262.48
Milan,Antwerp,,,,,,,,,,,Milano Porta Garibaldi,Antwerpen Centraal,648.0,False,4.707315782392735,3.5284359653773953,666.2357517477701,666.2357517477701
Milan,Athens,BGY,ATH,1458.0,140.0,357.81,217.81,45.4669,9.19,37.9842,23.7281,,,,,,,,357.81
Milan,Barcelona,LIN,BCN,743.0,105.0,253.83,148.83,45.4669,9.19,41.3828,2.1769,,,,,,,,253.83
Milan,Berlin,LIN,BER,827.0,100.0,257.94,157.94,45.4669,9.19,52.52,13.405,Milano Porta Garibaldi,Berlin Hbf,712.0,False,4.707315782392735,5.947266480604848,732.6545822629976,257.94
Milan,Bordeaux,MXP,BOD,744.0,95.0,291.41,196.41000000000003,45.4669,9.19,44.84,-0.58,Milano Porta Garibaldi,Bordeaux-St-Jean,668.0,False,4.707315782392735,5.811588377462907,688.5189041598557,291.41
Milan,Bratislava,MXP,BTS,706.0,80.0,274.14,194.14,45.4669,9.19,48.1439,17.1097,Milano Porta Garibaldi,Bratislava hl.st.,717.0,False,4.707315782392735,4.046858342350235,735.7541741247429,274.14
Milan,Bremen,,,,,,,,,,,Milano Porta Garibaldi,Bremen Hbf,706.0,False,4.707315782392735,2.309271364404068,723.0165871467967,723.0165871467967
Milan,Brussels,LIN,BRU,701.0,95.0,241.64,146.64,45.4669,9.19,50.8467,4.3525,Milano Porta Garibaldi,Bruxelles Midi,608.0,False,4.707315782392735,4.14169289941754,626.8490086818102,241.64
Milan,Bucharest,MXP,OTP,1369.0,135.0,340.23,205.23000000000002,45.4669,9.19,44.4325,26.1039,,,,,,,,340.23
Milan,Budapest,BGY,BUD,758.0,90.0,303.69,213.69,45.4669,9.19,47.4925,19.0514,Milano Porta Garibaldi,Budapest-Nyugati,816.0,False,4.707315782392735,4.980157462200125,835.6874732445929,303.69
Milan,Cologne,MXP,CGN,595.0,85.0,287.16,202.16000000000003,45.4669,9.19,50.9364,6.9528,,,,,,,,287.16
Milan,Copenhagen,MXP,CPH,1146.0,125.0,317.71,192.70999999999998,45.4669,9.19,55.6761,12.5683,Milano Porta Garibaldi,Koebenhavns Lufthavn st,1124.0,False,4.707315782392735,17.4069941581493,1156.114309940542,317.71
Milan,Dortmund,,,,,,,,,,,Milano Porta Garibaldi,Dortmund Hbf,590.0,False,4.707315782392735,1.460615015563283,606.1679307979559,606.1679307979559
Milan,Dresden,,,,,,,,,,,Milano Porta Garibaldi,Dresden Hbf,752.0,False,4.707315782392735,2.8510360388781235,769.5583518212708,769.5583518212708
Milan,Duisburg,,,,,,,,,,,Milano Porta Garibaldi,Duisburg Hbf,554.0,False,4.707315782392735,2.5870950877797454,571.2944108701724,571.2944108701724
Milan,Düsseldorf,LIN,DUS,673.0,90.0,228.21,138.21,45.4669,9.19,51.2333,6.7833,Milano Porta Garibaldi,Düsseldorf Hbf,541.0,True,4.707315782392735,4.00763955017613,559.7149553325688,228.21
Milan,Essen,,,,,,,,,,,Milano Porta Garibaldi,Essen Hbf,567.0,False,4.707315782392735,0.31813865528361085,582.0254544376763,582.0254544376763
Milan,Frankfurt,LIN,FRA,512.0,80.0,225.99,145.99,45.4669,9.19,50.1106,8.6822,Milano Porta Garibaldi,Frankfurt(Main)Hbf,458.0,False,4.707315782392735,3.4764728210122846,476.18378860340505,225.99
Milan,Gothenburg,BGY,GOT,1347.0,140.0,357.97,217.97000000000003,45.4669,9.19,57.7075,11.9675,,,,,,,,357.97
Milan,Hamburg,LIN,HAM,910.0,105.0,249.05,144.05,45.4669,9.19,53.55,10.0,Milano Porta Garibaldi,Hamburg Hbf,710.0,False,4.707315782392735,1.316441566346405,726.0237573487391,249.05
Milan,Hannover,BGY,HAJ,755.0,100.0,303.6,203.60000000000002,45.4669,9.19,52.3667,9.7167,Milano Porta Garibaldi,Hannover Hbf,626.0,False,4.707315782392735,4.786629448184535,645.4939452305772,303.6
Milan,Helsinki,LIN,HEL,1950.0,180.0,335.14,155.14,45.4669,9.19,60.1708,24.9375,,,,,,,,335.14
Milan,Kraków,BGY,KRK,899.0,105.0,308.54,203.54000000000002,45.4669,9.19,50.0614,19.9372,Milano Porta Garibaldi,Krakow Glowny,1197.0,False,4.707315782392735,2.336597225946072,1214.0439130083387,308.54
Milan,Leipzig,,,,,,,,,,,Milano Porta Garibaldi,Leipzig Hbf,638.0,False,4.707315782392735,1.875769965295063,654.5830857476877,654.5830857476877
Milan,Lisbon,MXP,LIS,1653.0,175.0,364.87,189.87,45.4669,9.19,38.7253,-9.15,,,,,,,,364.87
Milan,Luxembourg,LIN,LUX,517.0,75.0,214.47,139.47,45.4669,9.19,49.6117,6.1319,Milano Porta Garibaldi,Luxembourg,550.0,True,4.707315782392735,3.2276729444989756,567.9349887268917,214.47
Milan,Lyon,MXP,LYS,283.0,60.0,270.59,210.58999999999997,45.4669,9.19,45.76,4.84,Milano Porta Garibaldi,Lyon Part Dieu,361.0,False,4.707315782392735,3.7248506527149634,379.4321664351077,270.59
Milan,Madrid,LIN,MAD,1182.0,143.0,294.93,151.93,45.4669,9.19,40.4169,-3.7033,,,,,,,,294.93
Milan,Marseille,MXP,MRS,368.0,75.0,287.04,212.04000000000002,45.4669,9.19,43.2964,5.37,Milano Porta Garibaldi,Marseille-St-Charles,494.0,False,4.707315782392735,3.0494630085437278,511.7567787909365,287.04
Milan,Munich,LIN,MUC,374.0,70.0,243.64,173.64,45.4669,9.19,48.1375,11.575,Milano Porta Garibaldi,München Hbf,434.0,False,4.707315782392735,3.0560823139438047,451.7633980963366,243.64
Milan,Málaga,MXP,AGP,1485.0,160.0,353.76,193.76,45.4669,9.19,36.7194,-4.42,,,,,,,,353.76
Milan,Naples,LIN,NAP,651.0,80.0,220.73,140.73,45.4669,9.19,40.8333,14.25,,,,,,,,220.73
Milan,Nuremberg,,,,,,,,,,,Milano Porta Garibaldi,Nürnberg Hbf,524.0,False,4.707315782392735,2.407122595922898,541.1144383783156,541.1144383783156
Milan,Paris,LIN,ORY,638.0,90.0,241.91,151.91,45.4669,9.19,48.8567,2.3522,Milano Porta Garibaldi,Paris Gare de Lyon,419.0,False,4.707315782392735,4.976732490936343,438.6840482733291,241.91
Milan,Poznań,BGY,POZ,912.0,105.0,303.7,198.7,45.4669,9.19,52.4083,16.9336,Milano Porta Garibaldi,Poznan Glowny,1082.0,False,4.707315782392735,4.065435329407926,1100.7727511118005,303.7
Milan,Prague,MXP,PRG,648.0,90.0,288.73,198.73000000000002,45.4669,9.19,50.0875,14.4214,Milano Porta Garibaldi,Praha hl.n.,789.0,False,4.707315782392735,2.772415453338628,806.4797312357314,288.73
Milan,Riga,MXP,RIX,1639.0,160.0,354.24,194.24,45.4669,9.19,56.9489,24.1064,,,,,,,,354.24
Milan,Rome,LIN,FCO,472.0,70.0,233.72,163.72,45.4669,9.19,41.8933,12.4828,Milano Porta Garibaldi,Roma Tiburtina,215.0,True,4.707315782392735,10.76586299605856,240.47317877845128,233.72
Milan,Rotterdam,BGY,RTM,798.0,100.0,294.79,194.79000000000002,45.4669,9.19,51.92,4.48,Milano Porta Garibaldi,Rotterdam Centraal,683.0,False,4.707315782392735,2.249226316777232,699.95654209917,294.79
Milan,Sevilla,MXP,SVQ,1518.0,160.0,355.03,195.02999999999997,45.4669,9.19,37.39,-5.99,,,,,,,,355.03
Milan,Sofia,MXP,SOF,1218.0,115.0,307.41,192.41000000000003,45.4669,9.19,42.7,23.33,,,,,,,,307.41
Milan,Stockholm,LIN,ARN,1681.0,160.0,345.19,185.19,45.4669,9.19,59.3294,18.0686,Milano Porta Garibaldi,Stockholm Central,1506.0,False,4.707315782392735,1.5022922376589065,1522.2096080200515,345.19
Milan,Stuttgart,LIN,STR,359.0,65.0,210.03,145.03,45.4669,9.19,48.7775,9.18,Milano Porta Garibaldi,Stuttgart Hbf,413.0,False,4.707315782392735,2.002376007570269,429.709691789963,210.03
Milan,Tallinn,MXP,TLL,1872.0,180.0,367.57,187.57,45.4669,9.19,59.4372,24.7453,,,,,,,,367.57
Milan,Tilburg,BGY,EIN,718.0,100.0,323.52,223.51999999999998,45.4669,9.19,51.55,5.0833,Milano Porta Garibaldi,Tilburg,797.0,False,4.707315782392735,2.8326204398011785,814.5399362221939,323.52
Milan,Toulouse,MXP,TLS,622.0,90.0,281.31,191.31,45.4669,9.19,43.6045,1.444,,,,,,,,281.31
Milan,Turin,,,,,,,,,,,Milano Porta Garibaldi,Torino Porta Susa,50.0,True,4.707315782392735,2.8476007865249664,67.5549165689177,67.5549165689177
Milan,Valencia,MXP,VLC,1015.0,120.0,314.9,194.89999999999998,45.4669,9.19,39.47,-0.3764,,,,,,,,314.9
Milan,Vienna,BGY,VIE,589.0,80.0,293.89,213.89,45.4669,9.19,48.2083,16.3725,,,,,,,,293.89
Milan,Vilnius,BGY,VNO,1489.0,145.0,340.36,195.36,45.4669,9.19,54.6872,25.28,,,,,,,,340.36
Milan,Warsaw,BGY,WAW,1096.0,120.0,318.59,198.58999999999997,45.4669,9.19,52.23,21.0111,,,,,,,,318.59
Milan,Wrocław,,,,,,,,,,,Milano Porta Garibaldi,Wroclaw Glowny,1220.0,False,4.707315782392735,3.2731677390709937,1237.9804835214636,1237.9804835214636
Milan,Zagreb,BGY,ZAG,495.0,75.0,279.52,204.51999999999998,45.4669,9.19,45.8131,15.9775,,,,,,,,279.52
Milan,Zaragoza,BGY,ZAZ,970.0,115.0,318.64,203.64,45.4669,9.19,41.65,-0.8833,,,,,,,,318.64
Munich,Amsterdam,MUC,AMS,665.0,95.0,275.17,180.17000000000002,48.1375,11.575,52.3728,4.8936,München Hbf,Amsterdam Centraal,430.0,False,3.0560823139438047,1.9520337879727412,445.0081161019166,275.17
Munich,Antwerp,,,,,,,,,,,München Hbf,Antwerpen Centraal,434.0,False,3.0560823139438047,3.5284359653773953,450.58451827932123,450.58451827932123
Munich,Athens,MUC,ATH,1518.0,145.0,337.97,192.97000000000003,48.1375,11.575,37.9842,23.7281,,,,,,,,337.97
Munich,Barcelona,MUC,BCN,1095.0,125.0,306.52,181.51999999999998,48.1375,11.575,41.3828,2.1769,München Hbf,Barcelona Sants,864.0,False,3.0560823139438047,7.388093774297752,884.4441760882415,306.52
Munich,Berlin,MUC,BER,462.0,65.0,255.62,190.62,48.1375,11.575,52.52,13.405,München Hbf,Berlin Hbf,232.0,True,3.0560823139438047,5.947266480604848,251.00334879454866,251.00334879454866
Munich,Bordeaux,MUC,BOD,1032.0,115.0,292.69,177.69,48.1375,11.575,44.84,-0.58,München Hbf,Bordeaux-St-Jean,528.0,False,3.0560823139438047,5.811588377462907,546.8676706914067,292.69
Munich,Bratislava,,,,,,,,,,,München Hbf,Bratislava hl.st.,323.0,False,3.0560823139438047,4.046858342350235,340.10294065629404,340.10294065629404
Munich,Bremen,MUC,BRE,564.0,70.0,237.56,167.56,48.1375,11.575,53.0758,8.8072,München Hbf,Bremen Hbf,323.0,True,3.0560823139438047,2.309271364404068,338.3653536783479,237.56
Munich,Brussels,MUC,BRU,598.0,80.0,259.33,179.32999999999998,48.1375,11.575,50.8467,4.3525,München Hbf,Bruxelles Midi,403.0,False,3.0560823139438047,4.14169289941754,420.19777521336135,259.33
Munich,Bucharest,MUC,OTP,1173.0,120.0,306.51,186.51,48.1375,11.575,44.4325,26.1039,,,,,,,,306.51
Munich,Budapest,MUC,BUD,567.0,75.0,263.86,188.86,48.1375,11.575,47.4925,19.0514,München Hbf,Budapest-Nyugati,453.0,False,3.0560823139438047,4.980157462200125,471.03623977614393,263.86
Munich,Cologne,MUC,CGN,438.0,65.0,248.44,183.44,48.1375,11.575,50.9364,6.9528,,,,,,,,248.44
Munich,Copenhagen,MUC,CPH,811.0,95.0,268.99,173.99,48.1375,11.575,55.6761,12.5683,München Hbf,Koebenhavns Lufthavn st,696.0,False,3.0560823139438047,17.4069941581493,726.463076472093,268.99
Munich,Dortmund,MUC,DTM,462.0,75.0,253.51,178.51,48.1375,11.575,51.5139,7.4653,München Hbf,Dortmund Hbf,328.0,False,3.0560823139438047,1.460615015563283,342.5166973295071,253.51
Munich,Dresden,MUC,DRS,339.0,55.0,230.86,175.86,48.1375,11.575,51.05,13.74,München Hbf,Dresden Hbf,256.0,False,3.0560823139438047,2.8510360388781235,271.90711835282195,230.86
Munich,Duisburg,,,,,,,,,,,München Hbf,Duisburg Hbf,290.0,True,3.0560823139438047,2.5870950877797454,305.64317740172356,305.64317740172356
Munich,Düsseldorf,MUC,DUS,486.0,70.0,240.9,170.9,48.1375,11.575,51.2333,6.7833,München Hbf,Düsseldorf Hbf,274.0,True,3.0560823139438047,4.00763955017613,291.06372186411994,240.9
Munich,Essen,,,,,,,,,,,München Hbf,Essen Hbf,303.0,True,3.0560823139438047,0.31813865528361085,316.37422096922745,316.37422096922745
Munich,Frankfurt,MUC,FRA,300.0,60.0,238.68,178.68,48.1375,11.575,50.1106,8.6822,München Hbf,Frankfurt(Main)Hbf,202.0,True,3.0560823139438047,3.4764728210122846,218.5325551349561,218.5325551349561
Munich,Genoa,MUC,GOA,492.0,70.0,242.95,172.95,48.1375,11.575,44.4111,8.9328,München Hbf,Genova Piazza Principe,548.0,False,3.0560823139438047,2.6646692679586454,563.7207515819024,242.95
Munich,Gothenburg,MUC,GOT,1037.0,110.0,303.14,193.14,48.1375,11.575,57.7075,11.9675,,,,,,,,303.14
Munich,Hamburg,MUC,HAM,600.0,75.0,251.73,176.73,48.1375,11.575,53.55,10.0,München Hbf,Hamburg Hbf,335.0,False,3.0560823139438047,1.316441566346405,349.3725238802902,251.73
Munich,Hannover,MUC,HAJ,480.0,65.0,243.76,178.76,48.1375,11.575,52.3667,9.7167,München Hbf,Hannover Hbf,250.0,True,3.0560823139438047,4.786629448184535,267.8427117621284,243.76
Munich,Helsinki,MUC,HEL,1577.0,150.0,337.82,187.82,48.1375,11.575,60.1708,24.9375,,,,,,,,337.82
Munich,Kraków,MUC,KRK,613.0,80.0,258.7,178.7,48.1375,11.575,50.0614,19.9372,,,,,,,,258.7
Munich,Leipzig,MUC,LEJ,342.0,60.0,244.03,184.03,48.1375,11.575,51.34,12.375,München Hbf,Leipzig Hbf,184.0,False,3.0560823139438047,1.875769965295063,198.93185227923888,198.93185227923888
Munich,Lisbon,MUC,LIS,1987.0,200.0,371.15,171.14999999999998,48.1375,11.575,38.7253,-9.15,,,,,,,,371.15
Munich,Ljubljana,MUC,LJU,310.0,50.0,243.7,193.7,48.1375,11.575,46.0514,14.5061,München Hbf,Ljubljana,353.0,False,3.0560823139438047,2.321449509647903,368.3775318235917,243.7
Munich,Luxembourg,MUC,LUX,432.0,65.0,237.16,172.16,48.1375,11.575,49.6117,6.1319,München Hbf,Luxembourg,350.0,False,3.0560823139438047,3.2276729444989756,366.2837552584428,237.16
Munich,Lyon,MUC,LYS,587.0,75.0,266.87,191.87,48.1375,11.575,45.76,4.84,München Hbf,Lyon Part Dieu,481.0,False,3.0560823139438047,3.7248506527149634,497.7809329666588,266.87
Munich,Madrid,MUC,MAD,1498.0,165.0,349.62,184.62,48.1375,11.575,40.4169,-3.7033,,,,,,,,349.62
Munich,Marseille,MUC,MRS,746.0,100.0,293.32,193.32,48.1375,11.575,43.2964,5.37,München Hbf,Marseille-St-Charles,618.0,False,3.0560823139438047,3.0494630085437278,634.1055453224875,293.32
Munich,Milan,MUC,LIN,374.0,60.0,233.64,173.64,48.1375,11.575,45.4669,9.19,,,,,,,,233.64
Munich,Málaga,MUC,AGP,1856.0,180.0,355.04,175.04000000000002,48.1375,11.575,36.7194,-4.42,,,,,,,,355.04
Munich,Naples,MUC,NAP,853.0,100.0,273.42,173.42000000000002,48.1375,11.575,40.8333,14.25,,,,,,,,273.42
Munich,Nuremberg,,,,,,,,,,,München Hbf,Nürnberg Hbf,63.0,True,3.0560823139438047,2.407122595922898,78.4632049098667,78.4632049098667
Munich,Paris,MUC,CDG,682.0,95.0,292.09,197.08999999999997,48.1375,11.575,48.8567,2.3522,,,,,,,,292.09
Munich,Poznań,MUC,POZ,576.0,70.0,243.87,173.87,48.1375,11.575,52.4083,16.9336,München Hbf,Poznan Glowny,423.0,False,3.0560823139438047,4.065435329407926,440.12151764335175,243.87
Munich,Prague,MUC,PRG,265.0,50.0,230.01,180.01,48.1375,11.575,50.0875,14.4214,München Hbf,Praha hl.n.,337.0,False,3.0560823139438047,2.772415453338628,352.82849776728244,230.01
Munich,Riga,MUC,RIX,1257.0,125.0,300.52,175.51999999999998,48.1375,11.575,56.9489,24.1064,,,,,,,,300.52
Munich,Rome,MUC,FCO,729.0,90.0,286.41,196.41000000000003,48.1375,11.575,41.8933,12.4828,,,,,,,,286.41
Munich,Rotterdam,,,,,,,,,,,München Hbf,Rotterdam Centraal,441.0,True,3.0560823139438047,2.249226316777232,456.3053086307211,456.3053086307211
Munich,Sevilla,MUC,SVQ,1879.0,180.0,356.31,176.31,48.1375,11.575,37.39,-5.99,,,,,,,,356.31
Munich,Sofia,MUC,SOF,1103.0,110.0,283.69,173.69,48.1375,11.575,42.7,23.33,,,,,,,,283.69
Munich,Stockholm,MUC,ARN,1318.0,130.0,347.87,217.87,48.1375,11.575,59.3294,18.0686,München Hbf,Stockholm Central,1116.0,False,3.0560823139438047,1.5022922376589065,1130.5583745516026,347.87
Munich,Stuttgart,MUC,STR,195.0,45.0,222.71,177.71,48.1375,11.575,48.7775,9.18,München Hbf,Stuttgart Hbf,118.0,True,3.0560823139438047,2.002376007570269,133.05845832151408,133.05845832151408
Munich,Tallinn,MUC,TLL,1493.0,140.0,308.85,168.85000000000002,48.1375,11.575,59.4372,24.7453,,,,,,,,308.85
Munich,Tilburg,,,,,,,,,,,München Hbf,Tilburg,433.0,True,3.0560823139438047,2.8326204398011785,448.888702753745,448.888702753745
Munich,Toulouse,MUC,TLS,961.0,105.0,277.6,172.60000000000002,48.1375,11.575,43.6045,1.444,München Hbf,Toulouse-Matabiau,710.0,False,3.0560823139438047,2.6617812245934145,725.7178635385371,277.6
Munich,Turin,MUC,TRN,472.0,75.0,257.29,182.29000000000002,48.1375,11.575,45.0792,7.6761,,,,,,,,257.29
Munich,Valencia,MUC,VLC,1389.0,145.0,321.18,176.18,48.1375,11.575,39.47,-0.3764,,,,,,,,321.18
Munich,Vienna,MUC,VIE,355.0,65.0,254.05,189.05,48.1375,11.575,48.2083,16.3725,München Hbf,Wien Hbf,256.0,False,3.0560823139438047,6.245212775155993,275.3012950890998,254.05
Munich,Vilnius,MUC,VNO,1166.0,120.0,290.52,170.51999999999998,48.1375,11.575,54.6872,25.28,,,,,,,,290.52
Munich,Warsaw,MUC,WAW,779.0,95.0,268.75,173.75,48.1375,11.575,52.23,21.0111,München Hbf,Warszawa Centralna,568.0,False,3.0560823139438047,1.3212540896707794,582.3773364036145,268.75
Munich,Wrocław,,,,,,,,,,,München Hbf,Wroclaw Glowny,423.0,False,3.0560823139438047,3.2731677390709937,439.3292500530148,439.3292500530148
Munich,Zagreb,MUC,ZAG,435.0,65.0,244.68,179.68,48.1375,11.575,45.8131,15.9775,München Hbf,Zagreb Glavni kolodvor,544.0,False,3.0560823139438047,2.3224288673449607,559.3785111812887,244.68
Málaga,Amsterdam,AGP,AMS,1883.0,185.0,333.88,148.88,36.7194,-4.42,52.3728,4.8936,,,,,,,,333.88
Málaga,Antwerp,AGP,ANR,1762.0,200.0,338.99,138.99,36.7194,-4.42,51.2178,4.4003,,,,,,,,338.99
Málaga,Athens,AGP,ATH,2515.0,205.0,366.68,161.68,36.7194,-4.42,37.9842,23.7281,,,,,,,,366.68
Málaga,Barcelona,AGP,BCN,766.0,95.0,245.23,150.23,36.7194,-4.42,41.3828,2.1769,,,,,,,,245.23
Málaga,Berlin,AGP,BER,2242.0,210.0,369.34,159.33999999999997,36.7194,-4.42,52.52,13.405,,,,,,,,369.34
Málaga,Bordeaux,AGP,BOD,960.0,115.0,261.4,146.39999999999998,36.7194,-4.42,44.84,-0.58,,,,,,,,261.4
Málaga,Bremen,AGP,BRE,2093.0,193.0,329.27,136.26999999999998,36.7194,-4.42,53.0758,8.8072,,,,,,,,329.27
Málaga,Brussels,AGP,BRU,1734.0,175.0,323.04,148.04000000000002,36.7194,-4.42,50.8467,4.3525,,,,,,,,323.04
Málaga,Bucharest,AGP,BBU,2711.0,240.0,382.8,142.8,36.7194,-4.42,44.4325,26.1039,,,,,,,,382.8
Málaga,Budapest,AGP,BUD,2286.0,205.0,362.57,157.57,36.7194,-4.42,47.4925,19.0514,,,,,,,,362.57
Málaga,Cologne,AGP,CGN,1829.0,180.0,332.16,152.16000000000003,36.7194,-4.42,50.9364,6.9528,,,,,,,,332.16
Málaga,Copenhagen,AGP,CPH,2473.0,220.0,362.71,142.70999999999998,36.7194,-4.42,55.6761,12.5683,,,,,,,,362.71
Málaga,Dortmund,AGP,DTM,1906.0,180.0,327.22,147.22000000000003,36.7194,-4.42,51.5139,7.4653,,,,,,,,327.22
Málaga,Düsseldorf,AGP,DUS,1852.0,175.0,314.61,139.61,36.7194,-4.42,51.2333,6.7833,,,,,,,,314.61
Málaga,Frankfurt,AGP,FRA,1818.0,180.0,327.39,147.39,36.7194,-4.42,50.1106,8.6822,,,,,,,,327.39
Málaga,Gothenburg,AGP,GOT,2641.0,230.0,391.85,161.85000000000002,36.7194,-4.42,57.7075,11.9675,,,,,,,,391.85
Málaga,Hamburg,AGP,HAM,2192.0,205.0,350.45,145.45,36.7194,-4.42,53.55,10.0,,,,,,,,350.45
Málaga,Hannover,AGP,HAJ,2076.0,200.0,347.48,147.48000000000002,36.7194,-4.42,52.3667,9.7167,,,,,,,,347.48
Málaga,Helsinki,AGP,HEL,3356.0,275.0,431.54,156.54000000000002,36.7194,-4.42,60.1708,24.9375,,,,,,,,431.54
Málaga,Kraków,AGP,KRK,2448.0,220.0,367.41,147.41000000000003,36.7194,-4.42,50.0614,19.9372,,,,,,,,367.41
Málaga,Lisbon,AGP,LIS,470.0,80.0,219.86,139.86,36.7194,-4.42,38.7253,-9.15,,,,,,,,219.86
Málaga,Luxembourg,AGP,LUX,1678.0,160.0,300.87,140.87,36.7194,-4.42,49.6117,6.1319,,,,,,,,300.87
Málaga,Lyon,AGP,LYS,1284.0,135.0,295.58,160.57999999999998,36.7194,-4.42,45.76,4.84,,,,,,,,295.58
Málaga,Madrid,AGP,MAD,431.0,75.0,228.33,153.33,36.7194,-4.42,40.4169,-3.7033,,,,,,,,228.33
Málaga,Marseille,AGP,MRS,1117.0,120.0,282.03,162.02999999999997,36.7194,-4.42,43.2964,5.37,,,,,,,,282.03
Málaga,Milan,AGP,MXP,1485.0,150.0,343.76,193.76,36.7194,-4.42,45.4669,9.19,,,,,,,,343.76
Málaga,Munich,AGP,MUC,1856.0,175.0,350.04,175.04000000000002,36.7194,-4.42,48.1375,11.575,,,,,,,,350.04
Málaga,Naples,AGP,NAP,1693.0,160.0,302.13,142.13,36.7194,-4.42,40.8333,14.25,,,,,,,,302.13
Málaga,Nuremberg,AGP,NUE,1898.0,175.0,313.59,138.58999999999997,36.7194,-4.42,49.4539,11.0775,,,,,,,,313.59
Málaga,Paris,AGP,ORY,1450.0,155.0,308.31,153.31,36.7194,-4.42,48.8567,2.3522,,,,,,,,308.31
Málaga,Poznań,AGP,POZ,2416.0,230.0,372.58,142.57999999999998,36.7194,-4.42,52.4083,16.9336,,,,,,,,372.58
Málaga,Prague,AGP,PRG,2118.0,195.0,343.73,148.73000000000002,36.7194,-4.42,50.0875,14.4214,,,,,,,,343.73
Málaga,Riga,AGP,RIX,3085.0,265.0,409.24,144.24,36.7194,-4.42,56.9489,24.1064,,,,,,,,409.24
Málaga,Rome,AGP,FCO,1549.0,155.0,320.12,165.12,36.7194,-4.42,41.8933,12.4828,,,,,,,,320.12
Málaga,Rotterdam,AGP,RTM,1837.0,170.0,308.67,138.67000000000002,36.7194,-4.42,51.92,4.48,,,,,,,,308.67
Málaga,Sofia,AGP,SOF,2472.0,215.0,357.41,142.41000000000003,36.7194,-4.42,42.7,23.33,,,,,,,,357.41
Málaga,Stockholm,AGP,ARN,3018.0,255.0,441.59,186.58999999999997,36.7194,-4.42,59.3294,18.0686,,,,,,,,441.59
Málaga,Stuttgart,AGP,STR,1737.0,180.0,326.43,146.43,36.7194,-4.42,48.7775,9.18,,,,,,,,326.43
Málaga,Tallinn,AGP,TLL,3287.0,270.0,407.56,137.56,36.7194,-4.42,59.4372,24.7453,,,,,,,,407.56
Málaga,Tilburg,AGP,EIN,1819.0,175.0,342.4,167.39999999999998,36.7194,-4.42,51.55,5.0833,,,,,,,,342.4
Málaga,Toulouse,AGP,TLS,919.0,110.0,251.31,141.31,36.7194,-4.42,43.6045,1.444,,,,,,,,251.31
Málaga,Turin,AGP,TRN,1389.0,150.0,301.0,151.0,36.7194,-4.42,45.0792,7.6761,,,,,,,,301.0
Málaga,Valencia,AGP,VLC,470.0,70.0,214.89,144.89,36.7194,-4.42,39.47,-0.3764,,,,,,,,214.89
Málaga,Vienna,AGP,VIE,2137.0,190.0,347.77,157.76999999999998,36.7194,-4.42,48.2083,16.3725,,,,,,,,347.77
Málaga,Vilnius,AGP,VNO,3020.0,255.0,394.24,139.24,36.7194,-4.42,54.6872,25.28,,,,,,,,394.24
Málaga,Warsaw,AGP,WAW,2635.0,230.0,372.46,142.45999999999998,36.7194,-4.42,52.23,21.0111,,,,,,,,372.46
Málaga,Zagreb,AGP,ZAG,1987.0,185.0,333.4,148.39999999999998,36.7194,-4.42,45.8131,15.9775,,,,,,,,333.4
Naples,Amsterdam,NAP,AMS,1461.0,165.0,312.26,147.26,40.8333,14.25,52.3728,4.8936,,,,,,,,312.26
Naples,Athens,NAP,ATH,893.0,100.0,260.06,160.06,40.8333,14.25,37.9842,23.7281,,,,,,,,260.06
Naples,Barcelona,NAP,BCN,1026.0,120.0,268.61,148.61,40.8333,14.25,41.3828,2.1769,,,,,,,,268.61
Naples,Berlin,NAP,BER,1277.0,140.0,297.72,157.72000000000003,40.8333,14.25,52.52,13.405,,,,,,,,297.72
Naples,Bordeaux,NAP,BOD,1299.0,140.0,284.78,144.77999999999997,40.8333,14.25,44.84,-0.58,,,,,,,,284.78
Naples,Brussels,NAP,BRU,1345.0,145.0,291.42,146.42000000000002,40.8333,14.25,50.8467,4.3525,,,,,,,,291.42
Naples,Bucharest,NAP,OTP,1047.0,125.0,278.6,153.60000000000002,40.8333,14.25,44.4325,26.1039,,,,,,,,278.6
Naples,Budapest,NAP,BUD,828.0,100.0,255.95,155.95,40.8333,14.25,47.4925,19.0514,,,,,,,,255.95
Naples,Cologne,NAP,CGN,1240.0,135.0,285.54,150.54000000000002,40.8333,14.25,50.9364,6.9528,,,,,,,,285.54
Naples,Copenhagen,NAP,CPH,1643.0,160.0,301.09,141.08999999999997,40.8333,14.25,55.6761,12.5683,,,,,,,,301.09
Naples,Düsseldorf,NAP,DUS,1291.0,140.0,277.99,137.99,40.8333,14.25,51.2333,6.7833,,,,,,,,277.99
Naples,Frankfurt,NAP,FRA,1111.0,130.0,275.77,145.76999999999998,40.8333,14.25,50.1106,8.6822,,,,,,,,275.77
Naples,Genoa,NAP,GOA,593.0,85.0,225.05,140.05,40.8333,14.25,44.4111,8.9328,,,,,,,,225.05
Naples,Hamburg,NAP,HAM,1452.0,150.0,293.83,143.82999999999998,40.8333,14.25,53.55,10.0,,,,,,,,293.83
Naples,Hannover,NAP,HAJ,1333.0,140.0,285.86,145.86,40.8333,14.25,52.3667,9.7167,,,,,,,,285.86
Naples,Helsinki,NAP,HEL,2283.0,200.0,354.92,154.92000000000002,40.8333,14.25,60.1708,24.9375,,,,,,,,354.92
Naples,Kraków,NAP,KRK,1107.0,125.0,270.79,145.79000000000002,40.8333,14.25,50.0614,19.9372,,,,,,,,270.79
Naples,Lisbon,NAP,LIS,2012.0,200.0,338.24,138.24,40.8333,14.25,38.7253,-9.15,,,,,,,,338.24
Naples,Luxembourg,NAP,LUX,1159.0,140.0,279.25,139.25,40.8333,14.25,49.6117,6.1319,,,,,,,,279.25
Naples,Lyon,NAP,LYS,919.0,110.0,268.96,158.95999999999998,40.8333,14.25,45.76,4.84,,,,,,,,268.96
Naples,Madrid,NAP,MAD,1507.0,165.0,316.71,151.70999999999998,40.8333,14.25,40.4169,-3.7033,,,,,,,,316.71
Naples,Marseille,NAP,MRS,800.0,105.0,265.41,160.41000000000003,40.8333,14.25,43.2964,5.37,,,,,,,,265.41
Naples,Milan,NAP,LIN,651.0,80.0,220.73,140.73,40.8333,14.25,45.4669,9.19,,,,,,,,220.73
Naples,Munich,NAP,MUC,853.0,105.0,278.42,173.42000000000002,40.8333,14.25,48.1375,11.575,,,,,,,,278.42
Naples,Málaga,NAP,AGP,1693.0,170.0,312.13,142.13,40.8333,14.25,36.7194,-4.42,,,,,,,,312.13
Naples,Nuremberg,NAP,NUE,989.0,115.0,251.97,136.97,40.8333,14.25,49.4539,11.0775,,,,,,,,251.97
Naples,Paris,NAP,ORY,1281.0,140.0,291.69,151.69,40.8333,14.25,48.8567,2.3522,,,,,,,,291.69
Naples,Prague,NAP,PRG,1024.0,120.0,267.11,147.11,40.8333,14.25,50.0875,14.4214,,,,,,,,267.11
Naples,Riga,NAP,RIX,1915.0,175.0,317.62,142.62,40.8333,14.25,56.9489,24.1064,,,,,,,,317.62
Naples,Rome,NAP,FCO,198.0,55.0,218.5,163.5,40.8333,14.25,41.8933,12.4828,,,,,,,,218.5
Naples,Sevilla,NAP,SVQ,1782.0,175.0,318.41,143.41000000000003,40.8333,14.25,37.39,-5.99,,,,,,,,318.41
Naples,Sofia,NAP,SOF,783.0,100.0,240.79,140.79,40.8333,14.25,42.7,23.33,,,,,,,,240.79
Naples,Stockholm,NAP,ARN,2102.0,195.0,379.97,184.97000000000003,40.8333,14.25,59.3294,18.0686,,,,,,,,379.97
Naples,Stuttgart,NAP,STR,956.0,110.0,254.81,144.81,40.8333,14.25,48.7775,9.18,,,,,,,,254.81
Naples,Tilburg,NAP,EIN,1359.0,148.0,313.78,165.77999999999997,40.8333,14.25,51.55,5.0833,,,,,,,,313.78
Naples,Toulouse,NAP,TLS,1107.0,125.0,264.69,139.69,40.8333,14.25,43.6045,1.444,,,,,,,,264.69
Naples,Turin,NAP,TRN,722.0,95.0,244.38,149.38,40.8333,14.25,45.0792,7.6761,,,,,,,,244.38
Naples,Valencia,NAP,VLC,1265.0,140.0,283.27,143.26999999999998,40.8333,14.25,39.47,-0.3764,,,,,,,,283.27
Naples,Vienna,NAP,VIE,823.0,100.0,256.15,156.14999999999998,40.8333,14.25,48.2083,16.3725,,,,,,,,256.15
Naples,Warsaw,NAP,WAW,1353.0,145.0,285.84,140.83999999999997,40.8333,14.25,52.23,21.0111,,,,,,,,285.84
Naples,Zagreb,NAP,ZAG,557.0,80.0,226.78,146.78,40.8333,14.25,45.8131,15.9775,,,,,,,,226.78
Nuremberg,Amsterdam,NUE,AMS,543.0,80.0,223.72,143.72,49.4539,11.0775,52.3728,4.8936,Nürnberg Hbf,Amsterdam Centraal,389.0,False,2.407122595922898,1.9520337879727412,403.35915638389565,223.72
Nuremberg,Antwerp,,,,,,,,,,,Nürnberg Hbf,Antwerpen Centraal,366.0,False,2.407122595922898,3.5284359653773953,381.9355585613003,381.9355585613003
Nuremberg,Athens,NUE,ATH,1645.0,150.0,306.52,156.51999999999998,49.4539,11.0775,37.9842,23.7281,,,,,,,,306.52
Nuremberg,Barcelona,NUE,BCN,1149.0,135.0,280.07,145.07,49.4539,11.0775,41.3828,2.1769,Nürnberg Hbf,Barcelona Sants,932.0,False,2.407122595922898,7.388093774297752,951.7952163702207,280.07
Nuremberg,Berlin,,,,,,,,,,,Nürnberg Hbf,Berlin Hbf,164.0,True,2.407122595922898,5.947266480604848,182.35438907652772,182.35438907652772
Nuremberg,Bordeaux,,,,,,,,,,,Nürnberg Hbf,Bordeaux-St-Jean,554.0,True,2.407122595922898,5.811588377462907,572.2187109733859,572.2187109733859
Nuremberg,Bratislava,,,,,,,,,,,Nürnberg Hbf,Bratislava hl.st.,311.0,False,2.407122595922898,4.046858342350235,327.4539809382731,327.4539809382731
Nuremberg,Bremen,,,,,,,,,,,Nürnberg Hbf,Bremen Hbf,255.0,False,2.407122595922898,2.309271364404068,269.71639396032697,269.71639396032697
Nuremberg,Brussels,,,,,,,,,,,Nürnberg Hbf,Bruxelles Midi,335.0,True,2.407122595922898,4.14169289941754,351.5488154953404,351.5488154953404
Nuremberg,Bucharest,NUE,OTP,1261.0,130.0,280.06,150.06,49.4539,11.0775,44.4325,26.1039,,,,,,,,280.06
Nuremberg,Budapest,NUE,BUD,646.0,80.0,232.41,152.41,49.4539,11.0775,47.4925,19.0514,Nürnberg Hbf,Budapest-Nyugati,445.0,False,2.407122595922898,4.980157462200125,462.387280058123,232.41
Nuremberg,Copenhagen,,,,,,,,,,,Nürnberg Hbf,Koebenhavns Lufthavn st,628.0,False,2.407122595922898,17.4069941581493,657.8141167540722,657.8141167540722
Nuremberg,Dortmund,,,,,,,,,,,Nürnberg Hbf,Dortmund Hbf,277.0,False,2.407122595922898,1.460615015563283,290.8677376114862,290.8677376114862
Nuremberg,Dresden,,,,,,,,,,,Nürnberg Hbf,Dresden Hbf,187.0,False,2.407122595922898,2.8510360388781235,202.25815863480102,202.25815863480102
Nuremberg,Duisburg,,,,,,,,,,,Nürnberg Hbf,Duisburg Hbf,230.0,True,2.407122595922898,2.5870950877797454,244.99421768370263,244.99421768370263
Nuremberg,Düsseldorf,,,,,,,,,,,Nürnberg Hbf,Düsseldorf Hbf,216.0,True,2.407122595922898,4.00763955017613,232.414762146099,232.414762146099
Nuremberg,Essen,,,,,,,,,,,Nürnberg Hbf,Essen Hbf,243.0,True,2.407122595922898,0.31813865528361085,255.7252612512065,255.7252612512065
Nuremberg,Frankfurt,NUE,FRA,190.0,50.0,192.23,142.23,49.4539,11.0775,50.1106,8.6822,Nürnberg Hbf,Frankfurt(Main)Hbf,122.0,False,2.407122595922898,3.4764728210122846,137.88359541693518,137.88359541693518
Nuremberg,Genoa,,,,,,,,,,,Nürnberg Hbf,Genova Piazza Principe,639.0,False,2.407122595922898,2.6646692679586454,654.0717918638816,654.0717918638816
Nuremberg,Hamburg,NUE,HAM,466.0,65.0,205.29,140.29,49.4539,11.0775,53.55,10.0,Nürnberg Hbf,Hamburg Hbf,265.0,False,2.407122595922898,1.316441566346405,278.72356416226927,205.29
Nuremberg,Hannover,,,,,,,,,,,Nürnberg Hbf,Hannover Hbf,180.0,True,2.407122595922898,4.786629448184535,197.1937520441074,197.1937520441074
Nuremberg,Kraków,,,,,,,,,,,Nürnberg Hbf,Krakow Glowny,585.0,False,2.407122595922898,2.336597225946072,599.743719821869,599.743719821869
Nuremberg,Leipzig,,,,,,,,,,,Nürnberg Hbf,Leipzig Hbf,115.0,False,2.407122595922898,1.875769965295063,129.28289256121795,129.28289256121795
Nuremberg,Ljubljana,,,,,,,,,,,Nürnberg Hbf,Ljubljana,428.0,False,2.407122595922898,2.321449509647903,442.7285721055708,442.7285721055708
Nuremberg,Luxembourg,,,,,,,,,,,Nürnberg Hbf,Luxembourg,393.0,False,2.407122595922898,3.2276729444989756,408.63479554042186,408.63479554042186
Nuremberg,Lyon,,,,,,,,,,,Nürnberg Hbf,Lyon Part Dieu,496.0,False,2.407122595922898,3.7248506527149634,512.1319732486379,512.1319732486379
Nuremberg,Marseille,,,,,,,,,,,Nürnberg Hbf,Marseille-St-Charles,604.0,False,2.407122595922898,3.0494630085437278,619.4565856044667,619.4565856044667
Nuremberg,Milan,,,,,,,,,,,Nürnberg Hbf,Milano Porta Garibaldi,540.0,False,2.407122595922898,4.707315782392735,557.1144383783156,557.1144383783156
Nuremberg,Munich,,,,,,,,,,,Nürnberg Hbf,München Hbf,66.0,True,2.407122595922898,3.0560823139438047,81.4632049098667,81.4632049098667
Nuremberg,Málaga,NUE,AGP,1898.0,185.0,323.59,138.58999999999997,49.4539,11.0775,36.7194,-4.42,,,,,,,,323.59
Nuremberg,Naples,NUE,NAP,989.0,115.0,251.97,136.97,49.4539,11.0775,40.8333,14.25,,,,,,,,251.97
Nuremberg,Paris,NUE,CDG,621.0,95.0,255.65,160.65,49.4539,11.0775,48.8567,2.3522,,,,,,,,255.65
Nuremberg,Poznań,,,,,,,,,,,Nürnberg Hbf,Poznan Glowny,357.0,False,2.407122595922898,4.065435329407926,373.4725579253308,373.4725579253308
Nuremberg,Prague,,,,,,,,,,,Nürnberg Hbf,Praha hl.n.,281.0,False,2.407122595922898,2.772415453338628,296.1795380492615,296.1795380492615
Nuremberg,Rome,NUE,FCO,860.0,105.0,264.96,159.95999999999998,49.4539,11.0775,41.8933,12.4828,Nürnberg Hbf,Roma Tiburtina,658.0,False,2.407122595922898,10.76586299605856,681.1729855919815,264.96
Nuremberg,Rotterdam,,,,,,,,,,,Nürnberg Hbf,Rotterdam Centraal,400.0,False,2.407122595922898,2.249226316777232,414.65634891270014,414.65634891270014
Nuremberg,Sevilla,NUE,SVQ,1911.0,180.0,319.87,139.87,49.4539,11.0775,37.39,-5.99,,,,,,,,319.87
Nuremberg,Sofia,NUE,SOF,1215.0,120.0,257.25,137.25,49.4539,11.0775,42.7,23.33,,,,,,,,257.25
Nuremberg,Stockholm,,,,,,,,,,,Nürnberg Hbf,Stockholm Central,1044.0,False,2.407122595922898,1.5022922376589065,1057.9094148335816,1057.9094148335816
Nuremberg,Stuttgart,,,,,,,,,,,Nürnberg Hbf,Stuttgart Hbf,130.0,False,2.407122595922898,2.002376007570269,144.40949860349315,144.40949860349315
Nuremberg,Tilburg,,,,,,,,,,,Nürnberg Hbf,Tilburg,365.0,False,2.407122595922898,2.8326204398011785,380.2397430357241,380.2397430357241
Nuremberg,Toulouse,,,,,,,,,,,Nürnberg Hbf,Toulouse-Matabiau,768.0,False,2.407122595922898,2.6617812245934145,783.0689038205163,783.0689038205163
Nuremberg,Turin,,,,,,,,,,,Nürnberg Hbf,Torino Porta Susa,588.0,False,2.407122595922898,2.8476007865249664,603.2547233824479,603.2547233824479
Nuremberg,Valencia,NUE,VLC,1438.0,150.0,289.73,139.73000000000002,49.4539,11.0775,39.47,-0.3764,,,,,,,,289.73
Nuremberg,Vienna,,,,,,,,,,,Nürnberg Hbf,Wien Hbf,228.0,False,2.407122595922898,6.245212775155993,246.6523353710789,246.6523353710789
Nuremberg,Vilnius,NUE,VNO,1126.0,115.0,249.08,134.08,49.4539,11.0775,54.6872,25.28,,,,,,,,249.08
Nuremberg,Warsaw,,,,,,,,,,,Nürnberg Hbf,Warszawa Centralna,502.0,False,2.407122595922898,1.3212540896707794,515.7283766855937,515.7283766855937
Nuremberg,Wrocław,,,,,,,,,,,Nürnberg Hbf,Wroclaw Glowny,362.0,False,2.407122595922898,3.2731677390709937,377.68029033499386,377.68029033499386
Nuremberg,Zagreb,,,,,,,,,,,Nürnberg Hbf,Zagreb Glavni kolodvor,679.0,False,2.407122595922898,2.3224288673449607,693.7295514632679,693.7295514632679
Paris,Amsterdam,CDG,AMS,399.0,85.0,255.93,170.93,48.8567,2.3522,52.3728,4.8936,,,,,,,,255.93
Paris,Athens,ORY,ATH,2109.0,195.0,366.24,171.24,48.8567,2.3522,37.9842,23.7281,,,,,,,,366.24
Paris,Barcelona,ORY,BCN,825.0,100.0,259.79,159.79000000000002,48.8567,2.3522,41.3828,2.1769,Paris Gare de Lyon,Barcelona Sants,410.0,True,4.976732490936343,7.388093774297752,432.3648262652341,259.79
Paris,Berlin,ORY,BER,886.0,110.0,278.89,168.89,48.8567,2.3522,52.52,13.405,,,,,,,,278.89
Paris,Bordeaux,CDG,BOD,526.0,75.0,243.46,168.46,48.8567,2.3522,44.84,-0.58,,,,,,,,243.46
Paris,Brussels,CDG,BRU,251.0,55.0,225.09,170.09,48.8567,2.3522,50.8467,4.3525,,,,,,,,225.09
Paris,Bucharest,CDG,OTP,1853.0,175.0,352.27,177.26999999999998,48.8567,2.3522,44.4325,26.1039,,,,,,,,352.27
Paris,Budapest,ORY,BUD,1264.0,130.0,297.13,167.13,48.8567,2.3522,47.4925,19.0514,,,,,,,,297.13
Paris,Copenhagen,CDG,CPH,1006.0,110.0,274.76,164.76,48.8567,2.3522,55.6761,12.5683,,,,,,,,274.76
Paris,Düsseldorf,CDG,DUS,392.0,75.0,236.66,161.66,48.8567,2.3522,51.2333,6.7833,,,,,,,,236.66
Paris,Frankfurt,CDG,FRA,450.0,80.0,249.44,169.44,48.8567,2.3522,50.1106,8.6822,,,,,,,,249.44
Paris,Genoa,ORY,GOA,690.0,95.0,246.23,151.23,48.8567,2.3522,44.4111,8.9328,,,,,,,,246.23
Paris,Gothenburg,CDG,GOT,1159.0,125.0,308.9,183.89999999999998,48.8567,2.3522,57.7075,11.9675,,,,,,,,308.9
Paris,Hamburg,CDG,HAM,730.0,95.0,262.5,167.5,48.8567,2.3522,53.55,10.0,,,,,,,,262.5
Paris,Hannover,CDG,HAJ,632.0,90.0,259.53,169.52999999999997,48.8567,2.3522,52.3667,9.7167,,,,,,,,259.53
Paris,Helsinki,CDG,HEL,1900.0,180.0,358.59,178.58999999999997,48.8567,2.3522,60.1708,24.9375,,,,,,,,358.59
Paris,Kraków,CDG,KRK,1249.0,135.0,304.47,169.47000000000003,48.8567,2.3522,50.0614,19.9372,,,,,,,,304.47
Paris,Lisbon,ORY,LIS,1439.0,150.0,299.42,149.42000000000002,48.8567,2.3522,38.7253,-9.15,,,,,,,,299.42
Paris,Ljubljana,ORY,LJU,951.0,105.0,276.97,171.97000000000003,48.8567,2.3522,46.0514,14.5061,,,,,,,,276.97
Paris,Luxembourg,CDG,LUX,273.0,60.0,222.92,162.92,48.8567,2.3522,49.6117,6.1319,,,,,,,,222.92
Paris,Lyon,CDG,LYS,411.0,65.0,247.64,182.64,48.8567,2.3522,45.76,4.84,Paris Gare de Lyon,Lyon Part Dieu,116.0,True,4.976732490936343,3.7248506527149634,134.7015831436513,134.7015831436513
Paris,Madrid,ORY,MAD,1028.0,125.0,287.89,162.89,48.8567,2.3522,40.4169,-3.7033,,,,,,,,287.89
Paris,Marseille,ORY,MRS,627.0,80.0,251.59,171.59,48.8567,2.3522,43.2964,5.37,Paris Gare de Lyon,Marseille-St-Charles,184.0,True,4.976732490936343,3.0494630085437278,202.02619549948008,202.02619549948008
Paris,Milan,ORY,LIN,638.0,85.0,236.91,151.91,48.8567,2.3522,45.4669,9.19,Paris Gare de Lyon,Milano Porta Garibaldi,414.0,False,4.976732490936343,4.707315782392735,433.6840482733291,236.91
Paris,Munich,CDG,MUC,682.0,90.0,287.09,197.08999999999997,48.8567,2.3522,48.1375,11.575,,,,,,,,287.09
Paris,Málaga,ORY,AGP,1450.0,155.0,308.31,153.31,48.8567,2.3522,36.7194,-4.42,,,,,,,,308.31
Paris,Naples,ORY,NAP,1281.0,135.0,286.69,151.69,48.8567,2.3522,40.8333,14.25,,,,,,,,286.69
Paris,Nuremberg,CDG,NUE,621.0,85.0,245.65,160.65,48.8567,2.3522,49.4539,11.0775,,,,,,,,245.65
Paris,Poznań,BVA,POZ,1083.0,115.0,349.64,234.64,48.8567,2.3522,52.4083,16.9336,,,,,,,,349.64
Paris,Prague,ORY,PRG,876.0,105.0,263.28,158.27999999999997,48.8567,2.3522,50.0875,14.4214,,,,,,,,263.28
Paris,Riga,CDG,RIX,1676.0,160.0,326.29,166.29000000000002,48.8567,2.3522,56.9489,24.1064,,,,,,,,326.29
Paris,Rome,ORY,FCO,1092.0,125.0,299.68,174.68,48.8567,2.3522,41.8933,12.4828,Paris Gare de Lyon,Roma Tiburtina,654.0,True,4.976732490936343,10.76586299605856,679.7425954869949,299.68
Paris,Sevilla,ORY,SVQ,1422.0,150.0,304.59,154.58999999999997,48.8567,2.3522,37.39,-5.99,,,,,,,,304.59
Paris,Sofia,CDG,SOF,1757.0,165.0,329.46,164.45999999999998,48.8567,2.3522,42.7,23.33,,,,,,,,329.46
Paris,Stockholm,ORY,ARN,1576.0,160.0,356.15,196.14999999999998,48.8567,2.3522,59.3294,18.0686,,,,,,,,356.15
Paris,Stuttgart,CDG,STR,487.0,75.0,243.48,168.48,48.8567,2.3522,48.7775,9.18,,,,,,,,243.48
Paris,Tallinn,ORY,TLL,1874.0,180.0,327.12,147.12,48.8567,2.3522,59.4372,24.7453,,,,,,,,327.12
Paris,Toulouse,ORY,TLS,571.0,75.0,225.87,150.87,48.8567,2.3522,43.6045,1.444,,,,,,,,225.87
Paris,Turin,ORY,TRN,562.0,85.0,245.56,160.56,48.8567,2.3522,45.0792,7.6761,,,,,,,,245.56
Paris,Valencia,ORY,VLC,1050.0,115.0,269.45,154.45,48.8567,2.3522,39.47,-0.3764,,,,,,,,269.45
Paris,Vienna,ORY,VIE,1051.0,120.0,287.32,167.32,48.8567,2.3522,48.2083,16.3725,,,,,,,,287.32
Paris,Vilnius,CDG,VNO,1677.0,160.0,321.29,161.29000000000002,48.8567,2.3522,54.6872,25.28,,,,,,,,321.29
Paris,Warsaw,ORY,WAW,1372.0,130.0,282.02,152.01999999999998,48.8567,2.3522,52.23,21.0111,,,,,,,,282.02
Paris,Zagreb,CDG,ZAG,1080.0,110.0,280.45,170.45,48.8567,2.3522,45.8131,15.9775,,,,,,,,280.45
Paris,Zaragoza,BVA,ZAZ,899.0,105.0,344.58,239.57999999999998,48.8567,2.3522,41.65,-0.8833,,,,,,,,344.58
Poznań,Amsterdam,POZ,AMS,821.0,105.0,252.71,147.71,52.4083,16.9336,52.3728,4.8936,Poznan Glowny,Amsterdam Centraal,574.0,False,4.065435329407926,1.9520337879727412,590.0174691173806,252.71
Poznań,Antwerp,,,,,,,,,,,Poznan Glowny,Antwerpen Centraal,639.0,False,4.065435329407926,3.5284359653773953,656.5938712947853,656.5938712947853
Poznań,Barcelona,,,,,,,,,,,Poznan Glowny,Barcelona Sants,1436.0,False,4.065435329407926,7.388093774297752,1457.4535291037055,1457.4535291037055
Poznań,Berlin,,,,,,,,,,,Poznan Glowny,Berlin Hbf,169.0,False,4.065435329407926,5.947266480604848,189.01270181001277,189.01270181001277
Poznań,Bordeaux,,,,,,,,,,,Poznan Glowny,Bordeaux-St-Jean,1067.0,True,4.065435329407926,5.811588377462907,1086.8770237068707,1086.8770237068707
Poznań,Bratislava,,,,,,,,,,,Poznan Glowny,Bratislava hl.st.,451.0,False,4.065435329407926,4.046858342350235,469.11229367175815,469.11229367175815
Poznań,Bremen,,,,,,,,,,,Poznan Glowny,Bremen Hbf,378.0,False,4.065435329407926,2.309271364404068,394.374706693812,394.374706693812
Poznań,Brussels,POZ,CRL,886.0,110.0,306.22,196.22000000000003,52.4083,16.9336,50.8467,4.3525,Poznan Glowny,Bruxelles Midi,608.0,False,4.065435329407926,4.14169289941754,626.2071282288255,306.22
Poznań,Budapest,,,,,,,,,,,Poznan Glowny,Budapest-Nyugati,566.0,False,4.065435329407926,4.980157462200125,585.0455927916081,585.0455927916081
Poznań,Cologne,,,,,,,,,,,Poznan Glowny,Köln Messe/Deutz,476.0,False,4.065435329407926,3.9197525107529603,493.9851878401609,493.9851878401609
Poznań,Copenhagen,POZ,CPH,450.0,70.0,211.53,141.53,52.4083,16.9336,55.6761,12.5683,Poznan Glowny,Koebenhavns Lufthavn st,716.0,False,4.065435329407926,17.4069941581493,747.4724294875572,211.53
Poznań,Dortmund,,,,,,,,,,,Poznan Glowny,Dortmund Hbf,403.0,False,4.065435329407926,1.460615015563283,418.5260503449712,418.5260503449712
Poznań,Dresden,,,,,,,,,,,Poznan Glowny,Dresden Hbf,280.0,False,4.065435329407926,2.8510360388781235,296.91647136828607,296.91647136828607
Poznań,Duisburg,,,,,,,,,,,Poznan Glowny,Duisburg Hbf,441.0,False,4.065435329407926,2.5870950877797454,457.6525304171877,457.6525304171877
Poznań,Düsseldorf,,,,,,,,,,,Poznan Glowny,Düsseldorf Hbf,460.0,False,4.065435329407926,4.00763955017613,478.07307487958406,478.07307487958406
Poznań,Essen,,,,,,,,,,,Poznan Glowny,Essen Hbf,428.0,False,4.065435329407926,0.31813865528361085,442.38357398469157,442.38357398469157
Poznań,Frankfurt,POZ,FRA,633.0,85.0,231.22,146.22,52.4083,16.9336,50.1106,8.6822,Poznan Glowny,Frankfurt(Main)Hbf,437.0,False,4.065435329407926,3.4764728210122846,454.5419081504202,231.22
Poznań,Genoa,,,,,,,,,,,Poznan Glowny,Genova Piazza Principe,1157.0,False,4.065435329407926,2.6646692679586454,1173.7301045973666,1173.7301045973666
Poznań,Hamburg,,,,,,,,,,,Poznan Glowny,Hamburg Hbf,344.0,True,4.065435329407926,1.316441566346405,359.3818768957543,359.3818768957543
Poznań,Hannover,,,,,,,,,,,Poznan Glowny,Hannover Hbf,293.0,False,4.065435329407926,4.786629448184535,311.8520647775925,311.8520647775925
Poznań,Kraków,,,,,,,,,,,Poznan Glowny,Krakow Glowny,268.0,False,4.065435329407926,2.336597225946072,284.402032555354,284.402032555354
Poznań,Leipzig,,,,,,,,,,,Poznan Glowny,Leipzig Hbf,255.0,False,4.065435329407926,1.875769965295063,270.94120529470297,270.94120529470297
Poznań,Lisbon,POZ,LIS,2507.0,245.0,383.69,138.69,52.4083,16.9336,38.7253,-9.15,,,,,,,,383.69
Poznań,Ljubljana,,,,,,,,,,,Poznan Glowny,Ljubljana,809.0,False,4.065435329407926,2.321449509647903,825.3868848390558,825.3868848390558
Poznań,Luxembourg,,,,,,,,,,,Poznan Glowny,Luxembourg,678.0,False,4.065435329407926,3.2276729444989756,695.2931082739069,695.2931082739069
Poznań,Lyon,,,,,,,,,,,Poznan Glowny,Lyon Part Dieu,824.0,False,4.065435329407926,3.7248506527149634,841.7902859821229,841.7902859821229
Poznań,Marseille,,,,,,,,,,,Poznan Glowny,Marseille-St-Charles,1296.0,False,4.065435329407926,3.0494630085437278,1313.1148983379514,1313.1148983379514
Poznań,Milan,POZ,BGY,912.0,110.0,308.7,198.7,52.4083,16.9336,45.4669,9.19,Poznan Glowny,Milano Porta Garibaldi,1160.0,False,4.065435329407926,4.707315782392735,1178.7727511118005,308.7
Poznań,Munich,POZ,MUC,576.0,75.0,248.87,173.87,52.4083,16.9336,48.1375,11.575,Poznan Glowny,München Hbf,424.0,False,4.065435329407926,3.0560823139438047,441.12151764335175,248.87
Poznań,Málaga,POZ,AGP,2416.0,210.0,352.58,142.57999999999998,52.4083,16.9336,36.7194,-4.42,,,,,,,,352.58
Poznań,Nuremberg,,,,,,,,,,,Poznan Glowny,Nürnberg Hbf,355.0,False,4.065435329407926,2.407122595922898,371.4725579253308,371.4725579253308
Poznań,Paris,POZ,BVA,1083.0,130.0,364.64,234.64,52.4083,16.9336,48.8567,2.3522,,,,,,,,364.64
Poznań,Prague,POZ,PRG,312.0,60.0,207.55,147.55,52.4083,16.9336,50.0875,14.4214,Poznan Glowny,Praha hl.n.,339.0,False,4.065435329407926,2.772415453338628,355.83785078274656,207.55
Poznań,Rome,POZ,CIA,1222.0,125.0,276.39,151.39,52.4083,16.9336,41.8933,12.4828,Poznan Glowny,Roma Tiburtina,1222.0,False,4.065435329407926,10.76586299605856,1246.8312983254664,276.39
Poznań,Rotterdam,,,,,,,,,,,Poznan Glowny,Rotterdam Centraal,598.0,False,4.065435329407926,2.249226316777232,614.3146616461852,614.3146616461852
Poznań,Stockholm,POZ,ARN,808.0,95.0,280.42,185.42000000000002,52.4083,16.9336,59.3294,18.0686,Poznan Glowny,Stockholm Central,1497.0,False,4.065435329407926,1.5022922376589065,1512.5677275670666,280.42
Poznań,Stuttgart,,,,,,,,,,,Poznan Glowny,Stuttgart Hbf,506.0,False,4.065435329407926,2.002376007570269,522.0678113369783,522.0678113369783
Poznań,Tilburg,,,,,,,,,,,Poznan Glowny,Tilburg,599.0,False,4.065435329407926,2.8326204398011785,615.8980557692091,615.8980557692091
Poznań,Toulouse,,,,,,,,,,,Poznan Glowny,Toulouse-Matabiau,1109.0,False,4.065435329407926,2.6617812245934145,1125.7272165540012,1125.7272165540012
Poznań,Turin,,,,,,,,,,,Poznan Glowny,Torino Porta Susa,1216.0,False,4.065435329407926,2.8476007865249664,1232.9130361159328,1232.9130361159328
Poznań,Vienna,,,,,,,,,,,Poznan Glowny,Wien Hbf,434.0,False,4.065435329407926,6.245212775155993,454.31064810456394,454.31064810456394
Poznań,Warsaw,POZ,WAW,284.0,55.0,196.29,141.29,52.4083,16.9336,52.23,21.0111,Poznan Glowny,Warszawa Centralna,137.0,False,4.065435329407926,1.3212540896707794,152.38668941907872,152.38668941907872
Poznań,Wrocław,,,,,,,,,,,Poznan Glowny,Wroclaw Glowny,77.0,False,4.065435329407926,3.2731677390709937,94.33860306847893,94.33860306847893
Poznań,Zagreb,,,,,,,,,,,Poznan Glowny,Zagreb Glavni kolodvor,995.0,False,4.065435329407926,2.3224288673449607,1011.3878641967528,1011.3878641967528
Prague,Amsterdam,PRG,AMS,707.0,95.0,248.85,153.85,50.0875,14.4214,52.3728,4.8936,Praha hl.n.,Amsterdam Centraal,658.0,False,2.772415453338628,1.9520337879727412,672.7244492413114,248.85
Prague,Antwerp,,,,,,,,,,,Praha hl.n.,Antwerpen Centraal,695.0,False,2.772415453338628,3.5284359653773953,711.3008514187161,711.3008514187161
Prague,Athens,PRG,ATH,1556.0,150.0,316.66,166.66000000000003,50.0875,14.4214,37.9842,23.7281,,,,,,,,316.66
Prague,Barcelona,PRG,BCN,1359.0,150.0,305.2,155.2,50.0875,14.4214,41.3828,2.1769,Praha hl.n.,Barcelona Sants,1492.0,False,2.772415453338628,7.388093774297752,1512.1605092276363,305.2
Prague,Berlin,,,,,,,,,,,Praha hl.n.,Berlin Hbf,237.0,False,2.772415453338628,5.947266480604848,255.71968193394346,255.71968193394346
Prague,Bordeaux,PRG,BOD,1268.0,135.0,286.38,151.38,50.0875,14.4214,44.84,-0.58,Praha hl.n.,Bordeaux-St-Jean,1063.0,True,2.772415453338628,5.811588377462907,1081.5840038308015,286.38
Prague,Bratislava,,,,,,,,,,,Praha hl.n.,Bratislava hl.st.,265.0,False,2.772415453338628,4.046858342350235,281.81927379568884,281.81927379568884
Prague,Bremen,,,,,,,,,,,Praha hl.n.,Bremen Hbf,439.0,False,2.772415453338628,2.309271364404068,454.0816868177427,454.0816868177427
Prague,Brussels,PRG,BRU,699.0,90.0,243.01,153.01,50.0875,14.4214,50.8467,4.3525,Praha hl.n.,Bruxelles Midi,660.0,False,2.772415453338628,4.14169289941754,676.9141083527562,243.01
Prague,Bucharest,PRG,OTP,1082.0,110.0,270.2,160.2,50.0875,14.4214,44.4325,26.1039,,,,,,,,270.2
Prague,Budapest,PRG,BUD,472.0,130.0,292.55,162.55,50.0875,14.4214,47.4925,19.0514,Praha hl.n.,Budapest-Nyugati,411.0,False,2.772415453338628,4.980157462200125,428.75257291553874,292.55
Prague,Cologne,PRG,CGN,513.0,75.0,232.13,157.13,50.0875,14.4214,50.9364,6.9528,,,,,,,,232.13
Prague,Copenhagen,PRG,CPH,624.0,80.0,227.68,147.68,50.0875,14.4214,55.6761,12.5683,Praha hl.n.,Koebenhavns Lufthavn st,892.0,False,2.772415453338628,17.4069941581493,922.1794096114879,227.68
Prague,Dortmund,,,,,,,,,,,Praha hl.n.,Dortmund Hbf,460.0,False,2.772415453338628,1.460615015563283,474.2330304689019,474.2330304689019
Prague,Dresden,,,,,,,,,,,Praha hl.n.,Dresden Hbf,139.0,False,2.772415453338628,2.8510360388781235,154.62345149221676,154.62345149221676
Prague,Duisburg,,,,,,,,,,,Praha hl.n.,Duisburg Hbf,500.0,False,2.772415453338628,2.5870950877797454,515.3595105411184,515.3595105411184
Prague,Düsseldorf,PRG,DUS,545.0,75.0,219.58,144.58,50.0875,14.4214,51.2333,6.7833,Praha hl.n.,Düsseldorf Hbf,519.0,False,2.772415453338628,4.00763955017613,535.7800550035148,219.58
Prague,Essen,,,,,,,,,,,Praha hl.n.,Essen Hbf,486.0,False,2.772415453338628,0.31813865528361085,499.09055410862226,499.09055410862226
Prague,Frankfurt,PRG,FRA,407.0,70.0,222.36,152.36,50.0875,14.4214,50.1106,8.6822,Praha hl.n.,Frankfurt(Main)Hbf,433.0,False,2.772415453338628,3.4764728210122846,449.2488882743509,222.36
Prague,Genoa,,,,,,,,,,,Praha hl.n.,Genova Piazza Principe,1183.0,False,2.772415453338628,2.6646692679586454,1198.4370847212974,1198.4370847212974
Prague,Gothenburg,PRG,GOT,851.0,100.0,266.82,166.82,50.0875,14.4214,57.7075,11.9675,,,,,,,,266.82
Prague,Hamburg,,,,,,,,,,,Praha hl.n.,Hamburg Hbf,400.0,False,2.772415453338628,1.316441566346405,414.088857019685,414.088857019685
Prague,Hannover,,,,,,,,,,,Praha hl.n.,Hannover Hbf,357.0,False,2.772415453338628,4.786629448184535,374.5590449015232,374.5590449015232
Prague,Helsinki,PRG,HEL,1321.0,130.0,291.51,161.51,50.0875,14.4214,60.1708,24.9375,,,,,,,,291.51
Prague,Kraków,PRG,KRK,395.0,70.0,222.39,152.39,50.0875,14.4214,50.0614,19.9372,Praha hl.n.,Krakow Glowny,349.0,False,2.772415453338628,2.336597225946072,364.1090126792847,222.39
Prague,Leipzig,,,,,,,,,,,Praha hl.n.,Leipzig Hbf,240.0,False,2.772415453338628,1.875769965295063,254.6481854186337,254.6481854186337
Prague,Lisbon,PRG,LIS,2233.0,215.0,359.83,144.82999999999998,50.0875,14.4214,38.7253,-9.15,,,,,,,,359.83
Prague,Ljubljana,,,,,,,,,,,Praha hl.n.,Ljubljana,615.0,False,2.772415453338628,2.321449509647903,630.0938649629866,630.0938649629866
Prague,Luxembourg,PRG,LUX,581.0,85.0,230.84,145.84,50.0875,14.4214,49.6117,6.1319,Praha hl.n.,Luxembourg,674.0,False,2.772415453338628,3.2276729444989756,690.0000883978377,230.84
Prague,Lyon,PRG,LYS,841.0,115.0,280.56,165.56,50.0875,14.4214,45.76,4.84,Praha hl.n.,Lyon Part Dieu,988.0,False,2.772415453338628,3.7248506527149634,1004.4972661060536,280.56
Prague,Madrid,PRG,MAD,1752.0,190.0,348.3,158.3,50.0875,14.4214,40.4169,-3.7033,,,,,,,,348.3
Prague,Marseille,PRG,MRS,1011.0,120.0,287.01,167.01,50.0875,14.4214,43.2964,5.37,Praha hl.n.,Marseille-St-Charles,1123.0,False,2.772415453338628,3.0494630085437278,1138.8218784618823,287.01
Prague,Milan,PRG,MXP,648.0,90.0,288.73,198.73000000000002,50.0875,14.4214,45.4669,9.19,,,,,,,,288.73
Prague,Munich,PRG,MUC,265.0,55.0,235.01,180.01,50.0875,14.4214,48.1375,11.575,Praha hl.n.,München Hbf,341.0,False,2.772415453338628,3.0560823139438047,356.82849776728244,235.01
Prague,Málaga,PRG,AGP,2118.0,205.0,353.73,148.73000000000002,50.0875,14.4214,36.7194,-4.42,,,,,,,,353.73
Prague,Naples,PRG,NAP,1024.0,115.0,262.11,147.11,50.0875,14.4214,40.8333,14.25,,,,,,,,262.11
Prague,Nuremberg,,,,,,,,,,,Praha hl.n.,Nürnberg Hbf,280.0,False,2.772415453338628,2.407122595922898,295.1795380492615,295.1795380492615
Prague,Paris,PRG,ORY,876.0,115.0,273.28,158.27999999999997,50.0875,14.4214,48.8567,2.3522,,,,,,,,273.28
Prague,Poznań,PRG,POZ,312.0,60.0,207.55,147.55,50.0875,14.4214,52.4083,16.9336,Praha hl.n.,Poznan Glowny,335.0,False,2.772415453338628,4.065435329407926,351.83785078274656,207.55
Prague,Riga,PRG,RIX,993.0,105.0,254.21,149.21,50.0875,14.4214,56.9489,24.1064,,,,,,,,254.21
Prague,Rome,PRG,CIA,932.0,110.0,267.53,157.52999999999997,50.0875,14.4214,41.8933,12.4828,Praha hl.n.,Roma Tiburtina,993.0,False,2.772415453338628,10.76586299605856,1016.5382784493972,267.53
Prague,Rotterdam,,,,,,,,,,,Praha hl.n.,Rotterdam Centraal,669.0,False,2.772415453338628,2.249226316777232,684.0216417701159,684.0216417701159
Prague,Sevilla,PRG,SVQ,2137.0,210.0,360.0,150.0,50.0875,14.4214,37.39,-5.99,,,,,,,,360.0
Prague,Sofia,PRG,SOF,1082.0,110.0,257.38,147.38,50.0875,14.4214,42.7,23.33,,,,,,,,257.38
Prague,Stockholm,PRG,ARN,1087.0,115.0,306.56,191.56,50.0875,14.4214,59.3294,18.0686,Praha hl.n.,Stockholm Central,1222.0,False,2.772415453338628,1.5022922376589065,1236.2747076909975,306.56
Prague,Stuttgart,,,,,,,,,,,Praha hl.n.,Stuttgart Hbf,447.0,False,2.772415453338628,2.002376007570269,461.7747914609089,461.7747914609089
Prague,Tallinn,PRG,TLL,1235.0,130.0,272.53,142.52999999999997,50.0875,14.4214,59.4372,24.7453,,,,,,,,272.53
Prague,Tilburg,PRG,EIN,643.0,85.0,257.37,172.37,50.0875,14.4214,51.55,5.0833,Praha hl.n.,Tilburg,675.0,False,2.772415453338628,2.8326204398011785,690.6050358931399,257.37
Prague,Toulouse,,,,,,,,,,,Praha hl.n.,Toulouse-Matabiau,1244.0,False,2.772415453338628,2.6617812245934145,1259.434196677932,1259.434196677932
Prague,Turin,PRG,TRN,738.0,95.0,250.97,155.97,50.0875,14.4214,45.0792,7.6761,Praha hl.n.,Torino Porta Susa,1067.0,False,2.772415453338628,2.8476007865249664,1082.6200162398636,250.97
Prague,Valencia,PRG,VLC,1652.0,165.0,314.86,149.86,50.0875,14.4214,39.47,-0.3764,,,,,,,,314.86
Prague,Vienna,PRG,VIE,277.0,55.0,217.74,162.74,50.0875,14.4214,48.2083,16.3725,Praha hl.n.,Wien Hbf,252.0,False,2.772415453338628,6.245212775155993,271.01762822849463,217.74
Prague,Vilnius,PRG,VNO,902.0,115.0,259.21,144.20999999999998,50.0875,14.4214,54.6872,25.28,,,,,,,,259.21
Prague,Warsaw,PRG,WAW,522.0,75.0,222.44,147.44,50.0875,14.4214,52.23,21.0111,Praha hl.n.,Warszawa Centralna,491.0,False,2.772415453338628,1.3212540896707794,505.0936695430094,222.44
Prague,Wrocław,,,,,,,,,,,Praha hl.n.,Wroclaw Glowny,237.0,False,2.772415453338628,3.2731677390709937,253.04558319240962,253.04558319240962
Prague,Zagreb,,,,,,,,,,,Praha hl.n.,Zagreb Glavni kolodvor,719.0,False,2.772415453338628,2.3224288673449607,734.0948443206836,734.0948443206836
Riga,Amsterdam,RIX,AMS,1337.0,145.0,294.36,149.36,56.9489,24.1064,52.3728,4.8936,,,,,,,,294.36
Riga,Athens,RIX,ATH,2110.0,195.0,357.17,162.17000000000002,56.9489,24.1064,37.9842,23.7281,,,,,,,,357.17
Riga,Barcelona,RIX,BCN,2340.0,220.0,370.71,150.70999999999998,56.9489,24.1064,41.3828,2.1769,,,,,,,,370.71
Riga,Berlin,RIX,BER,843.0,105.0,264.82,159.82,56.9489,24.1064,52.52,13.405,,,,,,,,264.82
Riga,Brussels,RIX,BRU,1439.0,145.0,293.52,148.51999999999998,56.9489,24.1064,50.8467,4.3525,,,,,,,,293.52
Riga,Bucharest,RIX,OTP,1381.0,150.0,305.7,155.7,56.9489,24.1064,44.4325,26.1039,,,,,,,,305.7
Riga,Budapest,RIX,BUD,1103.0,115.0,273.05,158.05,56.9489,24.1064,47.4925,19.0514,,,,,,,,273.05
Riga,Cologne,RIX,CGN,1291.0,135.0,287.64,152.64,56.9489,24.1064,50.9364,6.9528,,,,,,,,287.64
Riga,Copenhagen,RIX,CPH,715.0,90.0,233.19,143.19,56.9489,24.1064,55.6761,12.5683,,,,,,,,233.19
Riga,Düsseldorf,RIX,DUS,1284.0,130.0,270.09,140.08999999999997,56.9489,24.1064,51.2333,6.7833,,,,,,,,270.09
Riga,Frankfurt,RIX,FRA,1272.0,140.0,287.87,147.87,56.9489,24.1064,50.1106,8.6822,,,,,,,,287.87
Riga,Gothenburg,RIX,GOT,708.0,95.0,257.33,162.32999999999998,56.9489,24.1064,57.7075,11.9675,,,,,,,,257.33
Riga,Hamburg,RIX,HAM,958.0,110.0,255.93,145.93,56.9489,24.1064,53.55,10.0,,,,,,,,255.93
Riga,Helsinki,RIX,HEL,382.0,70.0,227.02,157.02,56.9489,24.1064,60.1708,24.9375,,,,,,,,227.02
Riga,Kraków,RIX,KRK,810.0,105.0,252.9,147.9,56.9489,24.1064,50.0614,19.9372,,,,,,,,252.9
Riga,Lisbon,RIX,LIS,3143.0,280.0,420.34,140.33999999999997,56.9489,24.1064,38.7253,-9.15,,,,,,,,420.34
Riga,Ljubljana,RIX,LJU,1357.0,135.0,297.89,162.89,56.9489,24.1064,46.0514,14.5061,,,,,,,,297.89
Riga,Madrid,RIX,MAD,2695.0,250.0,403.81,153.81,56.9489,24.1064,40.4169,-3.7033,,,,,,,,403.81
Riga,Milan,RIX,MXP,1639.0,165.0,359.24,194.24,56.9489,24.1064,45.4669,9.19,,,,,,,,359.24
Riga,Munich,RIX,MUC,1257.0,130.0,305.52,175.51999999999998,56.9489,24.1064,48.1375,11.575,,,,,,,,305.52
Riga,Málaga,RIX,AGP,3085.0,280.0,424.24,144.24,56.9489,24.1064,36.7194,-4.42,,,,,,,,424.24
Riga,Naples,RIX,NAP,1915.0,185.0,327.62,142.62,56.9489,24.1064,40.8333,14.25,,,,,,,,327.62
Riga,Paris,RIX,CDG,1676.0,170.0,336.29,166.29000000000002,56.9489,24.1064,48.8567,2.3522,,,,,,,,336.29
Riga,Prague,RIX,PRG,993.0,115.0,264.21,149.20999999999998,56.9489,24.1064,50.0875,14.4214,,,,,,,,264.21
Riga,Rome,RIX,CIA,1868.0,185.0,338.04,153.04000000000002,56.9489,24.1064,41.8933,12.4828,,,,,,,,338.04
Riga,Sofia,RIX,SOF,1583.0,155.0,297.89,142.89,56.9489,24.1064,42.7,23.33,,,,,,,,297.89
Riga,Stockholm,RIX,ARN,466.0,70.0,257.07,187.07,56.9489,24.1064,59.3294,18.0686,,,,,,,,257.07
Riga,Tallinn,RIX,TLL,281.0,50.0,188.04,138.04,56.9489,24.1064,59.4372,24.7453,,,,,,,,188.04
Riga,Valencia,RIX,VLC,2628.0,240.0,385.37,145.37,56.9489,24.1064,39.47,-0.3764,,,,,,,,385.37
Riga,Vienna,RIX,VIE,1099.0,125.0,283.25,158.25,56.9489,24.1064,48.2083,16.3725,,,,,,,,283.25
Riga,Vilnius,RIX,VNO,266.0,50.0,189.72,139.72,56.9489,24.1064,54.6872,25.28,,,,,,,,189.72
Riga,Warsaw,RIX,WAW,563.0,80.0,222.95,142.95,56.9489,24.1064,52.23,21.0111,,,,,,,,222.95
Rome,Amsterdam,FCO,AMS,1298.0,150.0,320.25,170.25,41.8933,12.4828,52.3728,4.8936,Roma Tiburtina,Amsterdam Centraal,1115.0,True,10.76586299605856,1.9520337879727412,1137.7178967840314,320.25
Rome,Antwerp,,,,,,,,,,,Roma Tiburtina,Antwerpen Centraal,1116.0,True,10.76586299605856,3.5284359653773953,1140.294298961436,1140.294298961436
Rome,Athens,FCO,ATH,1087.0,120.0,303.05,183.05,41.8933,12.4828,37.9842,23.7281,,,,,,,,303.05
Rome,Barcelona,FCO,BCN,850.0,110.0,281.6,171.60000000000002,41.8933,12.4828,41.3828,2.1769,Roma Tiburtina,Barcelona Sants,1403.0,False,10.76586299605856,7.388093774297752,1431.1539567703562,281.6
Rome,Berlin,FCO,BER,1179.0,130.0,310.71,180.70999999999998,41.8933,12.4828,52.52,13.405,Roma Tiburtina,Berlin Hbf,995.0,True,10.76586299605856,5.947266480604848,1021.7131294766634,310.71
Rome,Bordeaux,FCO,BOD,1102.0,125.0,292.77,167.76999999999998,41.8933,12.4828,44.84,-0.58,Roma Tiburtina,Bordeaux-St-Jean,1163.0,False,10.76586299605856,5.811588377462907,1189.5774513735214,292.77
Rome,Bratislava,CIA,BTS,795.0,100.0,252.94,152.94,41.8933,12.4828,48.1439,17.1097,Roma Tiburtina,Bratislava hl.st.,790.0,False,10.76586299605856,4.046858342350235,814.8127213384088,252.94
Rome,Bremen,,,,,,,,,,,Roma Tiburtina,Bremen Hbf,1082.0,True,10.76586299605856,2.309271364404068,1105.0751343604627,1105.0751343604627
Rome,Brussels,FCO,BRU,1173.0,135.0,304.41,169.41000000000003,41.8933,12.4828,50.8467,4.3525,Roma Tiburtina,Bruxelles Midi,1065.0,True,10.76586299605856,4.14169289941754,1089.9075558954762,304.41
Rome,Bucharest,CIA,OTP,1137.0,125.0,289.03,164.02999999999997,41.8933,12.4828,44.4325,26.1039,,,,,,,,289.03
Rome,Budapest,CIA,BUD,819.0,100.0,266.38,166.38,41.8933,12.4828,47.4925,19.0514,Roma Tiburtina,Budapest-Nyugati,914.0,False,10.76586299605856,4.980157462200125,939.7460204582587,266.38
Rome,Cologne,FCO,CGN,1083.0,125.0,298.52,173.51999999999998,41.8933,12.4828,50.9364,6.9528,,,,,,,,298.52
Rome,Copenhagen,FCO,CPH,1538.0,155.0,319.08,164.07999999999998,41.8933,12.4828,55.6761,12.5683,Roma Tiburtina,Koebenhavns Lufthavn st,1327.0,False,10.76586299605856,17.4069941581493,1365.1728571542078,319.08
Rome,Dortmund,FCO,DTM,1136.0,135.0,303.59,168.58999999999997,41.8933,12.4828,51.5139,7.4653,Roma Tiburtina,Dortmund Hbf,856.0,True,10.76586299605856,1.460615015563283,878.2264780116218,303.59
Rome,Dresden,,,,,,,,,,,Roma Tiburtina,Dresden Hbf,1094.0,False,10.76586299605856,2.8510360388781235,1117.6168990349368,1117.6168990349368
Rome,Duisburg,,,,,,,,,,,Roma Tiburtina,Duisburg Hbf,809.0,True,10.76586299605856,2.5870950877797454,832.3529580838383,832.3529580838383
Rome,Düsseldorf,FCO,DUS,1134.0,130.0,290.98,160.98000000000002,41.8933,12.4828,51.2333,6.7833,Roma Tiburtina,Düsseldorf Hbf,796.0,True,10.76586299605856,4.00763955017613,820.7735025462347,290.98
Rome,Essen,,,,,,,,,,,Roma Tiburtina,Essen Hbf,847.0,True,10.76586299605856,0.31813865528361085,868.0840016513422,868.0840016513422
Rome,Frankfurt,FCO,FRA,960.0,120.0,288.76,168.76,41.8933,12.4828,50.1106,8.6822,Roma Tiburtina,Frankfurt(Main)Hbf,709.0,True,10.76586299605856,3.4764728210122846,733.2423358170709,288.76
Rome,Genoa,FCO,GOA,401.0,65.0,228.04,163.04,41.8933,12.4828,44.4111,8.9328,Roma Tiburtina,Genova Piazza Principe,304.0,False,10.76586299605856,2.6646692679586454,327.4305322640172,228.04
Rome,Gothenburg,FCO,GOT,1765.0,170.0,353.22,183.22000000000003,41.8933,12.4828,57.7075,11.9675,,,,,,,,353.22
Rome,Hamburg,FCO,HAM,1326.0,145.0,311.82,166.82,41.8933,12.4828,53.55,10.0,Roma Tiburtina,Hamburg Hbf,1102.0,False,10.76586299605856,1.316441566346405,1124.082304562405,311.82
Rome,Hannover,FCO,HAJ,1201.0,125.0,293.84,168.83999999999997,41.8933,12.4828,52.3667,9.7167,Roma Tiburtina,Hannover Hbf,906.0,True,10.76586299605856,4.786629448184535,931.5524924442431,293.84
Rome,Helsinki,FCO,HEL,2236.0,205.0,382.91,177.91000000000003,41.8933,12.4828,60.1708,24.9375,,,,,,,,382.91
Rome,Kraków,CIA,KRK,1075.0,120.0,276.22,156.22000000000003,41.8933,12.4828,50.0614,19.9372,Roma Tiburtina,Krakow Glowny,1215.0,False,10.76586299605856,2.336597225946072,1238.1024602220045,276.22
Rome,Leipzig,,,,,,,,,,,Roma Tiburtina,Leipzig Hbf,765.0,False,10.76586299605856,1.875769965295063,787.6416329613536,787.6416329613536
Rome,Lisbon,FCO,LIS,1843.0,190.0,351.23,161.23000000000002,41.8933,12.4828,38.7253,-9.15,,,,,,,,351.23
Rome,Ljubljana,,,,,,,,,,,Roma Tiburtina,Ljubljana,603.0,True,10.76586299605856,2.321449509647903,626.0873125057064,626.0873125057064
Rome,Luxembourg,FCO,LUX,989.0,115.0,277.24,162.24,41.8933,12.4828,49.6117,6.1319,Roma Tiburtina,Luxembourg,749.0,True,10.76586299605856,3.2276729444989756,772.9935359405575,277.24
Rome,Lyon,FCO,LYS,723.0,95.0,276.95,181.95,41.8933,12.4828,45.76,4.84,Roma Tiburtina,Lyon Part Dieu,520.0,False,10.76586299605856,3.7248506527149634,544.4907136487735,276.95
Rome,Madrid,FCO,MAD,1333.0,155.0,329.7,174.7,41.8933,12.4828,40.4169,-3.7033,,,,,,,,329.7
Rome,Marseille,FCO,MRS,604.0,90.0,273.4,183.39999999999998,41.8933,12.4828,43.2964,5.37,Roma Tiburtina,Marseille-St-Charles,703.0,False,10.76586299605856,3.0494630085437278,726.8153260046023,273.4
Rome,Milan,FCO,LIN,472.0,70.0,233.72,163.72,41.8933,12.4828,45.4669,9.19,Roma Tiburtina,Milano Porta Garibaldi,217.0,True,10.76586299605856,4.707315782392735,242.47317877845128,233.72
Rome,Munich,FCO,MUC,729.0,95.0,291.41,196.41000000000003,41.8933,12.4828,48.1375,11.575,,,,,,,,291.41
Rome,Málaga,FCO,AGP,1549.0,165.0,330.12,165.12,41.8933,12.4828,36.7194,-4.42,,,,,,,,330.12
Rome,Naples,FCO,NAP,198.0,55.0,218.5,163.5,41.8933,12.4828,40.8333,14.25,,,,,,,,218.5
Rome,Nuremberg,FCO,NUE,860.0,105.0,264.96,159.95999999999998,41.8933,12.4828,49.4539,11.0775,Roma Tiburtina,Nürnberg Hbf,637.0,False,10.76586299605856,2.407122595922898,660.1729855919815,264.96
Rome,Paris,FCO,ORY,1092.0,135.0,309.68,174.68,41.8933,12.4828,48.8567,2.3522,Roma Tiburtina,Paris Gare de Lyon,644.0,True,10.76586299605856,4.976732490936343,669.7425954869949,309.68
Rome,Poznań,CIA,POZ,1222.0,130.0,281.39,151.39,41.8933,12.4828,52.4083,16.9336,Roma Tiburtina,Poznan Glowny,1308.0,False,10.76586299605856,4.065435329407926,1332.8312983254664,281.39
Rome,Prague,CIA,PRG,932.0,110.0,267.53,157.52999999999997,41.8933,12.4828,50.0875,14.4214,Roma Tiburtina,Praha hl.n.,1054.0,False,10.76586299605856,2.772415453338628,1077.5382784493972,267.53
Rome,Riga,CIA,RIX,1868.0,180.0,333.04,153.04000000000002,41.8933,12.4828,56.9489,24.1064,,,,,,,,333.04
Rome,Rotterdam,FCO,RTM,1274.0,145.0,305.03,160.02999999999997,41.8933,12.4828,51.92,4.48,Roma Tiburtina,Rotterdam Centraal,1104.0,True,10.76586299605856,2.249226316777232,1127.0150893128357,305.03
Rome,Sevilla,CIA,SVQ,1656.0,165.0,318.83,153.82999999999998,41.8933,12.4828,37.39,-5.99,,,,,,,,318.83
Rome,Sofia,CIA,SOF,898.0,105.0,256.21,151.20999999999998,41.8933,12.4828,42.7,23.33,,,,,,,,256.21
Rome,Stockholm,FCO,ARN,2024.0,190.0,397.96,207.95999999999998,41.8933,12.4828,59.3294,18.0686,,,,,,,,397.96
Rome,Stuttgart,FCO,STR,802.0,100.0,267.8,167.8,41.8933,12.4828,48.7775,9.18,Roma Tiburtina,Stuttgart Hbf,612.0,True,10.76586299605856,2.002376007570269,634.7682390036289,267.8
Rome,Tallinn,CIA,TLL,2133.0,195.0,341.37,146.37,41.8933,12.4828,59.4372,24.7453,,,,,,,,341.37
Rome,Tilburg,FCO,EIN,1194.0,135.0,323.76,188.76,41.8933,12.4828,51.55,5.0833,Roma Tiburtina,Tilburg,1066.0,True,10.76586299605856,2.8326204398011785,1089.5984834358596,323.76
Rome,Toulouse,FCO,TLS,913.0,115.0,277.68,162.68,41.8933,12.4828,43.6045,1.444,Roma Tiburtina,Toulouse-Matabiau,959.0,False,10.76586299605856,2.6617812245934145,982.4276442206519,277.68
Rome,Turin,FCO,TRN,530.0,75.0,247.37,172.37,41.8933,12.4828,45.0792,7.6761,Roma Tiburtina,Torino Porta Susa,269.0,False,10.76586299605856,2.8476007865249664,292.61346378258355,247.37
Rome,Valencia,FCO,VLC,1105.0,130.0,296.26,166.26,41.8933,12.4828,39.47,-0.3764,,,,,,,,296.26
Rome,Vienna,FCO,VIE,780.0,105.0,284.13,179.13,41.8933,12.4828,48.2083,16.3725,Roma Tiburtina,Wien Hbf,692.0,False,10.76586299605856,6.245212775155993,719.0110757712146,284.13
Rome,Vilnius,CIA,VNO,1705.0,170.0,318.04,148.04000000000002,41.8933,12.4828,54.6872,25.28,,,,,,,,318.04
Rome,Warsaw,FCO,WAW,1328.0,150.0,313.83,163.82999999999998,41.8933,12.4828,52.23,21.0111,Roma Tiburtina,Warszawa Centralna,1260.0,False,10.76586299605856,1.3212540896707794,1282.0871170857292,313.83
Rome,Wrocław,,,,,,,,,,,Roma Tiburtina,Wroclaw Glowny,1126.0,False,10.76586299605856,3.2731677390709937,1150.0390307351295,1150.0390307351295
Rome,Zagreb,FCO,ZAG,534.0,85.0,254.77,169.77,41.8933,12.4828,45.8131,15.9775,Roma Tiburtina,Zagreb Glavni kolodvor,815.0,False,10.76586299605856,2.3224288673449607,838.0882918634035,254.77
Rotterdam,Amsterdam,,,,,,,,,,,Rotterdam Centraal,Amsterdam Centraal,43.0,True,2.249226316777232,1.9520337879727412,57.20126010474997,57.20126010474997
Rotterdam,Antwerp,,,,,,,,,,,Rotterdam Centraal,Antwerpen Centraal,32.0,False,2.249226316777232,3.5284359653773953,47.77766228215463,47.77766228215463
Rotterdam,Barcelona,RTM,BCN,1196.0,120.0,265.14,145.14,51.92,4.48,41.3828,2.1769,Rotterdam Centraal,Barcelona Sants,625.0,True,2.249226316777232,7.388093774297752,644.637320091075,265.14
Rotterdam,Berlin,,,,,,,,,,,Rotterdam Centraal,Berlin Hbf,367.0,False,2.249226316777232,5.947266480604848,385.1964927973821,385.1964927973821
Rotterdam,Bordeaux,,,,,,,,,,,Rotterdam Centraal,Bordeaux-St-Jean,348.0,True,2.249226316777232,5.811588377462907,366.06081469424015,366.06081469424015
Rotterdam,Bratislava,,,,,,,,,,,Rotterdam Centraal,Bratislava hl.st.,772.0,False,2.249226316777232,4.046858342350235,788.2960846591275,788.2960846591275
Rotterdam,Bremen,,,,,,,,,,,Rotterdam Centraal,Bremen Hbf,279.0,False,2.249226316777232,2.309271364404068,293.55849768118134,293.55849768118134
Rotterdam,Brussels,,,,,,,,,,,Rotterdam Centraal,Bruxelles Midi,68.0,False,2.249226316777232,4.14169289941754,84.39091921619476,84.39091921619476
Rotterdam,Budapest,,,,,,,,,,,Rotterdam Centraal,Budapest-Nyugati,951.0,False,2.249226316777232,4.980157462200125,968.2293837789774,968.2293837789774
Rotterdam,Copenhagen,,,,,,,,,,,Rotterdam Centraal,Koebenhavns Lufthavn st,708.0,False,2.249226316777232,17.4069941581493,737.6562204749265,737.6562204749265
Rotterdam,Dortmund,,,,,,,,,,,Rotterdam Centraal,Dortmund Hbf,186.0,False,2.249226316777232,1.460615015563283,199.70984133234052,199.70984133234052
Rotterdam,Dresden,,,,,,,,,,,Rotterdam Centraal,Dresden Hbf,527.0,False,2.249226316777232,2.8510360388781235,542.1002623556553,542.1002623556553
Rotterdam,Duisburg,,,,,,,,,,,Rotterdam Centraal,Duisburg Hbf,139.0,False,2.249226316777232,2.5870950877797454,153.83632140455697,153.83632140455697
Rotterdam,Düsseldorf,,,,,,,,,,,Rotterdam Centraal,Düsseldorf Hbf,154.0,False,2.249226316777232,4.00763955017613,170.25686586695335,170.25686586695335
Rotterdam,Essen,,,,,,,,,,,Rotterdam Centraal,Essen Hbf,162.0,False,2.249226316777232,0.31813865528361085,174.56736497206083,174.56736497206083
Rotterdam,Frankfurt,,,,,,,,,,,Rotterdam Centraal,Frankfurt(Main)Hbf,265.0,False,2.249226316777232,3.4764728210122846,280.72569913778955,280.72569913778955
Rotterdam,Genoa,,,,,,,,,,,Rotterdam Centraal,Genova Piazza Principe,692.0,False,2.249226316777232,2.6646692679586454,706.9138955847359,706.9138955847359
Rotterdam,Hamburg,,,,,,,,,,,Rotterdam Centraal,Hamburg Hbf,340.0,False,2.249226316777232,1.316441566346405,353.56566788312364,353.56566788312364
Rotterdam,Hannover,,,,,,,,,,,Rotterdam Centraal,Hannover Hbf,266.0,False,2.249226316777232,4.786629448184535,283.0358557649618,283.0358557649618
Rotterdam,Kraków,,,,,,,,,,,Rotterdam Centraal,Krakow Glowny,834.0,False,2.249226316777232,2.336597225946072,848.5858235427233,848.5858235427233
Rotterdam,Leipzig,,,,,,,,,,,Rotterdam Centraal,Leipzig Hbf,461.0,False,2.249226316777232,1.875769965295063,475.1249962820723,475.1249962820723
Rotterdam,Lisbon,RTM,LIS,1803.0,175.0,309.77,134.76999999999998,51.92,4.48,38.7253,-9.15,,,,,,,,309.77
Rotterdam,Ljubljana,,,,,,,,,,,Rotterdam Centraal,Ljubljana,856.0,False,2.249226316777232,2.321449509647903,870.5706758264251,870.5706758264251
Rotterdam,Luxembourg,RTM,LUX,286.0,65.0,200.78,135.78,51.92,4.48,49.6117,6.1319,Rotterdam Centraal,Luxembourg,291.0,False,2.249226316777232,3.2276729444989756,306.47689926127623,200.78
Rotterdam,Lyon,,,,,,,,,,,Rotterdam Centraal,Lyon Part Dieu,320.0,True,2.249226316777232,3.7248506527149634,335.9740769694922,335.9740769694922
Rotterdam,Marseille,,,,,,,,,,,Rotterdam Centraal,Marseille-St-Charles,416.0,True,2.249226316777232,3.0494630085437278,431.298689325321,431.298689325321
Rotterdam,Milan,RTM,BGY,798.0,90.0,284.79,194.79000000000002,51.92,4.48,45.4669,9.19,Rotterdam Centraal,Milano Porta Garibaldi,636.0,False,2.249226316777232,4.707315782392735,652.95654209917,284.79
Rotterdam,Munich,,,,,,,,,,,Rotterdam Centraal,München Hbf,440.0,True,2.249226316777232,3.0560823139438047,455.3053086307211,455.3053086307211
Rotterdam,Málaga,RTM,AGP,1837.0,170.0,308.67,138.67000000000002,51.92,4.48,36.7194,-4.42,,,,,,,,308.67
Rotterdam,Nuremberg,,,,,,,,,,,Rotterdam Centraal,Nürnberg Hbf,398.0,False,2.249226316777232,2.407122595922898,412.65634891270014,412.65634891270014
Rotterdam,Poznań,,,,,,,,,,,Rotterdam Centraal,Poznan Glowny,538.0,False,2.249226316777232,4.065435329407926,554.3146616461852,554.3146616461852
Rotterdam,Prague,,,,,,,,,,,Rotterdam Centraal,Praha hl.n.,665.0,False,2.249226316777232,2.772415453338628,680.0216417701159,680.0216417701159
Rotterdam,Rome,RTM,FCO,1274.0,130.0,290.03,160.02999999999997,51.92,4.48,41.8933,12.4828,Rotterdam Centraal,Roma Tiburtina,882.0,True,2.249226316777232,10.76586299605856,905.0150893128358,290.03
Rotterdam,Stockholm,,,,,,,,,,,Rotterdam Centraal,Stockholm Central,1101.0,False,2.249226316777232,1.5022922376589065,1114.751518554436,1114.751518554436
Rotterdam,Stuttgart,,,,,,,,,,,Rotterdam Centraal,Stuttgart Hbf,313.0,True,2.249226316777232,2.002376007570269,327.2516023243475,327.2516023243475
Rotterdam,Tilburg,,,,,,,,,,,Rotterdam Centraal,Tilburg,38.0,False,2.249226316777232,2.8326204398011785,53.08184675657841,53.08184675657841
Rotterdam,Toulouse,,,,,,,,,,,Rotterdam Centraal,Toulouse-Matabiau,510.0,False,2.249226316777232,2.6617812245934145,524.9110075413706,524.9110075413706
Rotterdam,Turin,,,,,,,,,,,Rotterdam Centraal,Torino Porta Susa,557.0,False,2.249226316777232,2.8476007865249664,572.0968271033022,572.0968271033022
Rotterdam,Valencia,RTM,VLC,1435.0,135.0,274.8,139.8,51.92,4.48,39.47,-0.3764,,,,,,,,274.8
Rotterdam,Vienna,,,,,,,,,,,Rotterdam Centraal,Wien Hbf,687.0,False,2.249226316777232,6.245212775155993,705.4944390919333,705.4944390919333
Rotterdam,Warsaw,,,,,,,,,,,Rotterdam Centraal,Warszawa Centralna,685.0,False,2.249226316777232,1.3212540896707794,698.570480406448,698.570480406448
Rotterdam,Wrocław,,,,,,,,,,,Rotterdam Centraal,Wroclaw Glowny,658.0,False,2.249226316777232,3.2731677390709937,673.5223940558483,673.5223940558483
Rotterdam,Zagreb,,,,,,,,,,,Rotterdam Centraal,Zagreb Glavni kolodvor,1090.0,False,2.249226316777232,2.3224288673449607,1104.5716551841222,1104.5716551841222
Sevilla,Amsterdam,SVQ,AMS,1851.0,175.0,325.15,150.14999999999998,37.39,-5.99,52.3728,4.8936,,,,,,,,325.15
Sevilla,Athens,SVQ,ATH,2622.0,205.0,367.96,162.95999999999998,37.39,-5.99,37.9842,23.7281,,,,,,,,367.96
Sevilla,Barcelona,SVQ,BCN,810.0,100.0,251.51,151.51,37.39,-5.99,41.3828,2.1769,,,,,,,,251.51
Sevilla,Bordeaux,SVQ,BOD,930.0,105.0,252.68,147.68,37.39,-5.99,44.84,-0.58,,,,,,,,252.68
Sevilla,Brussels,SVQ,BRU,1708.0,160.0,309.31,149.31,37.39,-5.99,50.8467,4.3525,,,,,,,,309.31
Sevilla,Bucharest,SVQ,BBU,2784.0,245.0,389.08,144.07999999999998,37.39,-5.99,44.4325,26.1039,,,,,,,,389.08
Sevilla,Budapest,SVQ,BUD,2335.0,205.0,363.85,158.85000000000002,37.39,-5.99,47.4925,19.0514,,,,,,,,363.85
Sevilla,Cologne,SVQ,CGN,1816.0,170.0,323.43,153.43,37.39,-5.99,50.9364,6.9528,,,,,,,,323.43
Sevilla,Copenhagen,SVQ,CPH,2457.0,210.0,353.98,143.98000000000002,37.39,-5.99,55.6761,12.5683,,,,,,,,353.98
Sevilla,Düsseldorf,SVQ,NRN,1838.0,175.0,397.95,222.95,37.39,-5.99,51.2333,6.7833,,,,,,,,397.95
Sevilla,Frankfurt,SVQ,FRA,1817.0,180.0,328.66,148.66000000000003,37.39,-5.99,50.1106,8.6822,,,,,,,,328.66
Sevilla,Kraków,SVQ,KRK,2481.0,220.0,368.69,148.69,37.39,-5.99,50.0614,19.9372,,,,,,,,368.69
Sevilla,Lisbon,SVQ,LIS,320.0,60.0,201.14,141.14,37.39,-5.99,38.7253,-9.15,,,,,,,,201.14
Sevilla,Luxembourg,SVQ,LUX,1668.0,160.0,302.14,142.14,37.39,-5.99,49.6117,6.1319,,,,,,,,302.14
Sevilla,Lyon,SVQ,LYS,1296.0,135.0,296.86,161.86,37.39,-5.99,45.76,4.84,,,,,,,,296.86
Sevilla,Madrid,SVQ,MAD,396.0,65.0,219.6,154.6,37.39,-5.99,40.4169,-3.7033,,,,,,,,219.6
Sevilla,Marseille,SVQ,MRS,1154.0,125.0,288.31,163.31,37.39,-5.99,43.2964,5.37,,,,,,,,288.31
Sevilla,Milan,SVQ,MXP,1518.0,153.0,348.03,195.02999999999997,37.39,-5.99,45.4669,9.19,,,,,,,,348.03
Sevilla,Munich,SVQ,MUC,1879.0,175.0,351.31,176.31,37.39,-5.99,48.1375,11.575,,,,,,,,351.31
Sevilla,Naples,SVQ,NAP,1782.0,163.0,306.41,143.41000000000003,37.39,-5.99,40.8333,14.25,,,,,,,,306.41
Sevilla,Nuremberg,SVQ,NUE,1911.0,178.0,317.87,139.87,37.39,-5.99,49.4539,11.0775,,,,,,,,317.87
Sevilla,Paris,SVQ,ORY,1422.0,150.0,304.59,154.58999999999997,37.39,-5.99,48.8567,2.3522,,,,,,,,304.59
Sevilla,Prague,SVQ,PRG,2137.0,198.0,348.0,150.0,37.39,-5.99,50.0875,14.4214,,,,,,,,348.0
Sevilla,Rome,SVQ,CIA,1656.0,155.0,308.83,153.82999999999998,37.39,-5.99,41.8933,12.4828,,,,,,,,308.83
Sevilla,Stockholm,SVQ,ARN,2998.0,255.0,442.86,187.86,37.39,-5.99,59.3294,18.0686,,,,,,,,442.86
Sevilla,Tilburg,SVQ,EIN,1795.0,170.0,338.67,168.67000000000002,37.39,-5.99,51.55,5.0833,,,,,,,,338.67
Sevilla,Toulouse,SVQ,TLS,923.0,105.0,247.58,142.58,37.39,-5.99,43.6045,1.444,,,,,,,,247.58
Sevilla,Turin,SVQ,TRN,1421.0,145.0,297.27,152.26999999999998,37.39,-5.99,45.0792,7.6761,,,,,,,,297.27
Sevilla,Valencia,SVQ,VLC,526.0,70.0,216.17,146.17,37.39,-5.99,39.47,-0.3764,,,,,,,,216.17
Sevilla,Vienna,SVQ,VIE,2176.0,185.0,344.04,159.04000000000002,37.39,-5.99,48.2083,16.3725,,,,,,,,344.04
Sevilla,Warsaw,SVQ,WAW,2658.0,230.0,373.74,143.74,37.39,-5.99,52.23,21.0111,,,,,,,,373.74
Sofia,Amsterdam,SOF,AMS,1757.0,170.0,317.53,147.52999999999997,42.7,23.33,52.3728,4.8936,,,,,,,,317.53
Sofia,Athens,SOF,ATH,529.0,75.0,235.34,160.34,42.7,23.33,37.9842,23.7281,,,,,,,,235.34
Sofia,Barcelona,SOF,BCN,1769.0,180.0,328.89,148.89,42.7,23.33,41.3828,2.1769,,,,,,,,328.89
Sofia,Berlin,SOF,BER,1306.0,135.0,292.99,157.99,42.7,23.33,52.52,13.405,,,,,,,,292.99
Sofia,Bratislava,SOF,BTS,778.0,90.0,232.79,142.79,42.7,23.33,48.1439,17.1097,,,,,,,,232.79
Sofia,Brussels,SOF,BRU,1701.0,160.0,306.7,146.7,42.7,23.33,50.8467,4.3525,,,,,,,,306.7
Sofia,Bucharest,SOF,OTP,299.0,65.0,218.88,153.88,42.7,23.33,44.4325,26.1039,,,,,,,,218.88
Sofia,Budapest,SOF,BUD,620.0,85.0,241.23,156.23,42.7,23.33,47.4925,19.0514,,,,,,,,241.23
Sofia,Cologne,SOF,CGN,1536.0,165.0,315.81,150.81,42.7,23.33,50.9364,6.9528,,,,,,,,315.81
Sofia,Copenhagen,SOF,CPH,1635.0,175.0,316.36,141.36,42.7,23.33,55.6761,12.5683,,,,,,,,316.36
Sofia,Dortmund,SOF,DTM,1544.0,175.0,320.88,145.88,42.7,23.33,51.5139,7.4653,,,,,,,,320.88
Sofia,Frankfurt,SOF,FRA,1400.0,150.0,296.04,146.04000000000002,42.7,23.33,50.1106,8.6822,,,,,,,,296.04
Sofia,Hamburg,SOF,HAM,1567.0,160.0,304.1,144.10000000000002,42.7,23.33,53.55,10.0,,,,,,,,304.1
Sofia,Helsinki,SOF,HEL,1964.0,160.0,315.19,155.19,42.7,23.33,60.1708,24.9375,,,,,,,,315.19
Sofia,Lisbon,SOF,LIS,2765.0,270.0,408.52,138.51999999999998,42.7,23.33,38.7253,-9.15,,,,,,,,408.52
Sofia,Madrid,SOF,MAD,2253.0,225.0,376.98,151.98000000000002,42.7,23.33,40.4169,-3.7033,,,,,,,,376.98
Sofia,Milan,SOF,BGY,1143.0,120.0,318.53,198.52999999999997,42.7,23.33,45.4669,9.19,,,,,,,,318.53
Sofia,Munich,SOF,MUC,1103.0,120.0,293.69,173.69,42.7,23.33,48.1375,11.575,,,,,,,,293.69
Sofia,Málaga,SOF,AGP,2472.0,245.0,387.41,142.41000000000003,42.7,23.33,36.7194,-4.42,,,,,,,,387.41
Sofia,Naples,SOF,NAP,783.0,100.0,240.79,140.79,42.7,23.33,40.8333,14.25,,,,,,,,240.79
Sofia,Nuremberg,SOF,NUE,1215.0,135.0,272.25,137.25,42.7,23.33,49.4539,11.0775,,,,,,,,272.25
Sofia,Paris,SOF,CDG,1757.0,180.0,344.46,164.45999999999998,42.7,23.33,48.8567,2.3522,,,,,,,,344.46
Sofia,Prague,SOF,PRG,1082.0,120.0,267.38,147.38,42.7,23.33,50.0875,14.4214,,,,,,,,267.38
Sofia,Riga,SOF,RIX,1583.0,150.0,292.89,142.89,42.7,23.33,56.9489,24.1064,,,,,,,,292.89
Sofia,Rome,SOF,CIA,898.0,105.0,256.21,151.20999999999998,42.7,23.33,41.8933,12.4828,,,,,,,,256.21
Sofia,Tilburg,SOF,EIN,1673.0,175.0,341.05,166.05,42.7,23.33,51.55,5.0833,,,,,,,,341.05
Sofia,Valencia,SOF,VLC,2031.0,195.0,338.55,143.55,42.7,23.33,39.47,-0.3764,,,,,,,,338.55
Sofia,Vienna,SOF,VIE,806.0,95.0,251.42,156.42,42.7,23.33,48.2083,16.3725,,,,,,,,251.42
Sofia,Warsaw,SOF,WAW,1070.0,120.0,261.12,141.12,42.7,23.33,52.23,21.0111,,,,,,,,261.12
Sofia,Zagreb,SOF,ZAG,677.0,90.0,237.05,147.05,42.7,23.33,45.8131,15.9775,,,,,,,,237.05
Stockholm,Amsterdam,ARN,AMS,1155.0,125.0,316.71,191.70999999999998,59.3294,18.0686,52.3728,4.8936,Stockholm Central,Amsterdam Centraal,1111.0,False,1.5022922376589065,1.9520337879727412,1124.4543260256316,316.71
Stockholm,Antwerp,,,,,,,,,,,Stockholm Central,Antwerpen Centraal,1238.0,False,1.5022922376589065,3.5284359653773953,1253.0307282030362,1253.0307282030362
Stockholm,Athens,ARN,ATH,2452.0,215.0,419.52,204.51999999999998,59.3294,18.0686,37.9842,23.7281,,,,,,,,419.52
Stockholm,Barcelona,ARN,BCN,2316.0,215.0,408.07,193.07,59.3294,18.0686,41.3828,2.1769,Stockholm Central,Barcelona Sants,2588.0,False,1.5022922376589065,7.388093774297752,2606.8903860119567,408.07
Stockholm,Berlin,ARN,BER,856.0,95.0,297.17,202.17000000000002,59.3294,18.0686,52.52,13.405,Stockholm Central,Berlin Hbf,894.0,False,1.5022922376589065,5.947266480604848,911.4495587182638,297.17
Stockholm,Bordeaux,,,,,,,,,,,Stockholm Central,Bordeaux-St-Jean,1426.0,True,1.5022922376589065,5.811588377462907,1443.3138806151217,1443.3138806151217
Stockholm,Bratislava,,,,,,,,,,,Stockholm Central,Bratislava hl.st.,1362.0,False,1.5022922376589065,4.046858342350235,1377.5491505800092,1377.5491505800092
Stockholm,Bremen,,,,,,,,,,,Stockholm Central,Bremen Hbf,787.0,False,1.5022922376589065,2.309271364404068,800.811563602063,800.811563602063
Stockholm,Brussels,ARN,BRU,1291.0,135.0,325.87,190.87,59.3294,18.0686,50.8467,4.3525,Stockholm Central,Bruxelles Midi,1207.0,False,1.5022922376589065,4.14169289941754,1222.6439851370765,325.87
Stockholm,Bucharest,ARN,OTP,1765.0,165.0,363.06,198.06,59.3294,18.0686,44.4325,26.1039,,,,,,,,363.06
Stockholm,Budapest,ARN,BUD,1362.0,140.0,340.41,200.41000000000003,59.3294,18.0686,47.4925,19.0514,Stockholm Central,Budapest-Nyugati,1521.0,False,1.5022922376589065,4.980157462200125,1537.482449699859,340.41
Stockholm,Cologne,ARN,CGN,1190.0,125.0,319.99,194.99,59.3294,18.0686,50.9364,6.9528,Stockholm Central,Köln Messe/Deutz,1016.0,False,1.5022922376589065,3.9197525107529603,1031.4220447484117,319.99
Stockholm,Copenhagen,ARN,CPH,547.0,70.0,255.54,185.54,59.3294,18.0686,55.6761,12.5683,Stockholm Central,Koebenhavns Lufthavn st,357.0,True,1.5022922376589065,17.4069941581493,385.90928639580824,255.54
Stockholm,Dortmund,,,,,,,,,,,Stockholm Central,Dortmund Hbf,942.0,False,1.5022922376589065,1.460615015563283,954.9629072532222,954.9629072532222
Stockholm,Dresden,,,,,,,,,,,Stockholm Central,Dresden Hbf,1059.0,False,1.5022922376589065,2.8510360388781235,1073.353328276537,1073.353328276537
Stockholm,Duisburg,,,,,,,,,,,Stockholm Central,Duisburg Hbf,981.0,False,1.5022922376589065,2.5870950877797454,995.0893873254387,995.0893873254387
Stockholm,Düsseldorf,ARN,DUS,1166.0,120.0,302.44,182.44,59.3294,18.0686,51.2333,6.7833,Stockholm Central,Düsseldorf Hbf,999.0,False,1.5022922376589065,4.00763955017613,1014.5099317878351,302.44
Stockholm,Essen,,,,,,,,,,,Stockholm Central,Essen Hbf,967.0,False,1.5022922376589065,0.31813865528361085,978.8204308929426,978.8204308929426
Stockholm,Frankfurt,ARN,FRA,1223.0,135.0,325.22,190.22000000000003,59.3294,18.0686,50.1106,8.6822,Stockholm Central,Frankfurt(Main)Hbf,1006.0,False,1.5022922376589065,3.4764728210122846,1020.9787650586712,325.22
Stockholm,Genoa,,,,,,,,,,,Stockholm Central,Genova Piazza Principe,1576.0,False,1.5022922376589065,2.6646692679586454,1590.1669615056176,1590.1669615056176
Stockholm,Gothenburg,BMA,GOT,379.0,65.0,226.28,161.28,59.3294,18.0686,57.7075,11.9675,,,,,,,,226.28
Stockholm,Hamburg,ARN,HAM,826.0,95.0,283.28,188.27999999999997,59.3294,18.0686,53.55,10.0,Stockholm Central,Hamburg Hbf,702.0,False,1.5022922376589065,1.316441566346405,714.8187338040053,283.28
Stockholm,Hannover,ARN,HAJ,949.0,105.0,295.31,190.31,59.3294,18.0686,52.3667,9.7167,Stockholm Central,Hannover Hbf,814.0,False,1.5022922376589065,4.786629448184535,830.2889216858434,295.31
Stockholm,Helsinki,BMA,HEL,407.0,73.0,228.96,155.96,59.3294,18.0686,60.1708,24.9375,,,,,,,,228.96
Stockholm,Kraków,ARN,KRK,1072.0,120.0,310.25,190.25,59.3294,18.0686,50.0614,19.9372,Stockholm Central,Krakow Glowny,1467.0,False,1.5022922376589065,2.336597225946072,1480.8388894636048,310.25
Stockholm,Leipzig,,,,,,,,,,,Stockholm Central,Leipzig Hbf,1007.0,False,1.5022922376589065,1.875769965295063,1020.378062202954,1020.378062202954
Stockholm,Lisbon,ARN,LIS,3003.0,275.0,457.7,182.7,59.3294,18.0686,38.7253,-9.15,,,,,,,,457.7
Stockholm,Ljubljana,,,,,,,,,,,Stockholm Central,Ljubljana,1481.0,False,1.5022922376589065,2.321449509647903,1494.8237417473067,1494.8237417473067
Stockholm,Luxembourg,ARN,LUX,1343.0,165.0,348.7,183.7,59.3294,18.0686,49.6117,6.1319,Stockholm Central,Luxembourg,1247.0,False,1.5022922376589065,3.2276729444989756,1261.7299651821577,348.7
Stockholm,Lyon,ARN,LYS,1769.0,165.0,368.42,203.42000000000002,59.3294,18.0686,45.76,4.84,Stockholm Central,Lyon Part Dieu,1408.0,False,1.5022922376589065,3.7248506527149634,1423.227142890374,368.42
Stockholm,Madrid,ARN,MAD,2603.0,245.0,441.16,196.16000000000003,59.3294,18.0686,40.4169,-3.7033,,,,,,,,441.16
Stockholm,Marseille,ARN,MRS,1999.0,195.0,399.87,204.87,59.3294,18.0686,43.2964,5.37,Stockholm Central,Marseille-St-Charles,1501.0,False,1.5022922376589065,3.0494630085437278,1515.5517552462024,399.87
Stockholm,Milan,ARN,LIN,1681.0,160.0,345.19,185.19,59.3294,18.0686,45.4669,9.19,Stockholm Central,Milano Porta Garibaldi,1493.0,False,1.5022922376589065,4.707315782392735,1509.2096080200515,345.19
Stockholm,Munich,ARN,MUC,1318.0,135.0,352.87,217.87,59.3294,18.0686,48.1375,11.575,Stockholm Central,München Hbf,1094.0,False,1.5022922376589065,3.0560823139438047,1108.5583745516026,352.87
Stockholm,Málaga,ARN,AGP,3018.0,265.0,451.59,186.58999999999997,59.3294,18.0686,36.7194,-4.42,,,,,,,,451.59
Stockholm,Naples,ARN,NAP,2102.0,195.0,379.97,184.97000000000003,59.3294,18.0686,40.8333,14.25,,,,,,,,379.97
Stockholm,Nuremberg,,,,,,,,,,,Stockholm Central,Nürnberg Hbf,1017.0,False,1.5022922376589065,2.407122595922898,1030.9094148335816,1030.9094148335816
Stockholm,Paris,ARN,CDG,1542.0,155.0,363.64,208.64,59.3294,18.0686,48.8567,2.3522,,,,,,,,363.64
Stockholm,Poznań,ARN,POZ,808.0,95.0,280.42,185.42000000000002,59.3294,18.0686,52.4083,16.9336,Stockholm Central,Poznan Glowny,1560.0,False,1.5022922376589065,4.065435329407926,1575.5677275670666,280.42
Stockholm,Prague,ARN,PRG,1087.0,115.0,306.56,191.56,59.3294,18.0686,50.0875,14.4214,Stockholm Central,Praha hl.n.,1197.0,False,1.5022922376589065,2.772415453338628,1211.2747076909975,306.56
Stockholm,Riga,ARN,RIX,466.0,65.0,252.07,187.07,59.3294,18.0686,56.9489,24.1064,,,,,,,,252.07
Stockholm,Rome,ARN,FCO,2024.0,190.0,397.96,207.95999999999998,59.3294,18.0686,41.8933,12.4828,,,,,,,,397.96
Stockholm,Rotterdam,,,,,,,,,,,Stockholm Central,Rotterdam Centraal,1152.0,False,1.5022922376589065,2.249226316777232,1165.751518554436,1165.751518554436
Stockholm,Sevilla,ARN,SVQ,2998.0,270.0,457.86,187.86,59.3294,18.0686,37.39,-5.99,,,,,,,,457.86
Stockholm,Stuttgart,ARN,STR,1344.0,135.0,324.26,189.26,59.3294,18.0686,48.7775,9.18,Stockholm Central,Stuttgart Hbf,1123.0,False,1.5022922376589065,2.002376007570269,1136.5046682452291,324.26
Stockholm,Tallinn,ARN,TLL,389.0,60.0,240.39,180.39,59.3294,18.0686,59.4372,24.7453,,,,,,,,240.39
Stockholm,Tilburg,,,,,,,,,,,Stockholm Central,Tilburg,1138.0,False,1.5022922376589065,2.8326204398011785,1152.33491267746,1152.33491267746
Stockholm,Toulouse,,,,,,,,,,,Stockholm Central,Toulouse-Matabiau,1572.0,False,1.5022922376589065,2.6617812245934145,1586.1640734622522,1586.1640734622522
Stockholm,Turin,ARN,TRN,1749.0,170.0,363.83,193.82999999999998,59.3294,18.0686,45.0792,7.6761,Stockholm Central,Torino Porta Susa,1586.0,False,1.5022922376589065,2.8476007865249664,1600.3498930241838,363.83
Stockholm,Valencia,ARN,VLC,2587.0,235.0,422.73,187.73000000000002,59.3294,18.0686,39.47,-0.3764,,,,,,,,422.73
Stockholm,Vienna,ARN,VIE,1286.0,135.0,335.6,200.60000000000002,59.3294,18.0686,48.2083,16.3725,Stockholm Central,Wien Hbf,1279.0,False,1.5022922376589065,6.245212775155993,1296.7475050128148,335.6
Stockholm,Vilnius,ARN,VNO,712.0,85.0,267.07,182.07,59.3294,18.0686,54.6872,25.28,,,,,,,,267.07
Stockholm,Warsaw,ARN,WAW,853.0,100.0,285.3,185.3,59.3294,18.0686,52.23,21.0111,Stockholm Central,Warszawa Centralna,1451.0,False,1.5022922376589065,1.3212540896707794,1463.8235463273295,285.3
Stockholm,Wrocław,,,,,,,,,,,Stockholm Central,Wroclaw Glowny,1261.0,False,1.5022922376589065,3.2731677390709937,1275.7754599767297,1275.7754599767297
Stockholm,Zagreb,ARN,ZAG,1553.0,145.0,336.23,191.23000000000002,59.3294,18.0686,45.8131,15.9775,Stockholm Central,Zagreb Glavni kolodvor,1732.0,False,1.5022922376589065,2.3224288673449607,1745.8247211050038,336.23
Stuttgart,Amsterdam,STR,AMS,510.0,85.0,236.55,151.55,48.7775,9.18,52.3728,4.8936,Stuttgart Hbf,Amsterdam Centraal,303.0,True,2.002376007570269,1.9520337879727412,316.95440979554303,236.55
Stuttgart,Antwerp,,,,,,,,,,,Stuttgart Hbf,Antwerpen Centraal,317.0,False,2.002376007570269,3.5284359653773953,332.5308119729477,332.5308119729477
Stuttgart,Athens,STR,ATH,1685.0,155.0,319.36,164.36,48.7775,9.18,37.9842,23.7281,,,,,,,,319.36
Stuttgart,Barcelona,STR,BCN,993.0,115.0,267.9,152.89999999999998,48.7775,9.18,41.3828,2.1769,Stuttgart Hbf,Barcelona Sants,742.0,False,2.002376007570269,7.388093774297752,761.3904697818681,267.9
Stuttgart,Berlin,STR,BER,510.0,70.0,232.01,162.01,48.7775,9.18,52.52,13.405,Stuttgart Hbf,Berlin Hbf,314.0,True,2.002376007570269,5.947266480604848,331.94964248817513,232.01
Stuttgart,Bordeaux,STR,BOD,868.0,105.0,254.08,149.08,48.7775,9.18,44.84,-0.58,Stuttgart Hbf,Bordeaux-St-Jean,382.0,True,2.002376007570269,5.811588377462907,399.81396438503316,254.08
Stuttgart,Bratislava,,,,,,,,,,,Stuttgart Hbf,Bratislava hl.st.,475.0,False,2.002376007570269,4.046858342350235,491.0492343499205,491.0492343499205
Stuttgart,Bremen,STR,BRE,486.0,65.0,203.94,138.94,48.7775,9.18,53.0758,8.8072,Stuttgart Hbf,Bremen Hbf,316.0,False,2.002376007570269,2.309271364404068,330.31164737197435,203.94
Stuttgart,Brussels,,,,,,,,,,,Stuttgart Hbf,Bruxelles Midi,286.0,False,2.002376007570269,4.14169289941754,302.1440689069878,302.1440689069878
Stuttgart,Bucharest,STR,OTP,1368.0,130.0,287.9,157.89999999999998,48.7775,9.18,44.4325,26.1039,,,,,,,,287.9
Stuttgart,Budapest,STR,BUD,762.0,90.0,250.25,160.25,48.7775,9.18,47.4925,19.0514,Stuttgart Hbf,Budapest-Nyugati,591.0,False,2.002376007570269,4.980157462200125,607.9825334697705,250.25
Stuttgart,Copenhagen,STR,CPH,807.0,90.0,235.38,145.38,48.7775,9.18,55.6761,12.5683,Stuttgart Hbf,Koebenhavns Lufthavn st,665.0,False,2.002376007570269,17.4069941581493,694.4093701657196,235.38
Stuttgart,Dortmund,,,,,,,,,,,Stuttgart Hbf,Dortmund Hbf,202.0,False,2.002376007570269,1.460615015563283,215.46299102313355,215.46299102313355
Stuttgart,Dresden,,,,,,,,,,,Stuttgart Hbf,Dresden Hbf,334.0,False,2.002376007570269,2.8510360388781235,348.8534120464484,348.8534120464484
Stuttgart,Duisburg,,,,,,,,,,,Stuttgart Hbf,Duisburg Hbf,163.0,True,2.002376007570269,2.5870950877797454,177.58947109535,177.58947109535
Stuttgart,Düsseldorf,,,,,,,,,,,Stuttgart Hbf,Düsseldorf Hbf,147.0,True,2.002376007570269,4.00763955017613,163.01001555774639,163.01001555774639
Stuttgart,Essen,,,,,,,,,,,Stuttgart Hbf,Essen Hbf,176.0,True,2.002376007570269,0.31813865528361085,188.32051466285387,188.32051466285387
Stuttgart,Frankfurt,STR,FRA,157.0,50.0,200.06,150.06,48.7775,9.18,50.1106,8.6822,Stuttgart Hbf,Frankfurt(Main)Hbf,77.0,False,2.002376007570269,3.4764728210122846,92.47884882858254,92.47884882858254
Stuttgart,Genoa,,,,,,,,,,,Stuttgart Hbf,Genova Piazza Principe,493.0,False,2.002376007570269,2.6646692679586454,507.6670452755289,507.6670452755289
Stuttgart,Hamburg,STR,HAM,552.0,70.0,218.12,148.12,48.7775,9.18,53.55,10.0,Stuttgart Hbf,Hamburg Hbf,306.0,False,2.002376007570269,1.316441566346405,319.31881757391665,218.12
Stuttgart,Hannover,,,,,,,,,,,Stuttgart Hbf,Hannover Hbf,222.0,True,2.002376007570269,4.786629448184535,238.7890054557548,238.7890054557548
Stuttgart,Kraków,STR,KRK,784.0,90.0,240.09,150.09,48.7775,9.18,50.0614,19.9372,Stuttgart Hbf,Krakow Glowny,732.0,False,2.002376007570269,2.336597225946072,746.3389732335164,240.09
Stuttgart,Leipzig,,,,,,,,,,,Stuttgart Hbf,Leipzig Hbf,262.0,False,2.002376007570269,1.875769965295063,275.8781459728653,275.8781459728653
Stuttgart,Lisbon,STR,LIS,1834.0,190.0,332.53,142.52999999999997,48.7775,9.18,38.7253,-9.15,,,,,,,,332.53
Stuttgart,Ljubljana,,,,,,,,,,,Stuttgart Hbf,Ljubljana,491.0,False,2.002376007570269,2.321449509647903,505.32382551721815,505.32382551721815
Stuttgart,Luxembourg,,,,,,,,,,,Stuttgart Hbf,Luxembourg,203.0,False,2.002376007570269,3.2276729444989756,218.23004895206924,218.23004895206924
Stuttgart,Lyon,,,,,,,,,,,Stuttgart Hbf,Lyon Part Dieu,351.0,False,2.002376007570269,3.7248506527149634,366.7272266602852,366.7272266602852
Stuttgart,Marseille,,,,,,,,,,,Stuttgart Hbf,Marseille-St-Charles,457.0,False,2.002376007570269,3.0494630085437278,472.051839016114,472.051839016114
Stuttgart,Milan,STR,LIN,359.0,65.0,210.03,145.03,48.7775,9.18,45.4669,9.19,Stuttgart Hbf,Milano Porta Garibaldi,413.0,False,2.002376007570269,4.707315782392735,429.709691789963,210.03
Stuttgart,Munich,STR,MUC,195.0,50.0,227.71,177.71,48.7775,9.18,48.1375,11.575,Stuttgart Hbf,München Hbf,117.0,True,2.002376007570269,3.0560823139438047,132.05845832151408,132.05845832151408
Stuttgart,Málaga,STR,AGP,1737.0,175.0,321.43,146.43,48.7775,9.18,36.7194,-4.42,,,,,,,,321.43
Stuttgart,Naples,STR,NAP,956.0,110.0,254.81,144.81,48.7775,9.18,40.8333,14.25,,,,,,,,254.81
Stuttgart,Nuremberg,,,,,,,,,,,Stuttgart Hbf,Nürnberg Hbf,129.0,False,2.002376007570269,2.407122595922898,143.40949860349315,143.40949860349315
Stuttgart,Paris,STR,CDG,487.0,90.0,258.48,168.48000000000002,48.7775,9.18,48.8567,2.3522,,,,,,,,258.48
Stuttgart,Poznań,,,,,,,,,,,Stuttgart Hbf,Poznan Glowny,504.0,False,2.002376007570269,4.065435329407926,520.0678113369783,520.0678113369783
Stuttgart,Prague,,,,,,,,,,,Stuttgart Hbf,Praha hl.n.,441.0,False,2.002376007570269,2.772415453338628,455.7747914609089,455.7747914609089
Stuttgart,Rome,STR,FCO,802.0,100.0,267.8,167.8,48.7775,9.18,41.8933,12.4828,Stuttgart Hbf,Roma Tiburtina,626.0,True,2.002376007570269,10.76586299605856,648.7682390036289,267.8
Stuttgart,Rotterdam,,,,,,,,,,,Stuttgart Hbf,Rotterdam Centraal,314.0,True,2.002376007570269,2.249226316777232,328.2516023243475,328.2516023243475
Stuttgart,Stockholm,STR,ARN,1344.0,135.0,324.26,189.26,48.7775,9.18,59.3294,18.0686,Stuttgart Hbf,Stockholm Central,1069.0,False,2.002376007570269,1.5022922376589065,1082.5046682452291,324.26
Stuttgart,Tilburg,,,,,,,,,,,Stuttgart Hbf,Tilburg,316.0,True,2.002376007570269,2.8326204398011785,330.83499644737145,330.83499644737145
Stuttgart,Toulouse,,,,,,,,,,,Stuttgart Hbf,Toulouse-Matabiau,528.0,False,2.002376007570269,2.6617812245934145,542.6641572321637,542.6641572321637
Stuttgart,Turin,,,,,,,,,,,Stuttgart Hbf,Torino Porta Susa,496.0,False,2.002376007570269,2.8476007865249664,510.84997679409526,510.84997679409526
Stuttgart,Valencia,STR,VLC,1280.0,130.0,277.56,147.56,48.7775,9.18,39.47,-0.3764,,,,,,,,277.56
Stuttgart,Vienna,STR,VIE,549.0,75.0,235.44,160.44,48.7775,9.18,48.2083,16.3725,Stuttgart Hbf,Wien Hbf,394.0,False,2.002376007570269,6.245212775155993,412.24758878272627,235.44
Stuttgart,Warsaw,STR,WAW,920.0,100.0,245.14,145.14,48.7775,9.18,52.23,21.0111,Stuttgart Hbf,Warszawa Centralna,651.0,False,2.002376007570269,1.3212540896707794,664.3236300972411,245.14
Stuttgart,Wrocław,,,,,,,,,,,Stuttgart Hbf,Wroclaw Glowny,501.0,False,2.002376007570269,3.2731677390709937,516.2755437466413,516.2755437466413
Stuttgart,Zagreb,STR,ZAG,615.0,80.0,231.07,151.07,48.7775,9.18,45.8131,15.9775,Stuttgart Hbf,Zagreb Glavni kolodvor,742.0,False,2.002376007570269,2.3224288673449607,756.3248048749152,231.07
Tallinn,Amsterdam,TLL,AMS,1474.0,150.0,292.69,142.69,59.4372,24.7453,52.3728,4.8936,,,,,,,,292.69
Tallinn,Athens,TLL,ATH,2389.0,220.0,375.49,155.49,59.4372,24.7453,37.9842,23.7281,,,,,,,,375.49
Tallinn,Barcelona,TLL,BCN,2556.0,235.0,379.04,144.04000000000002,59.4372,24.7453,41.3828,2.1769,,,,,,,,379.04
Tallinn,Berlin,TLL,BER,1053.0,115.0,268.14,153.14,59.4372,24.7453,52.52,13.405,,,,,,,,268.14
Tallinn,Brussels,TLL,BRU,1594.0,160.0,301.85,141.85000000000002,59.4372,24.7453,50.8467,4.3525,,,,,,,,301.85
Tallinn,Copenhagen,TLL,CPH,839.0,95.0,231.51,136.51,59.4372,24.7453,55.6761,12.5683,,,,,,,,231.51
Tallinn,Frankfurt,TLL,FRA,1468.0,150.0,291.2,141.2,59.4372,24.7453,50.1106,8.6822,,,,,,,,291.2
Tallinn,Helsinki,TLL,HEL,100.0,30.0,180.34,150.34,59.4372,24.7453,60.1708,24.9375,,,,,,,,180.34
Tallinn,Milan,TLL,BGY,1832.0,180.0,373.68,193.68,59.4372,24.7453,45.4669,9.19,,,,,,,,373.68
Tallinn,Munich,TLL,MUC,1493.0,145.0,313.85,168.85000000000002,59.4372,24.7453,48.1375,11.575,,,,,,,,313.85
Tallinn,Málaga,TLL,AGP,3287.0,290.0,427.56,137.56,59.4372,24.7453,36.7194,-4.42,,,,,,,,427.56
Tallinn,Paris,TLL,ORY,1874.0,185.0,332.12,147.12,59.4372,24.7453,48.8567,2.3522,,,,,,,,332.12
Tallinn,Prague,TLL,PRG,1235.0,130.0,272.53,142.52999999999997,59.4372,24.7453,50.0875,14.4214,,,,,,,,272.53
Tallinn,Riga,TLL,RIX,281.0,50.0,188.04,138.04,59.4372,24.7453,56.9489,24.1064,,,,,,,,188.04
Tallinn,Rome,TLL,CIA,2133.0,195.0,341.37,146.37,59.4372,24.7453,41.8933,12.4828,,,,,,,,341.37
Tallinn,Stockholm,TLL,ARN,389.0,60.0,240.39,180.39,59.4372,24.7453,59.3294,18.0686,,,,,,,,240.39
Tallinn,Vienna,TLL,VIE,1367.0,143.0,294.57,151.57,59.4372,24.7453,48.2083,16.3725,,,,,,,,294.57
Tallinn,Vilnius,TLL,VNO,532.0,70.0,203.04,133.04,59.4372,24.7453,54.6872,25.28,,,,,,,,203.04
Tallinn,Warsaw,TLL,WAW,841.0,100.0,236.27,136.27,59.4372,24.7453,52.23,21.0111,,,,,,,,236.27
Tilburg,Amsterdam,,,,,,,,,,,Tilburg,Amsterdam Centraal,81.0,False,2.8326204398011785,1.9520337879727412,95.78465422777391,95.78465422777391
Tilburg,Antwerp,,,,,,,,,,,Tilburg,Antwerpen Centraal,59.0,True,2.8326204398011785,3.5284359653773953,75.36105640517857,75.36105640517857
Tilburg,Athens,EIN,ATH,2090.0,185.0,370.33,185.32999999999998,51.55,5.0833,37.9842,23.7281,,,,,,,,370.33
Tilburg,Barcelona,EIN,BCN,1156.0,125.0,298.87,173.87,51.55,5.0833,41.3828,2.1769,Tilburg,Barcelona Sants,735.0,False,2.8326204398011785,7.388093774297752,755.220714214099,298.87
Tilburg,Berlin,,,,,,,,,,,Tilburg,Berlin Hbf,368.0,False,2.8326204398011785,5.947266480604848,386.77988692040606,386.77988692040606
Tilburg,Bordeaux,,,,,,,,,,,Tilburg,Bordeaux-St-Jean,413.0,True,2.8326204398011785,5.811588377462907,431.6442088172641,431.6442088172641
Tilburg,Bratislava,EIN,BTS,924.0,105.0,272.78,167.77999999999997,51.55,5.0833,48.1439,17.1097,Tilburg,Bratislava hl.st.,788.0,False,2.8326204398011785,4.046858342350235,804.8794787821514,272.78
Tilburg,Bremen,,,,,,,,,,,Tilburg,Bremen Hbf,280.0,False,2.8326204398011785,2.309271364404068,295.1418918042053,295.1418918042053
Tilburg,Brussels,,,,,,,,,,,Tilburg,Bruxelles Midi,109.0,False,2.8326204398011785,4.14169289941754,125.97431333921871,125.97431333921871
Tilburg,Bucharest,EIN,OTP,1714.0,160.0,338.86,178.86,51.55,5.0833,44.4325,26.1039,,,,,,,,338.86
Tilburg,Budapest,EIN,BUD,1098.0,115.0,296.21,181.20999999999998,51.55,5.0833,47.4925,19.0514,Tilburg,Budapest-Nyugati,1065.0,False,2.8326204398011785,4.980157462200125,1082.8127779020012,296.21
Tilburg,Cologne,,,,,,,,,,,Tilburg,Köln Messe/Deutz,166.0,False,2.8326204398011785,3.9197525107529603,182.75237295055416,182.75237295055416
Tilburg,Copenhagen,EIN,CPH,667.0,85.0,251.35,166.35,51.55,5.0833,55.6761,12.5683,Tilburg,Koebenhavns Lufthavn st,709.0,False,2.8326204398011785,17.4069941581493,739.2396145979504,251.35
Tilburg,Dortmund,,,,,,,,,,,Tilburg,Dortmund Hbf,168.0,False,2.8326204398011785,1.460615015563283,182.29323545536448,182.29323545536448
Tilburg,Dresden,,,,,,,,,,,Tilburg,Dresden Hbf,530.0,False,2.8326204398011785,2.8510360388781235,545.6836564786793,545.6836564786793
Tilburg,Duisburg,,,,,,,,,,,Tilburg,Duisburg Hbf,124.0,False,2.8326204398011785,2.5870950877797454,139.41971552758093,139.41971552758093
Tilburg,Düsseldorf,,,,,,,,,,,Tilburg,Düsseldorf Hbf,134.0,False,2.8326204398011785,4.00763955017613,150.8402599899773,150.8402599899773
Tilburg,Essen,,,,,,,,,,,Tilburg,Essen Hbf,139.0,False,2.8326204398011785,0.31813865528361085,152.1507590950848,152.1507590950848
Tilburg,Frankfurt,,,,,,,,,,,Tilburg,Frankfurt(Main)Hbf,236.0,True,2.8326204398011785,3.4764728210122846,252.30909326081348,252.30909326081348
Tilburg,Genoa,,,,,,,,,,,Tilburg,Genova Piazza Principe,853.0,False,2.8326204398011785,2.6646692679586454,868.4972897077598,868.4972897077598
Tilburg,Hamburg,,,,,,,,,,,Tilburg,Hamburg Hbf,319.0,False,2.8326204398011785,1.316441566346405,333.1490620061476,333.1490620061476
Tilburg,Hannover,,,,,,,,,,,Tilburg,Hannover Hbf,267.0,False,2.8326204398011785,4.786629448184535,284.61924988798575,284.61924988798575
Tilburg,Kraków,EIN,KRK,1025.0,110.0,281.06,171.06,51.55,5.0833,50.0614,19.9372,Tilburg,Krakow Glowny,820.0,False,2.8326204398011785,2.336597225946072,835.1692176657473,281.06
Tilburg,Leipzig,,,,,,,,,,,Tilburg,Leipzig Hbf,434.0,False,2.8326204398011785,1.875769965295063,448.7083904050962,448.7083904050962
Tilburg,Lisbon,EIN,LIS,1807.0,180.0,343.5,163.5,51.55,5.0833,38.7253,-9.15,,,,,,,,343.5
Tilburg,Ljubljana,,,,,,,,,,,Tilburg,Ljubljana,872.0,False,2.8326204398011785,2.321449509647903,887.1540699494491,887.1540699494491
Tilburg,Luxembourg,,,,,,,,,,,Tilburg,Luxembourg,298.0,False,2.8326204398011785,3.2276729444989756,314.06029338430017,314.06029338430017
Tilburg,Lyon,,,,,,,,,,,Tilburg,Lyon Part Dieu,371.0,False,2.8326204398011785,3.7248506527149634,387.55747109251615,387.55747109251615
Tilburg,Madrid,EIN,MAD,1400.0,155.0,331.97,176.97000000000003,51.55,5.0833,40.4169,-3.7033,,,,,,,,331.97
Tilburg,Marseille,EIN,MRS,891.0,105.0,290.67,185.67000000000002,51.55,5.0833,43.2964,5.37,Tilburg,Marseille-St-Charles,467.0,False,2.8326204398011785,3.0494630085437278,482.88208344834493,290.67
Tilburg,Milan,EIN,BGY,718.0,95.0,318.52,223.51999999999998,51.55,5.0833,45.4669,9.19,Tilburg,Milano Porta Garibaldi,677.0,False,2.8326204398011785,4.707315782392735,694.5399362221939,318.52
Tilburg,Munich,,,,,,,,,,,Tilburg,München Hbf,431.0,True,2.8326204398011785,3.0560823139438047,446.888702753745,446.888702753745
Tilburg,Málaga,EIN,AGP,1819.0,175.0,342.4,167.39999999999998,51.55,5.0833,36.7194,-4.42,,,,,,,,342.4
Tilburg,Naples,EIN,NAP,1359.0,135.0,300.78,165.77999999999997,51.55,5.0833,40.8333,14.25,,,,,,,,300.78
Tilburg,Nuremberg,,,,,,,,,,,Tilburg,Nürnberg Hbf,363.0,False,2.8326204398011785,2.407122595922898,378.2397430357241,378.2397430357241
Tilburg,Poznań,,,,,,,,,,,Tilburg,Poznan Glowny,539.0,False,2.8326204398011785,4.065435329407926,555.8980557692091,555.8980557692091
Tilburg,Prague,EIN,PRG,643.0,80.0,252.37,172.37,51.55,5.0833,50.0875,14.4214,Tilburg,Praha hl.n.,681.0,False,2.8326204398011785,2.772415453338628,696.6050358931399,252.37
Tilburg,Rome,EIN,FCO,1194.0,125.0,313.76,188.76,51.55,5.0833,41.8933,12.4828,Tilburg,Roma Tiburtina,1051.0,True,2.8326204398011785,10.76586299605856,1074.5984834358596,313.76
Tilburg,Rotterdam,,,,,,,,,,,Tilburg,Rotterdam Centraal,37.0,False,2.8326204398011785,2.249226316777232,52.08184675657841,52.08184675657841
Tilburg,Sevilla,EIN,SVQ,1795.0,165.0,333.67,168.67000000000002,51.55,5.0833,37.39,-5.99,,,,,,,,333.67
Tilburg,Sofia,EIN,SOF,1673.0,155.0,321.05,166.05,51.55,5.0833,42.7,23.33,,,,,,,,321.05
Tilburg,Stockholm,,,,,,,,,,,Tilburg,Stockholm Central,1102.0,False,2.8326204398011785,1.5022922376589065,1116.33491267746,1116.33491267746
Tilburg,Stuttgart,,,,,,,,,,,Tilburg,Stuttgart Hbf,316.0,True,2.8326204398011785,2.002376007570269,330.83499644737145,330.83499644737145
Tilburg,Toulouse,,,,,,,,,,,Tilburg,Toulouse-Matabiau,571.0,False,2.8326204398011785,2.6617812245934145,586.4944016643946,586.4944016643946
Tilburg,Turin,,,,,,,,,,,Tilburg,Torino Porta Susa,603.0,False,2.8326204398011785,2.8476007865249664,618.6802212263261,618.6802212263261
Tilburg,Valencia,EIN,VLC,1405.0,140.0,308.53,168.52999999999997,51.55,5.0833,39.47,-0.3764,,,,,,,,308.53
Tilburg,Vienna,EIN,VIE,884.0,100.0,281.41,181.41000000000003,51.55,5.0833,48.2083,16.3725,Tilburg,Wien Hbf,652.0,False,2.8326204398011785,6.245212775155993,671.0778332149572,281.41
Tilburg,Vilnius,EIN,VNO,1374.0,130.0,292.88,162.88,51.55,5.0833,54.6872,25.28,,,,,,,,292.88
Tilburg,Warsaw,EIN,WAW,1075.0,110.0,276.11,166.11,51.55,5.0833,52.23,21.0111,Tilburg,Warszawa Centralna,686.0,False,2.8326204398011785,1.3212540896707794,700.153874529472,276.11
Tilburg,Wrocław,,,,,,,,,,,Tilburg,Wroclaw Glowny,644.0,False,2.8326204398011785,3.2731677390709937,660.1057881788722,660.1057881788722
Tilburg,Zagreb,EIN,ZAG,1010.0,110.0,282.04,172.04000000000002,51.55,5.0833,45.8131,15.9775,Tilburg,Zagreb Glavni kolodvor,1106.0,False,2.8326204398011785,2.3224288673449607,1121.155049307146,282.04
Toulouse,Amsterdam,TLS,AMS,997.0,115.0,261.44,146.44,43.6045,1.444,52.3728,4.8936,Toulouse-Matabiau,Amsterdam Centraal,570.0,False,2.6617812245934145,1.9520337879727412,584.6138150125661,261.44
Toulouse,Antwerp,,,,,,,,,,,Toulouse-Matabiau,Antwerpen Centraal,487.0,False,2.6617812245934145,3.5284359653773953,503.19021718997084,503.19021718997084
Toulouse,Athens,TLS,ATH,2000.0,180.0,339.24,159.24,43.6045,1.444,37.9842,23.7281,,,,,,,,339.24
Toulouse,Barcelona,,,,,,,,,,,Toulouse-Matabiau,Barcelona Sants,219.0,False,2.6617812245934145,7.388093774297752,239.04987499889117,239.04987499889117
Toulouse,Berlin,TLS,BER,1324.0,145.0,301.89,156.89,43.6045,1.444,52.52,13.405,Toulouse-Matabiau,Berlin Hbf,846.0,False,2.6617812245934145,5.947266480604848,864.6090477051982,301.89
Toulouse,Bordeaux,,,,,,,,,,,Toulouse-Matabiau,Bordeaux-St-Jean,140.0,False,2.6617812245934145,5.811588377462907,158.47336960205632,158.47336960205632
Toulouse,Bratislava,,,,,,,,,,,Toulouse-Matabiau,Bratislava hl.st.,1190.0,False,2.6617812245934145,4.046858342350235,1206.7086395669437,1206.7086395669437
Toulouse,Bremen,,,,,,,,,,,Toulouse-Matabiau,Bremen Hbf,774.0,False,2.6617812245934145,2.309271364404068,788.9710525889974,788.9710525889974
Toulouse,Brussels,TLS,BRU,841.0,105.0,250.6,145.6,43.6045,1.444,50.8467,4.3525,Toulouse-Matabiau,Bruxelles Midi,417.0,False,2.6617812245934145,4.14169289941754,433.80347412401096,250.6
Toulouse,Budapest,TLS,BUD,1455.0,150.0,305.13,155.13,43.6045,1.444,47.4925,19.0514,Toulouse-Matabiau,Budapest-Nyugati,1294.0,False,2.6617812245934145,4.980157462200125,1311.6419386867935,305.13
Toulouse,Cologne,,,,,,,,,,,Toulouse-Matabiau,Köln Messe/Deutz,546.0,False,2.6617812245934145,3.9197525107529603,562.5815337353463,562.5815337353463
Toulouse,Copenhagen,TLS,CPH,1559.0,145.0,285.26,140.26,43.6045,1.444,55.6761,12.5683,Toulouse-Matabiau,Koebenhavns Lufthavn st,1273.0,False,2.6617812245934145,17.4069941581493,1303.0687753827426,285.26
Toulouse,Dortmund,,,,,,,,,,,Toulouse-Matabiau,Dortmund Hbf,621.0,False,2.6617812245934145,1.460615015563283,635.1223962401566,635.1223962401566
Toulouse,Dresden,,,,,,,,,,,Toulouse-Matabiau,Dresden Hbf,1039.0,False,2.6617812245934145,2.8510360388781235,1054.5128172634716,1054.5128172634716
Toulouse,Duisburg,,,,,,,,,,,Toulouse-Matabiau,Duisburg Hbf,578.0,False,2.6617812245934145,2.5870950877797454,593.2488763123731,593.2488763123731
Toulouse,Düsseldorf,,,,,,,,,,,Toulouse-Matabiau,Düsseldorf Hbf,561.0,False,2.6617812245934145,4.00763955017613,577.6694207747695,577.6694207747695
Toulouse,Essen,,,,,,,,,,,Toulouse-Matabiau,Essen Hbf,595.0,False,2.6617812245934145,0.31813865528361085,607.979919879877,607.979919879877
Toulouse,Frankfurt,TLS,FRA,899.0,110.0,254.95,144.95,43.6045,1.444,50.1106,8.6822,Toulouse-Matabiau,Frankfurt(Main)Hbf,568.0,False,2.6617812245934145,3.4764728210122846,584.1382540456057,254.95
Toulouse,Genoa,,,,,,,,,,,Toulouse-Matabiau,Genova Piazza Principe,701.0,False,2.6617812245934145,2.6646692679586454,716.326450492552,716.326450492552
Toulouse,Hamburg,,,,,,,,,,,Toulouse-Matabiau,Hamburg Hbf,835.0,False,2.6617812245934145,1.316441566346405,848.9782227909398,848.9782227909398
Toulouse,Hannover,TLS,HAJ,1159.0,130.0,275.03,145.02999999999997,43.6045,1.444,52.3667,9.7167,Toulouse-Matabiau,Hannover Hbf,728.0,False,2.6617812245934145,4.786629448184535,745.4484106727779,275.03
Toulouse,Kraków,TLS,KRK,1571.0,155.0,299.97,144.97000000000003,43.6045,1.444,50.0614,19.9372,Toulouse-Matabiau,Krakow Glowny,1551.0,False,2.6617812245934145,2.336597225946072,1565.9983784505393,299.97
Toulouse,Leipzig,,,,,,,,,,,Toulouse-Matabiau,Leipzig Hbf,769.0,False,2.6617812245934145,1.875769965295063,783.5375511898884,783.5375511898884
Toulouse,Lisbon,TLS,LIS,1031.0,125.0,262.42,137.42000000000002,43.6045,1.444,38.7253,-9.15,,,,,,,,262.42
Toulouse,Ljubljana,,,,,,,,,,,Toulouse-Matabiau,Ljubljana,1174.0,False,2.6617812245934145,2.321449509647903,1188.9832307342413,1188.9832307342413
Toulouse,Luxembourg,TLS,LUX,762.0,100.0,238.43,138.43,43.6045,1.444,49.6117,6.1319,Toulouse-Matabiau,Luxembourg,458.0,False,2.6617812245934145,3.2276729444989756,473.8894541690924,238.43
Toulouse,Lyon,TLS,LYS,374.0,60.0,218.14,158.14,43.6045,1.444,45.76,4.84,Toulouse-Matabiau,Lyon Part Dieu,307.0,False,2.6617812245934145,3.7248506527149634,323.3866318773084,218.14
Toulouse,Madrid,TLS,MAD,537.0,85.0,235.88,150.88,43.6045,1.444,40.4169,-3.7033,,,,,,,,235.88
Toulouse,Marseille,TLS,MRS,311.0,60.0,219.59,159.59,43.6045,1.444,43.2964,5.37,Toulouse-Matabiau,Marseille-St-Charles,232.0,False,2.6617812245934145,3.0494630085437278,247.71124423313717,219.59
Toulouse,Milan,TLS,MXP,622.0,85.0,276.31,191.31,43.6045,1.444,45.4669,9.19,Toulouse-Matabiau,Milano Porta Garibaldi,667.0,False,2.6617812245934145,4.707315782392735,684.3690970069861,276.31
Toulouse,Munich,TLS,MUC,961.0,105.0,277.6,172.60000000000002,43.6045,1.444,48.1375,11.575,Toulouse-Matabiau,München Hbf,680.0,False,2.6617812245934145,3.0560823139438047,695.7178635385371,277.6
Toulouse,Málaga,TLS,AGP,919.0,110.0,251.31,141.31,43.6045,1.444,36.7194,-4.42,,,,,,,,251.31
Toulouse,Naples,TLS,NAP,1107.0,120.0,259.69,139.69,43.6045,1.444,40.8333,14.25,,,,,,,,259.69
Toulouse,Nuremberg,,,,,,,,,,,Toulouse-Matabiau,Nürnberg Hbf,718.0,False,2.6617812245934145,2.407122595922898,733.0689038205163,733.0689038205163
Toulouse,Paris,TLS,ORY,571.0,80.0,230.87,150.87,43.6045,1.444,48.8567,2.3522,,,,,,,,230.87
Toulouse,Poznań,,,,,,,,,,,Toulouse-Matabiau,Poznan Glowny,1091.0,False,2.6617812245934145,4.065435329407926,1107.7272165540012,1107.7272165540012
Toulouse,Prague,,,,,,,,,,,Toulouse-Matabiau,Praha hl.n.,1270.0,False,2.6617812245934145,2.772415453338628,1285.434196677932,1285.434196677932
Toulouse,Rome,TLS,FCO,913.0,105.0,267.68,162.68,43.6045,1.444,41.8933,12.4828,Toulouse-Matabiau,Roma Tiburtina,1150.0,False,2.6617812245934145,10.76586299605856,1173.427644220652,267.68
Toulouse,Rotterdam,,,,,,,,,,,Toulouse-Matabiau,Rotterdam Centraal,522.0,False,2.6617812245934145,2.249226316777232,536.9110075413706,536.9110075413706
Toulouse,Sevilla,TLS,SVQ,923.0,110.0,252.58,142.58,43.6045,1.444,37.39,-5.99,,,,,,,,252.58
Toulouse,Stockholm,,,,,,,,,,,Toulouse-Matabiau,Stockholm Central,1655.0,False,2.6617812245934145,1.5022922376589065,1669.1640734622522,1669.1640734622522
Toulouse,Stuttgart,,,,,,,,,,,Toulouse-Matabiau,Stuttgart Hbf,524.0,False,2.6617812245934145,2.002376007570269,538.6641572321637,538.6641572321637
Toulouse,Tilburg,,,,,,,,,,,Toulouse-Matabiau,Tilburg,563.0,False,2.6617812245934145,2.8326204398011785,578.4944016643946,578.4944016643946
Toulouse,Turin,,,,,,,,,,,Toulouse-Matabiau,Torino Porta Susa,580.0,False,2.6617812245934145,2.8476007865249664,595.5093820111183,595.5093820111183
Toulouse,Valencia,TLS,VLC,484.0,75.0,217.45,142.45,43.6045,1.444,39.47,-0.3764,,,,,,,,217.45
Toulouse,Vienna,,,,,,,,,,,Toulouse-Matabiau,Wien Hbf,1020.0,False,2.6617812245934145,6.245212775155993,1038.9069939997494,1038.9069939997494
Toulouse,Warsaw,,,,,,,,,,,Toulouse-Matabiau,Warszawa Centralna,1365.0,False,2.6617812245934145,1.3212540896707794,1378.983035314264,1378.983035314264
Toulouse,Wrocław,,,,,,,,,,,Toulouse-Matabiau,Wroclaw Glowny,1246.0,False,2.6617812245934145,3.2731677390709937,1261.9349489636643,1261.9349489636643
Toulouse,Zagreb,,,,,,,,,,,Toulouse-Matabiau,Zagreb Glavni kolodvor,1335.0,False,2.6617812245934145,2.3224288673449607,1349.9842100919384,1349.9842100919384
Turin,Amsterdam,TRN,AMS,819.0,115.0,271.12,156.12,45.0792,7.6761,52.3728,4.8936,Torino Porta Susa,Amsterdam Centraal,849.0,False,2.8476007865249664,1.9520337879727412,863.7996345744976,271.12
Turin,Antwerp,,,,,,,,,,,Torino Porta Susa,Antwerpen Centraal,531.0,False,2.8476007865249664,3.5284359653773953,547.3760367519023,547.3760367519023
Turin,Barcelona,TRN,BCN,625.0,90.0,247.48,157.48,45.0792,7.6761,41.3828,2.1769,Torino Porta Susa,Barcelona Sants,707.0,True,2.8476007865249664,7.388093774297752,727.2356945608227,247.48
Turin,Berlin,,,,,,,,,,,Torino Porta Susa,Berlin Hbf,804.0,False,2.8476007865249664,5.947266480604848,822.7948672671298,822.7948672671298
Turin,Bordeaux,,,,,,,,,,,Torino Porta Susa,Bordeaux-St-Jean,518.0,False,2.8476007865249664,5.811588377462907,536.6591891639879,536.6591891639879
Turin,Bratislava,,,,,,,,,,,Torino Porta Susa,Bratislava hl.st.,769.0,False,2.8476007865249664,4.046858342350235,785.8944591288752,785.8944591288752
Turin,Bremen,,,,,,,,,,,Torino Porta Susa,Bremen Hbf,777.0,False,2.8476007865249664,2.309271364404068,792.156872150929,792.156872150929
Turin,Brussels,TRN,CRL,632.0,85.0,289.64,204.64,45.0792,7.6761,50.8467,4.3525,Torino Porta Susa,Bruxelles Midi,694.0,False,2.8476007865249664,4.14169289941754,710.9892936859425,289.64
Turin,Bucharest,TRN,OTP,1454.0,145.0,307.47,162.47000000000003,45.0792,7.6761,44.4325,26.1039,,,,,,,,307.47
Turin,Budapest,,,,,,,,,,,Torino Porta Susa,Budapest-Nyugati,879.0,False,2.8476007865249664,4.980157462200125,896.8277582487251,896.8277582487251
Turin,Copenhagen,TRN,CPH,1213.0,130.0,279.95,149.95,45.0792,7.6761,55.6761,12.5683,Torino Porta Susa,Koebenhavns Lufthavn st,1217.0,False,2.8476007865249664,17.4069941581493,1247.2545949446742,279.95
Turin,Dortmund,,,,,,,,,,,Torino Porta Susa,Dortmund Hbf,661.0,False,2.8476007865249664,1.460615015563283,675.3082158020882,675.3082158020882
Turin,Dresden,,,,,,,,,,,Torino Porta Susa,Dresden Hbf,865.0,False,2.8476007865249664,2.8510360388781235,880.698636825403,880.698636825403
Turin,Duisburg,,,,,,,,,,,Torino Porta Susa,Duisburg Hbf,625.0,False,2.8476007865249664,2.5870950877797454,640.4346958743047,640.4346958743047
Turin,Düsseldorf,,,,,,,,,,,Torino Porta Susa,Düsseldorf Hbf,612.0,False,2.8476007865249664,4.00763955017613,628.8552403367011,628.8552403367011
Turin,Essen,,,,,,,,,,,Torino Porta Susa,Essen Hbf,638.0,False,2.8476007865249664,0.31813865528361085,651.1657394418086,651.1657394418086
Turin,Frankfurt,TRN,FRA,544.0,80.0,234.64,154.64,45.0792,7.6761,50.1106,8.6822,Torino Porta Susa,Frankfurt(Main)Hbf,539.0,False,2.8476007865249664,3.4764728210122846,555.3240736075372,234.64
Turin,Genoa,,,,,,,,,,,Torino Porta Susa,Genova Piazza Principe,108.0,False,2.8476007865249664,2.6646692679586454,123.51227005448361,123.51227005448361
Turin,Hamburg,,,,,,,,,,,Torino Porta Susa,Hamburg Hbf,789.0,False,2.8476007865249664,1.316441566346405,803.1640423528713,803.1640423528713
Turin,Hannover,,,,,,,,,,,Torino Porta Susa,Hannover Hbf,705.0,False,2.8476007865249664,4.786629448184535,722.6342302347094,722.6342302347094
Turin,Kraków,TRN,KRK,1060.0,115.0,269.66,154.66000000000003,45.0792,7.6761,50.0614,19.9372,Torino Porta Susa,Krakow Glowny,1265.0,False,2.8476007865249664,2.336597225946072,1280.184198012471,269.66
Turin,Leipzig,,,,,,,,,,,Torino Porta Susa,Leipzig Hbf,764.0,False,2.8476007865249664,1.875769965295063,778.72337075182,778.72337075182
Turin,Ljubljana,,,,,,,,,,,Torino Porta Susa,Ljubljana,554.0,False,2.8476007865249664,2.321449509647903,569.1690502961728,569.1690502961728
Turin,Luxembourg,,,,,,,,,,,Torino Porta Susa,Luxembourg,589.0,False,2.8476007865249664,3.2276729444989756,605.0752737310239,605.0752737310239
Turin,Lyon,,,,,,,,,,,Torino Porta Susa,Lyon Part Dieu,232.0,False,2.8476007865249664,3.7248506527149634,248.57245143923993,248.57245143923993
Turin,Madrid,TRN,MAD,1053.0,138.0,298.57,160.57,45.0792,7.6761,40.4169,-3.7033,,,,,,,,298.57
Turin,Marseille,,,,,,,,,,,Torino Porta Susa,Marseille-St-Charles,403.0,False,2.8476007865249664,3.0494630085437278,418.89706379506873,418.89706379506873
Turin,Milan,,,,,,,,,,,Torino Porta Susa,Milano Porta Garibaldi,50.0,True,2.8476007865249664,4.707315782392735,67.5549165689177,67.5549165689177
Turin,Munich,TRN,MUC,472.0,70.0,252.29,182.29,45.0792,7.6761,48.1375,11.575,Torino Porta Susa,München Hbf,508.0,False,2.8476007865249664,3.0560823139438047,523.9036831004687,252.29
Turin,Málaga,TRN,AGP,1389.0,150.0,301.0,151.0,45.0792,7.6761,36.7194,-4.42,,,,,,,,301.0
Turin,Naples,TRN,NAP,722.0,90.0,239.38,149.38,45.0792,7.6761,40.8333,14.25,,,,,,,,239.38
Turin,Nuremberg,,,,,,,,,,,Torino Porta Susa,Nürnberg Hbf,617.0,False,2.8476007865249664,2.407122595922898,632.2547233824479,632.2547233824479
Turin,Paris,TRN,ORY,562.0,85.0,245.56,160.56,45.0792,7.6761,48.8567,2.3522,Torino Porta Susa,Paris Gare de Lyon,333.0,True,2.8476007865249664,4.976732490936343,350.82433327746134,245.56
Turin,Poznań,,,,,,,,,,,Torino Porta Susa,Poznan Glowny,1173.0,False,2.8476007865249664,4.065435329407926,1189.9130361159328,1189.9130361159328
Turin,Prague,TRN,PRG,738.0,90.0,245.97,155.97,45.0792,7.6761,50.0875,14.4214,Torino Porta Susa,Praha hl.n.,1019.0,False,2.8476007865249664,2.772415453338628,1034.6200162398636,245.97
Turin,Rome,TRN,FCO,530.0,75.0,247.37,172.37,45.0792,7.6761,41.8933,12.4828,Torino Porta Susa,Roma Tiburtina,270.0,False,2.8476007865249664,10.76586299605856,293.61346378258355,247.37
Turin,Rotterdam,,,,,,,,,,,Torino Porta Susa,Rotterdam Centraal,566.0,False,2.8476007865249664,2.249226316777232,581.0968271033022,581.0968271033022
Turin,Sevilla,TRN,SVQ,1421.0,150.0,302.27,152.26999999999998,45.0792,7.6761,37.39,-5.99,,,,,,,,302.27
Turin,Stockholm,TRN,ARN,1749.0,165.0,358.83,193.82999999999998,45.0792,7.6761,59.3294,18.0686,,,,,,,,358.83
Turin,Stuttgart,,,,,,,,,,,Torino Porta Susa,Stuttgart Hbf,452.0,False,2.8476007865249664,2.002376007570269,466.84997679409526,466.84997679409526
Turin,Tilburg,,,,,,,,,,,Torino Porta Susa,Tilburg,876.0,False,2.8476007865249664,2.8326204398011785,891.6802212263261,891.6802212263261
Turin,Toulouse,,,,,,,,,,,Torino Porta Susa,Toulouse-Matabiau,549.0,False,2.8476007865249664,2.6617812245934145,564.5093820111183,564.5093820111183
Turin,Valencia,TRN,VLC,920.0,110.0,262.14,152.14,45.0792,7.6761,39.47,-0.3764,,,,,,,,262.14
Turin,Vienna,,,,,,,,,,,Torino Porta Susa,Wien Hbf,657.0,False,2.8476007865249664,6.245212775155993,676.0928135616809,676.0928135616809
Turin,Vilnius,TRN,VNO,1637.0,155.0,301.48,146.48000000000002,45.0792,7.6761,54.6872,25.28,,,,,,,,301.48
Turin,Warsaw,TRN,WAW,1248.0,130.0,279.71,149.70999999999998,45.0792,7.6761,52.23,21.0111,Torino Porta Susa,Warszawa Centralna,1310.0,False,2.8476007865249664,1.3212540896707794,1324.1688548761956,279.71
Turin,Wrocław,,,,,,,,,,,Torino Porta Susa,Wroclaw Glowny,1211.0,False,2.8476007865249664,3.2731677390709937,1227.1207685255958,1227.1207685255958
Turin,Zagreb,,,,,,,,,,,Torino Porta Susa,Zagreb Glavni kolodvor,800.0,False,2.8476007865249664,2.3224288673449607,815.1700296538698,815.1700296538698
Valencia,Amsterdam,VLC,AMS,1480.0,160.0,310.02,150.01999999999998,39.47,-0.3764,52.3728,4.8936,,,,,,,,310.02
Valencia,Athens,VLC,ATH,2124.0,180.0,342.82,162.82,39.47,-0.3764,37.9842,23.7281,,,,,,,,342.82
Valencia,Barcelona,VLC,BCN,295.0,65.0,216.37,151.37,39.47,-0.3764,41.3828,2.1769,,,,,,,,216.37
Valencia,Berlin,VLC,BER,1788.0,175.0,335.47,160.47000000000003,39.47,-0.3764,52.52,13.405,,,,,,,,335.47
Valencia,Bordeaux,VLC,BOD,593.0,85.0,232.54,147.54,39.47,-0.3764,44.84,-0.58,,,,,,,,232.54
Valencia,Brussels,VLC,BRU,1325.0,145.0,294.18,149.18,39.47,-0.3764,50.8467,4.3525,,,,,,,,294.18
Valencia,Bucharest,VLC,OTP,2258.0,210.0,366.36,156.36,39.47,-0.3764,44.4325,26.1039,,,,,,,,366.36
Valencia,Budapest,VLC,BUD,1817.0,170.0,328.71,158.70999999999998,39.47,-0.3764,47.4925,19.0514,,,,,,,,328.71
Valencia,Cologne,VLC,CGN,1397.0,155.0,308.29,153.29000000000002,39.47,-0.3764,50.9364,6.9528,,,,,,,,308.29
Valencia,Copenhagen,VLC,CPH,2040.0,185.0,328.84,143.83999999999997,39.47,-0.3764,55.6761,12.5683,,,,,,,,328.84
Valencia,Düsseldorf,VLC,DUS,1425.0,145.0,285.75,140.75,39.47,-0.3764,51.2333,6.7833,,,,,,,,285.75
Valencia,Frankfurt,VLC,FRA,1372.0,150.0,298.53,148.52999999999997,39.47,-0.3764,50.1106,8.6822,,,,,,,,298.53
Valencia,Hamburg,VLC,HAM,1760.0,170.0,316.59,146.58999999999997,39.47,-0.3764,53.55,10.0,,,,,,,,316.59
Valencia,Kraków,VLC,KRK,1978.0,185.0,333.55,148.55,39.47,-0.3764,50.0614,19.9372,,,,,,,,333.55
Valencia,Lisbon,VLC,LIS,752.0,100.0,241.0,141.0,39.47,-0.3764,38.7253,-9.15,,,,,,,,241.0
Valencia,Luxembourg,VLC,LUX,1244.0,165.0,307.01,142.01,39.47,-0.3764,49.6117,6.1319,,,,,,,,307.01
Valencia,Lyon,VLC,LYS,828.0,105.0,266.72,161.72000000000003,39.47,-0.3764,45.76,4.84,,,,,,,,266.72
Valencia,Madrid,VLC,MAD,286.0,55.0,209.47,154.47,39.47,-0.3764,40.4169,-3.7033,,,,,,,,209.47
Valencia,Marseille,VLC,MRS,646.0,85.0,248.17,163.17,39.47,-0.3764,43.2964,5.37,,,,,,,,248.17
Valencia,Milan,VLC,MXP,1015.0,120.0,314.9,194.89999999999998,39.47,-0.3764,45.4669,9.19,,,,,,,,314.9
Valencia,Munich,VLC,MUC,1389.0,150.0,326.18,176.18,39.47,-0.3764,48.1375,11.575,,,,,,,,326.18
Valencia,Málaga,VLC,AGP,470.0,75.0,219.89,144.89,39.47,-0.3764,36.7194,-4.42,,,,,,,,219.89
Valencia,Naples,VLC,NAP,1265.0,130.0,273.27,143.26999999999998,39.47,-0.3764,40.8333,14.25,,,,,,,,273.27
Valencia,Nuremberg,VLC,NUE,1438.0,145.0,284.73,139.73000000000002,39.47,-0.3764,49.4539,11.0775,,,,,,,,284.73
Valencia,Paris,VLC,ORY,1050.0,125.0,279.45,154.45,39.47,-0.3764,48.8567,2.3522,,,,,,,,279.45
Valencia,Prague,VLC,PRG,1652.0,160.0,309.86,149.86,39.47,-0.3764,50.0875,14.4214,,,,,,,,309.86
Valencia,Riga,VLC,RIX,2628.0,230.0,375.37,145.37,39.47,-0.3764,56.9489,24.1064,,,,,,,,375.37
Valencia,Rome,VLC,FCO,1105.0,120.0,286.26,166.26,39.47,-0.3764,41.8933,12.4828,,,,,,,,286.26
Valencia,Rotterdam,VLC,RTM,1435.0,145.0,284.8,139.8,39.47,-0.3764,51.92,4.48,,,,,,,,284.8
Valencia,Sevilla,VLC,SVQ,526.0,75.0,221.17,146.17,39.47,-0.3764,37.39,-5.99,,,,,,,,221.17
Valencia,Sofia,VLC,SOF,2031.0,185.0,328.55,143.55,39.47,-0.3764,42.7,23.33,,,,,,,,328.55
Valencia,Stockholm,VLC,ARN,2587.0,235.0,422.73,187.73000000000002,39.47,-0.3764,59.3294,18.0686,,,,,,,,422.73
Valencia,Stuttgart,VLC,STR,1280.0,145.0,292.56,147.56,39.47,-0.3764,48.7775,9.18,,,,,,,,292.56
Valencia,Tilburg,VLC,EIN,1405.0,150.0,318.53,168.52999999999997,39.47,-0.3764,51.55,5.0833,,,,,,,,318.53
Valencia,Toulouse,VLC,TLS,484.0,75.0,217.45,142.45,39.47,-0.3764,43.6045,1.444,,,,,,,,217.45
Valencia,Turin,VLC,TRN,920.0,110.0,262.14,152.14,39.47,-0.3764,45.0792,7.6761,,,,,,,,262.14
Valencia,Vienna,VLC,VIE,1666.0,160.0,318.9,158.89999999999998,39.47,-0.3764,48.2083,16.3725,,,,,,,,318.9
Valencia,Vilnius,VLC,VNO,2555.0,220.0,360.37,140.37,39.47,-0.3764,54.6872,25.28,,,,,,,,360.37
Valencia,Warsaw,VLC,WAW,2167.0,205.0,348.6,143.60000000000002,39.47,-0.3764,52.23,21.0111,,,,,,,,348.6
Vienna,Amsterdam,VIE,AMS,960.0,115.0,277.89,162.89,48.2083,16.3725,52.3728,4.8936,Wien Hbf,Amsterdam Centraal,712.0,False,6.245212775155993,1.9520337879727412,730.1972465631287,277.89
Vienna,Antwerp,,,,,,,,,,,Wien Hbf,Antwerpen Centraal,653.0,False,6.245212775155993,3.5284359653773953,672.7736487405334,672.7736487405334
Vienna,Athens,VIE,ATH,1279.0,130.0,305.7,175.7,48.2083,16.3725,37.9842,23.7281,,,,,,,,305.7
Vienna,Barcelona,VIE,BCN,1371.0,145.0,309.24,164.24,48.2083,16.3725,41.3828,2.1769,Wien Hbf,Barcelona Sants,1195.0,False,6.245212775155993,7.388093774297752,1218.6333065494537,309.24
Vienna,Berlin,VIE,BER,520.0,75.0,248.35,173.35,48.2083,16.3725,52.52,13.405,Wien Hbf,Berlin Hbf,429.0,False,6.245212775155993,5.947266480604848,451.1924792557609,248.35
Vienna,Bordeaux,,,,,,,,,,,Wien Hbf,Bordeaux-St-Jean,1246.0,False,6.245212775155993,5.811588377462907,1268.0568011526188,1268.0568011526188
Vienna,Bratislava,,,,,,,,,,,Wien Hbf,Bratislava hl.st.,56.0,False,6.245212775155993,4.046858342350235,76.29207111750623,76.29207111750623
Vienna,Bremen,VIE,BRE,776.0,95.0,245.28,150.28,48.2083,16.3725,53.0758,8.8072,Wien Hbf,Bremen Hbf,514.0,False,6.245212775155993,2.309271364404068,532.55448413956,245.28
Vienna,Brussels,VIE,BRU,926.0,105.0,267.05,162.05,48.2083,16.3725,50.8467,4.3525,Wien Hbf,Bruxelles Midi,622.0,False,6.245212775155993,4.14169289941754,642.3869056745735,267.05
Vienna,Bucharest,VIE,OTP,830.0,95.0,264.23,169.23000000000002,48.2083,16.3725,44.4325,26.1039,,,,,,,,264.23
Vienna,Budapest,VIE,BUD,216.0,55.0,226.58,171.58,48.2083,16.3725,47.4925,19.0514,Wien Hbf,Budapest-Nyugati,187.0,False,6.245212775155993,4.980157462200125,208.22537023735612,208.22537023735612
Vienna,Cologne,VIE,CGN,748.0,95.0,261.17,166.17000000000002,48.2083,16.3725,50.9364,6.9528,,,,,,,,261.17
Vienna,Copenhagen,VIE,CPH,877.0,105.0,261.72,156.72000000000003,48.2083,16.3725,55.6761,12.5683,Wien Hbf,Koebenhavns Lufthavn st,910.0,False,6.245212775155993,17.4069941581493,943.6522069333053,261.72
Vienna,Dortmund,,,,,,,,,,,Wien Hbf,Dortmund Hbf,546.0,False,6.245212775155993,1.460615015563283,563.7058277907192,563.7058277907192
Vienna,Dresden,,,,,,,,,,,Wien Hbf,Dresden Hbf,400.0,False,6.245212775155993,2.8510360388781235,419.09624881403414,419.09624881403414
Vienna,Duisburg,,,,,,,,,,,Wien Hbf,Duisburg Hbf,512.0,False,6.245212775155993,2.5870950877797454,530.8323078629357,530.8323078629357
Vienna,Düsseldorf,VIE,DUS,788.0,95.0,248.62,153.62,48.2083,16.3725,51.2333,6.7833,Wien Hbf,Düsseldorf Hbf,499.0,False,6.245212775155993,4.00763955017613,519.2528523253321,248.62
Vienna,Essen,,,,,,,,,,,Wien Hbf,Essen Hbf,525.0,False,6.245212775155993,0.31813865528361085,541.5633514304396,541.5633514304396
Vienna,Frankfurt,VIE,FRA,621.0,90.0,251.4,161.4,48.2083,16.3725,50.1106,8.6822,Wien Hbf,Frankfurt(Main)Hbf,384.0,False,6.245212775155993,3.4764728210122846,403.7216855961683,251.4
Vienna,Genoa,,,,,,,,,,,Wien Hbf,Genova Piazza Principe,732.0,False,6.245212775155993,2.6646692679586454,750.9098820431146,750.9098820431146
Vienna,Gothenburg,VIE,GOT,1100.0,115.0,290.86,175.86,48.2083,16.3725,57.7075,11.9675,,,,,,,,290.86
Vienna,Hamburg,VIE,HAM,766.0,95.0,254.46,159.46,48.2083,16.3725,53.55,10.0,Wien Hbf,Hamburg Hbf,524.0,False,6.245212775155993,1.316441566346405,541.5616543415024,254.46
Vienna,Hannover,VIE,HAJ,686.0,90.0,251.49,161.49,48.2083,16.3725,52.3667,9.7167,Wien Hbf,Hannover Hbf,439.0,False,6.245212775155993,4.786629448184535,460.03184222334056,251.49
Vienna,Helsinki,VIE,HEL,1461.0,145.0,315.55,170.55,48.2083,16.3725,60.1708,24.9375,,,,,,,,315.55
Vienna,Kraków,VIE,KRK,320.0,65.0,226.43,161.43,48.2083,16.3725,50.0614,19.9372,Wien Hbf,Krakow Glowny,320.0,False,6.245212775155993,2.336597225946072,338.5818100011021,226.43
Vienna,Leipzig,VIE,LEJ,482.0,95.0,261.76,166.76,48.2083,16.3725,51.34,12.375,Wien Hbf,Leipzig Hbf,378.0,False,6.245212775155993,1.875769965295063,396.12098274045104,261.76
Vienna,Lisbon,VIE,LIS,2309.0,220.0,373.87,153.87,48.2083,16.3725,38.7253,-9.15,,,,,,,,373.87
Vienna,Ljubljana,,,,,,,,,,,Wien Hbf,Ljubljana,316.0,False,6.245212775155993,2.321449509647903,334.5666622848039,334.5666622848039
Vienna,Luxembourg,VIE,LUX,777.0,105.0,259.88,154.88,48.2083,16.3725,49.6117,6.1319,Wien Hbf,Luxembourg,637.0,False,6.245212775155993,3.2276729444989756,656.472885719655,259.88
Vienna,Lyon,VIE,LYS,913.0,110.0,284.59,174.58999999999997,48.2083,16.3725,45.76,4.84,Wien Hbf,Lyon Part Dieu,991.0,False,6.245212775155993,3.7248506527149634,1010.970063427871,284.59
Vienna,Madrid,VIE,MAD,1808.0,190.0,357.34,167.33999999999997,48.2083,16.3725,40.4169,-3.7033,,,,,,,,357.34
Vienna,Marseille,VIE,MRS,1022.0,120.0,296.04,176.04000000000002,48.2083,16.3725,43.2964,5.37,Wien Hbf,Marseille-St-Charles,1236.0,False,6.245212775155993,3.0494630085437278,1255.2946757836996,296.04
Vienna,Milan,VIE,MXP,659.0,85.0,292.77,207.76999999999998,48.2083,16.3725,45.4669,9.19,,,,,,,,292.77
Vienna,Munich,VIE,MUC,355.0,60.0,249.05,189.05,48.2083,16.3725,48.1375,11.575,Wien Hbf,München Hbf,253.0,False,6.245212775155993,3.0560823139438047,272.3012950890998,249.05
Vienna,Málaga,VIE,AGP,2137.0,205.0,362.77,157.76999999999998,48.2083,16.3725,36.7194,-4.42,,,,,,,,362.77
Vienna,Naples,VIE,NAP,823.0,95.0,251.15,156.15,48.2083,16.3725,40.8333,14.25,,,,,,,,251.15
Vienna,Nuremberg,,,,,,,,,,,Wien Hbf,Nürnberg Hbf,252.0,False,6.245212775155993,2.407122595922898,270.6523353710789,270.6523353710789
Vienna,Paris,VIE,ORY,1051.0,130.0,297.32,167.32,48.2083,16.3725,48.8567,2.3522,,,,,,,,297.32
Vienna,Poznań,,,,,,,,,,,Wien Hbf,Poznan Glowny,434.0,False,6.245212775155993,4.065435329407926,454.31064810456394,454.31064810456394
Vienna,Prague,VIE,PRG,277.0,50.0,212.74,162.74,48.2083,16.3725,50.0875,14.4214,Wien Hbf,Praha hl.n.,253.0,False,6.245212775155993,2.772415453338628,272.01762822849463,212.74
Vienna,Riga,VIE,RIX,1099.0,125.0,283.25,158.25,48.2083,16.3725,56.9489,24.1064,,,,,,,,283.25
Vienna,Rome,VIE,FCO,780.0,100.0,279.13,179.13,48.2083,16.3725,41.8933,12.4828,Wien Hbf,Roma Tiburtina,691.0,False,6.245212775155993,10.76586299605856,718.0110757712146,279.13
Vienna,Rotterdam,,,,,,,,,,,Wien Hbf,Rotterdam Centraal,691.0,False,6.245212775155993,2.249226316777232,709.4944390919333,709.4944390919333
Vienna,Sevilla,VIE,SVQ,2176.0,205.0,364.04,159.04000000000002,48.2083,16.3725,37.39,-5.99,,,,,,,,364.04
Vienna,Sofia,VIE,SOF,806.0,90.0,246.42,156.42,48.2083,16.3725,42.7,23.33,,,,,,,,246.42
Vienna,Stockholm,VIE,ARN,1286.0,135.0,335.6,200.60000000000002,48.2083,16.3725,59.3294,18.0686,Wien Hbf,Stockholm Central,1303.0,False,6.245212775155993,1.5022922376589065,1320.7475050128148,335.6
Vienna,Stuttgart,VIE,STR,549.0,75.0,235.44,160.44,48.2083,16.3725,48.7775,9.18,Wien Hbf,Stuttgart Hbf,391.0,False,6.245212775155993,2.002376007570269,409.24758878272627,235.44
Vienna,Tallinn,VIE,TLL,1367.0,145.0,296.57,151.57,48.2083,16.3725,59.4372,24.7453,,,,,,,,296.57
Vienna,Tilburg,VIE,EIN,884.0,115.0,296.41,181.41000000000003,48.2083,16.3725,51.55,5.0833,Wien Hbf,Tilburg,652.0,False,6.245212775155993,2.8326204398011785,671.0778332149572,296.41
Vienna,Toulouse,,,,,,,,,,,Wien Hbf,Toulouse-Matabiau,1160.0,False,6.245212775155993,2.6617812245934145,1178.9069939997494,1178.9069939997494
Vienna,Turin,,,,,,,,,,,Wien Hbf,Torino Porta Susa,676.0,False,6.245212775155993,2.8476007865249664,695.0928135616809,695.0928135616809
Vienna,Valencia,VIE,VLC,1666.0,160.0,318.9,158.89999999999998,48.2083,16.3725,39.47,-0.3764,,,,,,,,318.9
Vienna,Vilnius,VIE,VNO,944.0,105.0,258.25,153.25,48.2083,16.3725,54.6872,25.28,,,,,,,,258.25
Vienna,Warsaw,VIE,WAW,549.0,75.0,231.48,156.48,48.2083,16.3725,52.23,21.0111,Wien Hbf,Warszawa Centralna,474.0,False,6.245212775155993,1.3212540896707794,491.5664668648268,231.48
Vienna,Wrocław,,,,,,,,,,,Wien Hbf,Wroclaw Glowny,316.0,False,6.245212775155993,3.2731677390709937,335.518380514227,335.518380514227
Vienna,Zagreb,VIE,ZAG,268.0,50.0,212.41,162.41,48.2083,16.3725,45.8131,15.9775,Wien Hbf,Zagreb Glavni kolodvor,421.0,False,6.245212775155993,2.3224288673449607,439.567641642501,212.41
Vilnius,Amsterdam,VNO,AMS,1381.0,150.0,294.36,144.36,54.6872,25.28,52.3728,4.8936,,,,,,,,294.36
Vilnius,Athens,VNO,ATH,1859.0,170.0,327.17,157.17000000000002,54.6872,25.28,37.9842,23.7281,,,,,,,,327.17
Vilnius,Barcelona,VNO,BCN,2261.0,215.0,360.71,145.70999999999998,54.6872,25.28,41.3828,2.1769,,,,,,,,360.71
Vilnius,Berlin,VNO,BER,820.0,100.0,254.82,154.82,54.6872,25.28,52.52,13.405,,,,,,,,254.82
Vilnius,Brussels,VNO,BRU,1457.0,150.0,293.52,143.51999999999998,54.6872,25.28,50.8467,4.3525,,,,,,,,293.52
Vilnius,Copenhagen,VNO,CPH,811.0,90.0,228.19,138.19,54.6872,25.28,55.6761,12.5683,,,,,,,,228.19
Vilnius,Dortmund,VNO,DTM,1230.0,135.0,277.71,142.70999999999998,54.6872,25.28,51.5139,7.4653,,,,,,,,277.71
Vilnius,Düsseldorf,VNO,DUS,1294.0,135.0,270.09,135.08999999999997,54.6872,25.28,51.2333,6.7833,,,,,,,,270.09
Vilnius,Frankfurt,VNO,FRA,1243.0,140.0,282.87,142.87,54.6872,25.28,50.1106,8.6822,,,,,,,,282.87
Vilnius,Hamburg,VNO,HAM,1002.0,125.0,265.93,140.93,54.6872,25.28,53.55,10.0,,,,,,,,265.93
Vilnius,Helsinki,VNO,HEL,632.0,105.0,257.02,152.01999999999998,54.6872,25.28,60.1708,24.9375,,,,,,,,257.02
Vilnius,Kraków,VNO,KRK,630.0,80.0,222.9,142.9,54.6872,25.28,50.0614,19.9372,,,,,,,,222.9
Vilnius,Lisbon,VNO,LIS,3119.0,285.0,420.34,135.33999999999997,54.6872,25.28,38.7253,-9.15,,,,,,,,420.34
Vilnius,Milan,VNO,BGY,1489.0,150.0,345.36,195.36,54.6872,25.28,45.4669,9.19,,,,,,,,345.36
Vilnius,Munich,VNO,MUC,1166.0,125.0,295.52,170.51999999999998,54.6872,25.28,48.1375,11.575,,,,,,,,295.52
Vilnius,Málaga,VNO,AGP,3020.0,280.0,419.24,139.24,54.6872,25.28,36.7194,-4.42,,,,,,,,419.24
Vilnius,Nuremberg,VNO,NUE,1126.0,125.0,259.08,134.07999999999998,54.6872,25.28,49.4539,11.0775,,,,,,,,259.08
Vilnius,Paris,VNO,CDG,1677.0,175.0,336.29,161.29000000000002,54.6872,25.28,48.8567,2.3522,,,,,,,,336.29
Vilnius,Prague,VNO,PRG,902.0,105.0,249.21,144.21,54.6872,25.28,50.0875,14.4214,,,,,,,,249.21
Vilnius,Riga,VNO,RIX,266.0,50.0,189.72,139.72,54.6872,25.28,56.9489,24.1064,,,,,,,,189.72
Vilnius,Rome,VNO,CIA,1705.0,170.0,318.04,148.04000000000002,54.6872,25.28,41.8933,12.4828,,,,,,,,318.04
Vilnius,Stockholm,VNO,ARN,712.0,85.0,267.07,182.07,54.6872,25.28,59.3294,18.0686,,,,,,,,267.07
Vilnius,Tallinn,VNO,TLL,532.0,70.0,203.04,133.04,54.6872,25.28,59.4372,24.7453,,,,,,,,203.04
Vilnius,Tilburg,VNO,EIN,1374.0,145.0,307.88,162.88,54.6872,25.28,51.55,5.0833,,,,,,,,307.88
Vilnius,Turin,VNO,TRN,1637.0,170.0,316.48,146.48000000000002,54.6872,25.28,45.0792,7.6761,,,,,,,,316.48
Vilnius,Valencia,VNO,VLC,2555.0,230.0,370.37,140.37,54.6872,25.28,39.47,-0.3764,,,,,,,,370.37
Vilnius,Vienna,VNO,VIE,944.0,110.0,263.25,153.25,54.6872,25.28,48.2083,16.3725,,,,,,,,263.25
Vilnius,Warsaw,VNO,WAW,397.0,65.0,202.95,137.95,54.6872,25.28,52.23,21.0111,,,,,,,,202.95
Warsaw,Amsterdam,WAW,AMS,1105.0,135.0,282.59,147.58999999999997,52.23,21.0111,52.3728,4.8936,Warszawa Centralna,Amsterdam Centraal,749.0,False,1.3212540896707794,1.9520337879727412,762.2732878776435,282.59
Warsaw,Antwerp,,,,,,,,,,,Warszawa Centralna,Antwerpen Centraal,786.0,False,1.3212540896707794,3.5284359653773953,800.8496900550482,800.8496900550482
Warsaw,Athens,WAW,ATH,1598.0,160.0,320.39,160.39,52.23,21.0111,37.9842,23.7281,,,,,,,,320.39
Warsaw,Barcelona,WAW,BCN,1872.0,190.0,338.94,148.94,52.23,21.0111,41.3828,2.1769,Warszawa Centralna,Barcelona Sants,1583.0,False,1.3212540896707794,7.388093774297752,1601.7093478639683,338.94
Warsaw,Berlin,WAW,BER,510.0,80.0,238.05,158.05,52.23,21.0111,52.52,13.405,Warszawa Centralna,Berlin Hbf,316.0,False,1.3212540896707794,5.947266480604848,333.26852057027565,238.05
Warsaw,Bordeaux,,,,,,,,,,,Warszawa Centralna,Bordeaux-St-Jean,1091.0,False,1.3212540896707794,5.811588377462907,1108.1328424671335,1108.1328424671335
Warsaw,Bratislava,,,,,,,,,,,Warszawa Centralna,Bratislava hl.st.,478.0,False,1.3212540896707794,4.046858342350235,493.368112432021,493.368112432021
Warsaw,Bremen,,,,,,,,,,,Warszawa Centralna,Bremen Hbf,530.0,False,1.3212540896707794,2.309271364404068,543.6305254540748,543.6305254540748
Warsaw,Brussels,WAW,BRU,1150.0,135.0,281.75,146.75,52.23,21.0111,50.8467,4.3525,Warszawa Centralna,Bruxelles Midi,755.0,False,1.3212540896707794,4.14169289941754,770.4629469890883,281.75
Warsaw,Bucharest,WAW,OTP,925.0,110.0,263.93,153.93,52.23,21.0111,44.4325,26.1039,,,,,,,,263.93
Warsaw,Budapest,WAW,BUD,541.0,80.0,236.28,156.28,52.23,21.0111,47.4925,19.0514,Warszawa Centralna,Budapest-Nyugati,636.0,False,1.3212540896707794,4.980157462200125,652.301411551871,236.28
Warsaw,Cologne,,,,,,,,,,,Warszawa Centralna,Köln Messe/Deutz,626.0,False,1.3212540896707794,3.9197525107529603,641.2410066004237,641.2410066004237
Warsaw,Copenhagen,WAW,CPH,668.0,95.0,236.42,141.42,52.23,21.0111,55.6761,12.5683,Warszawa Centralna,Koebenhavns Lufthavn st,863.0,False,1.3212540896707794,17.4069941581493,891.72824824782,236.42
Warsaw,Dortmund,,,,,,,,,,,Warszawa Centralna,Dortmund Hbf,551.0,False,1.3212540896707794,1.460615015563283,563.781869105234,563.781869105234
Warsaw,Dresden,,,,,,,,,,,Warszawa Centralna,Dresden Hbf,447.0,False,1.3212540896707794,2.8510360388781235,461.1722901285489,461.1722901285489
Warsaw,Duisburg,,,,,,,,,,,Warszawa Centralna,Duisburg Hbf,591.0,False,1.3212540896707794,2.5870950877797454,604.9083491774505,604.9083491774505
Warsaw,Düsseldorf,WAW,DUS,985.0,120.0,258.32,138.32,52.23,21.0111,51.2333,6.7833,Warszawa Centralna,Düsseldorf Hbf,610.0,False,1.3212540896707794,4.00763955017613,625.3288936398469,258.32
Warsaw,Essen,,,,,,,,,,,Warszawa Centralna,Essen Hbf,577.0,False,1.3212540896707794,0.31813865528361085,588.6393927449544,588.6393927449544
Warsaw,Frankfurt,WAW,FRA,898.0,120.0,266.1,146.10000000000002,52.23,21.0111,50.1106,8.6822,Warszawa Centralna,Frankfurt(Main)Hbf,584.0,False,1.3212540896707794,3.4764728210122846,598.7977269106831,266.1
Warsaw,Genoa,,,,,,,,,,,Warszawa Centralna,Genova Piazza Principe,1299.0,False,1.3212540896707794,2.6646692679586454,1312.9859233576294,1312.9859233576294
Warsaw,Gothenburg,WAW,GOT,825.0,105.0,265.56,160.56,52.23,21.0111,57.7075,11.9675,,,,,,,,265.56
Warsaw,Hamburg,WAW,HAM,754.0,100.0,244.16,144.16,52.23,21.0111,53.55,10.0,Warszawa Centralna,Hamburg Hbf,481.0,False,1.3212540896707794,1.316441566346405,493.6376956560172,244.16
Warsaw,Hannover,,,,,,,,,,,Warszawa Centralna,Hannover Hbf,440.0,False,1.3212540896707794,4.786629448184535,456.10788353785534,456.10788353785534
Warsaw,Helsinki,WAW,HEL,939.0,100.0,255.25,155.25,52.23,21.0111,60.1708,24.9375,,,,,,,,255.25
Warsaw,Kraków,WAW,KRK,247.0,55.0,201.12,146.12,52.23,21.0111,50.0614,19.9372,Warszawa Centralna,Krakow Glowny,152.0,False,1.3212540896707794,2.336597225946072,165.65785131561685,165.65785131561685
Warsaw,Leipzig,,,,,,,,,,,Warszawa Centralna,Leipzig Hbf,406.0,False,1.3212540896707794,1.875769965295063,419.1970240549658,419.1970240549658
Warsaw,Lisbon,WAW,LIS,2754.0,265.0,403.57,138.57,52.23,21.0111,38.7253,-9.15,,,,,,,,403.57
Warsaw,Ljubljana,WAW,LJU,812.0,100.0,261.12,161.12,52.23,21.0111,46.0514,14.5061,Warszawa Centralna,Ljubljana,964.0,False,1.3212540896707794,2.321449509647903,977.6427035993187,261.12
Warsaw,Luxembourg,WAW,LUX,1074.0,125.0,264.58,139.57999999999998,52.23,21.0111,49.6117,6.1319,Warszawa Centralna,Luxembourg,825.0,False,1.3212540896707794,3.2276729444989756,839.5489270341698,264.58
Warsaw,Lyon,WAW,LYS,1362.0,140.0,299.29,159.29000000000002,52.23,21.0111,45.76,4.84,Warszawa Centralna,Lyon Part Dieu,1013.0,False,1.3212540896707794,3.7248506527149634,1028.0461047423858,299.29
Warsaw,Madrid,WAW,MAD,2274.0,235.0,387.04,152.04000000000002,52.23,21.0111,40.4169,-3.7033,,,,,,,,387.04
Warsaw,Marseille,,,,,,,,,,,Warszawa Centralna,Marseille-St-Charles,1259.0,False,1.3212540896707794,3.0494630085437278,1273.3707170982143,1273.3707170982143
Warsaw,Milan,WAW,MXP,1153.0,135.0,327.47,192.47000000000003,52.23,21.0111,45.4669,9.19,Warszawa Centralna,Milano Porta Garibaldi,1221.0,False,1.3212540896707794,4.707315782392735,1237.0285698720634,327.47
Warsaw,Munich,WAW,MUC,779.0,100.0,273.75,173.75,52.23,21.0111,48.1375,11.575,Warszawa Centralna,München Hbf,575.0,False,1.3212540896707794,3.0560823139438047,589.3773364036145,273.75
Warsaw,Málaga,WAW,AGP,2635.0,250.0,392.46,142.45999999999998,52.23,21.0111,36.7194,-4.42,,,,,,,,392.46
Warsaw,Naples,WAW,NAP,1353.0,145.0,285.84,140.83999999999997,52.23,21.0111,40.8333,14.25,,,,,,,,285.84
Warsaw,Nuremberg,,,,,,,,,,,Warszawa Centralna,Nürnberg Hbf,502.0,False,1.3212540896707794,2.407122595922898,515.7283766855937,515.7283766855937
Warsaw,Paris,WAW,ORY,1372.0,160.0,312.02,152.01999999999998,52.23,21.0111,48.8567,2.3522,,,,,,,,312.02
Warsaw,Poznań,WAW,POZ,284.0,60.0,201.29,141.29,52.23,21.0111,52.4083,16.9336,Warszawa Centralna,Poznan Glowny,144.0,False,1.3212540896707794,4.065435329407926,159.38668941907872,159.38668941907872
Warsaw,Prague,WAW,PRG,522.0,80.0,227.44,147.44,52.23,21.0111,50.0875,14.4214,Warszawa Centralna,Praha hl.n.,486.0,False,1.3212540896707794,2.772415453338628,500.0936695430094,227.44
Warsaw,Riga,WAW,RIX,563.0,85.0,227.95,142.95,52.23,21.0111,56.9489,24.1064,,,,,,,,227.95
Warsaw,Rome,WAW,FCO,1328.0,150.0,313.83,163.82999999999998,52.23,21.0111,41.8933,12.4828,Warszawa Centralna,Roma Tiburtina,1270.0,False,1.3212540896707794,10.76586299605856,1292.0871170857292,313.83
Warsaw,Rotterdam,,,,,,,,,,,Warszawa Centralna,Rotterdam Centraal,760.0,False,1.3212540896707794,2.249226316777232,773.570480406448,773.570480406448
Warsaw,Sevilla,WAW,SVQ,2658.0,250.0,393.74,143.74,52.23,21.0111,37.39,-5.99,,,,,,,,393.74
Warsaw,Sofia,WAW,SOF,1070.0,120.0,261.12,141.12,52.23,21.0111,42.7,23.33,,,,,,,,261.12
Warsaw,Stockholm,WAW,ARN,853.0,110.0,295.3,185.3,52.23,21.0111,59.3294,18.0686,Warszawa Centralna,Stockholm Central,1428.0,False,1.3212540896707794,1.5022922376589065,1440.8235463273295,295.3
Warsaw,Stuttgart,WAW,STR,920.0,115.0,260.14,145.14,52.23,21.0111,48.7775,9.18,Warszawa Centralna,Stuttgart Hbf,653.0,False,1.3212540896707794,2.002376007570269,666.3236300972411,260.14
Warsaw,Tallinn,WAW,TLL,841.0,105.0,241.27,136.27,52.23,21.0111,59.4372,24.7453,,,,,,,,241.27
Warsaw,Tilburg,WAW,EIN,1075.0,125.0,291.11,166.11,52.23,21.0111,51.55,5.0833,Warszawa Centralna,Tilburg,766.0,False,1.3212540896707794,2.8326204398011785,780.153874529472,291.11
Warsaw,Toulouse,,,,,,,,,,,Warszawa Centralna,Toulouse-Matabiau,1368.0,False,1.3212540896707794,2.6617812245934145,1381.983035314264,1381.983035314264
Warsaw,Turin,WAW,TRN,1248.0,155.0,304.71,149.70999999999998,52.23,21.0111,45.0792,7.6761,Warszawa Centralna,Torino Porta Susa,1259.0,False,1.3212540896707794,2.8476007865249664,1273.1688548761956,304.71
Warsaw,Valencia,WAW,VLC,2167.0,210.0,353.6,143.60000000000002,52.23,21.0111,39.47,-0.3764,,,,,,,,353.6
Warsaw,Vienna,WAW,VIE,549.0,85.0,241.48,156.48,52.23,21.0111,48.2083,16.3725,Warszawa Centralna,Wien Hbf,465.0,False,1.3212540896707794,6.245212775155993,482.5664668648268,241.48
Warsaw,Vilnius,WAW,VNO,397.0,65.0,202.95,137.95,52.23,21.0111,54.6872,25.28,,,,,,,,202.95
Warsaw,Wrocław,,,,,,,,,,,Warszawa Centralna,Wroclaw Glowny,228.0,False,1.3212540896707794,3.2731677390709937,242.5944218287418,242.5944218287418
Warsaw,Zagreb,WAW,ZAG,800.0,100.0,247.11,147.11,52.23,21.0111,45.8131,15.9775,Warszawa Centralna,Zagreb Glavni kolodvor,1226.0,False,1.3212540896707794,2.3224288673449607,1239.6436829570157,247.11
Wrocław,Amsterdam,,,,,,,,,,,Wroclaw Glowny,Amsterdam Centraal,628.0,False,3.2731677390709937,1.9520337879727412,643.2252015270437,643.2252015270437
Wrocław,Antwerp,,,,,,,,,,,Wroclaw Glowny,Antwerpen Centraal,714.0,False,3.2731677390709937,3.5284359653773953,730.8016037044484,730.8016037044484
Wrocław,Barcelona,,,,,,,,,,,Wroclaw Glowny,Barcelona Sants,1690.0,False,3.2731677390709937,7.388093774297752,1710.6612615133686,1710.6612615133686
Wrocław,Berlin,,,,,,,,,,,Wroclaw Glowny,Berlin Hbf,239.0,False,3.2731677390709937,5.947266480604848,258.22043421967584,258.22043421967584
Wrocław,Bordeaux,,,,,,,,,,,Wroclaw Glowny,Bordeaux-St-Jean,1038.0,True,3.2731677390709937,5.811588377462907,1057.0847561165338,1057.0847561165338
Wrocław,Bratislava,,,,,,,,,,,Wroclaw Glowny,Bratislava hl.st.,347.0,False,3.2731677390709937,4.046858342350235,364.3200260814212,364.3200260814212
Wrocław,Bremen,,,,,,,,,,,Wroclaw Glowny,Bremen Hbf,432.0,False,3.2731677390709937,2.309271364404068,447.58243910347505,447.58243910347505
Wrocław,Brussels,,,,,,,,,,,Wroclaw Glowny,Bruxelles Midi,662.0,False,3.2731677390709937,4.14169289941754,679.4148606384886,679.4148606384886
Wrocław,Budapest,,,,,,,,,,,Wroclaw Glowny,Budapest-Nyugati,487.0,False,3.2731677390709937,4.980157462200125,505.2533252012711,505.2533252012711
Wrocław,Copenhagen,,,,,,,,,,,Wroclaw Glowny,Koebenhavns Lufthavn st,775.0,False,3.2731677390709937,17.4069941581493,805.6801618972203,805.6801618972203
Wrocław,Dortmund,,,,,,,,,,,Wroclaw Glowny,Dortmund Hbf,457.0,False,3.2731677390709937,1.460615015563283,471.73378275463426,471.73378275463426
Wrocław,Dresden,,,,,,,,,,,Wroclaw Glowny,Dresden Hbf,191.0,False,3.2731677390709937,2.8510360388781235,207.12420377794913,207.12420377794913
Wrocław,Duisburg,,,,,,,,,,,Wroclaw Glowny,Duisburg Hbf,495.0,False,3.2731677390709937,2.5870950877797454,510.8602628268507,510.8602628268507
Wrocław,Düsseldorf,,,,,,,,,,,Wroclaw Glowny,Düsseldorf Hbf,514.0,False,3.2731677390709937,4.00763955017613,531.2808072892472,531.2808072892472
Wrocław,Essen,,,,,,,,,,,Wroclaw Glowny,Essen Hbf,482.0,False,3.2731677390709937,0.31813865528361085,495.5913063943546,495.5913063943546
Wrocław,Frankfurt,,,,,,,,,,,Wroclaw Glowny,Frankfurt(Main)Hbf,424.0,False,3.2731677390709937,3.4764728210122846,440.74964056008326,440.74964056008326
Wrocław,Genoa,,,,,,,,,,,Wroclaw Glowny,Genova Piazza Principe,1229.0,False,3.2731677390709937,2.6646692679586454,1244.9378370070297,1244.9378370070297
Wrocław,Hamburg,,,,,,,,,,,Wroclaw Glowny,Hamburg Hbf,398.0,False,3.2731677390709937,1.316441566346405,412.58960930541735,412.58960930541735
Wrocław,Hannover,,,,,,,,,,,Wroclaw Glowny,Hannover Hbf,355.0,False,3.2731677390709937,4.786629448184535,373.0597971872555,373.0597971872555
Wrocław,Kraków,,,,,,,,,,,Wroclaw Glowny,Krakow Glowny,169.0,False,3.2731677390709937,2.336597225946072,184.60976496501706,184.60976496501706
Wrocław,Leipzig,,,,,,,,,,,Wroclaw Glowny,Leipzig Hbf,211.0,False,3.2731677390709937,1.875769965295063,226.14893770436606,226.14893770436606
Wrocław,Ljubljana,,,,,,,,,,,Wroclaw Glowny,Ljubljana,683.0,False,3.2731677390709937,2.321449509647903,698.5946172487189,698.5946172487189
Wrocław,Luxembourg,,,,,,,,,,,Wroclaw Glowny,Luxembourg,677.0,False,3.2731677390709937,3.2276729444989756,693.50084068357,693.50084068357
Wrocław,Lyon,,,,,,,,,,,Wroclaw Glowny,Lyon Part Dieu,1191.0,False,3.2731677390709937,3.7248506527149634,1207.998018391786,1207.998018391786
Wrocław,Marseille,,,,,,,,,,,Wroclaw Glowny,Marseille-St-Charles,1290.0,False,3.2731677390709937,3.0494630085437278,1306.3226307476145,1306.3226307476145
Wrocław,Munich,,,,,,,,,,,Wroclaw Glowny,München Hbf,424.0,False,3.2731677390709937,3.0560823139438047,440.3292500530148,440.3292500530148
Wrocław,Nuremberg,,,,,,,,,,,Wroclaw Glowny,Nürnberg Hbf,349.0,False,3.2731677390709937,2.407122595922898,364.68029033499386,364.68029033499386
Wrocław,Poznań,,,,,,,,,,,Wroclaw Glowny,Poznan Glowny,79.0,False,3.2731677390709937,4.065435329407926,96.33860306847893,96.33860306847893
Wrocław,Prague,,,,,,,,,,,Wroclaw Glowny,Praha hl.n.,241.0,False,3.2731677390709937,2.772415453338628,257.04558319240965,257.04558319240965
Wrocław,Rome,,,,,,,,,,,Wroclaw Glowny,Roma Tiburtina,1119.0,False,3.2731677390709937,10.76586299605856,1143.0390307351295,1143.0390307351295
Wrocław,Rotterdam,,,,,,,,,,,Wroclaw Glowny,Rotterdam Centraal,652.0,False,3.2731677390709937,2.249226316777232,667.5223940558483,667.5223940558483
Wrocław,Stockholm,,,,,,,,,,,Wroclaw Glowny,Stockholm Central,1226.0,False,3.2731677390709937,1.5022922376589065,1240.7754599767297,1240.7754599767297
Wrocław,Stuttgart,,,,,,,,,,,Wroclaw Glowny,Stuttgart Hbf,500.0,False,3.2731677390709937,2.002376007570269,515.2755437466413,515.2755437466413
Wrocław,Tilburg,,,,,,,,,,,Wroclaw Glowny,Tilburg,653.0,False,3.2731677390709937,2.8326204398011785,669.1057881788722,669.1057881788722
Wrocław,Toulouse,,,,,,,,,,,Wroclaw Glowny,Toulouse-Matabiau,1254.0,False,3.2731677390709937,2.6617812245934145,1269.9349489636643,1269.9349489636643
Wrocław,Turin,,,,,,,,,,,Wroclaw Glowny,Torino Porta Susa,1190.0,False,3.2731677390709937,2.8476007865249664,1206.1207685255958,1206.1207685255958
Wrocław,Vienna,,,,,,,,,,,Wroclaw Glowny,Wien Hbf,334.0,False,3.2731677390709937,6.245212775155993,353.518380514227,353.518380514227
Wrocław,Warsaw,,,,,,,,,,,Wroclaw Glowny,Warszawa Centralna,230.0,False,3.2731677390709937,1.3212540896707794,244.5944218287418,244.5944218287418
Wrocław,Zagreb,,,,,,,,,,,Wroclaw Glowny,Zagreb Glavni kolodvor,787.0,False,3.2731677390709937,2.3224288673449607,802.5955966064159,802.5955966064159
Zagreb,Amsterdam,ZAG,AMS,1101.0,130.0,283.52,153.51999999999998,45.8131,15.9775,52.3728,4.8936,Zagreb Glavni kolodvor,Amsterdam Centraal,1070.0,False,2.3224288673449607,1.9520337879727412,1084.2744626553178,283.52
Zagreb,Antwerp,,,,,,,,,,,Zagreb Glavni kolodvor,Antwerpen Centraal,1107.0,False,2.3224288673449607,3.5284359653773953,1122.8508648327224,1122.8508648327224
Zagreb,Athens,ZAG,ATH,1084.0,110.0,276.33,166.32999999999998,45.8131,15.9775,37.9842,23.7281,,,,,,,,276.33
Zagreb,Barcelona,ZAG,BCN,1231.0,125.0,279.88,154.88,45.8131,15.9775,41.3828,2.1769,Zagreb Glavni kolodvor,Barcelona Sants,2457.0,False,2.3224288673449607,7.388093774297752,2476.710522641643,279.88
Zagreb,Berlin,ZAG,BER,760.0,90.0,253.98,163.98,45.8131,15.9775,52.52,13.405,Zagreb Glavni kolodvor,Berlin Hbf,841.0,False,2.3224288673449607,5.947266480604848,859.2696953479498,253.98
Zagreb,Bordeaux,,,,,,,,,,,Zagreb Glavni kolodvor,Bordeaux-St-Jean,1231.0,False,2.3224288673449607,5.811588377462907,1249.1340172448079,1249.1340172448079
Zagreb,Bratislava,,,,,,,,,,,Zagreb Glavni kolodvor,Bratislava hl.st.,456.0,False,2.3224288673449607,4.046858342350235,472.3692872096952,472.3692872096952
Zagreb,Bremen,,,,,,,,,,,Zagreb Glavni kolodvor,Bremen Hbf,967.0,False,2.3224288673449607,2.309271364404068,981.6317002317489,981.6317002317489
Zagreb,Brussels,ZAG,BRU,1031.0,135.0,287.69,152.69,45.8131,15.9775,50.8467,4.3525,Zagreb Glavni kolodvor,Bruxelles Midi,1076.0,False,2.3224288673449607,4.14169289941754,1092.4641217667627,287.69
Zagreb,Budapest,,,,,,,,,,,Zagreb Glavni kolodvor,Budapest-Nyugati,384.0,False,2.3224288673449607,4.980157462200125,401.3025863295451,401.3025863295451
Zagreb,Cologne,ZAG,CGN,874.0,100.0,256.8,156.8,45.8131,15.9775,50.9364,6.9528,,,,,,,,256.8
Zagreb,Copenhagen,ZAG,CPH,1126.0,115.0,262.35,147.35000000000002,45.8131,15.9775,55.6761,12.5683,Zagreb Glavni kolodvor,Koebenhavns Lufthavn st,1369.0,False,2.3224288673449607,17.4069941581493,1398.7294230254943,262.35
Zagreb,Dortmund,,,,,,,,,,,Zagreb Glavni kolodvor,Dortmund Hbf,968.0,False,2.3224288673449607,1.460615015563283,981.7830438829081,981.7830438829081
Zagreb,Dresden,,,,,,,,,,,Zagreb Glavni kolodvor,Dresden Hbf,949.0,False,2.3224288673449607,2.8510360388781235,964.173464906223,964.173464906223
Zagreb,Duisburg,,,,,,,,,,,Zagreb Glavni kolodvor,Duisburg Hbf,930.0,False,2.3224288673449607,2.5870950877797454,944.9095239551247,944.9095239551247
Zagreb,Düsseldorf,ZAG,DUS,921.0,105.0,249.26,144.26,45.8131,15.9775,51.2333,6.7833,Zagreb Glavni kolodvor,Düsseldorf Hbf,914.0,False,2.3224288673449607,4.00763955017613,930.330068417521,249.26
Zagreb,Essen,,,,,,,,,,,Zagreb Glavni kolodvor,Essen Hbf,943.0,False,2.3224288673449607,0.31813865528361085,955.6405675226285,955.6405675226285
Zagreb,Frankfurt,ZAG,FRA,736.0,95.0,247.03,152.03,45.8131,15.9775,50.1106,8.6822,Zagreb Glavni kolodvor,Frankfurt(Main)Hbf,764.0,False,2.3224288673449607,3.4764728210122846,779.7989016883572,247.03
Zagreb,Genoa,,,,,,,,,,,Zagreb Glavni kolodvor,Genova Piazza Principe,905.0,False,2.3224288673449607,2.6646692679586454,919.9870981353035,919.9870981353035
Zagreb,Gothenburg,ZAG,GOT,1352.0,145.0,311.49,166.49,45.8131,15.9775,57.7075,11.9675,,,,,,,,311.49
Zagreb,Hamburg,,,,,,,,,,,Zagreb Glavni kolodvor,Hamburg Hbf,917.0,False,2.3224288673449607,1.316441566346405,930.6388704336913,930.6388704336913
Zagreb,Hannover,,,,,,,,,,,Zagreb Glavni kolodvor,Hannover Hbf,832.0,False,2.3224288673449607,4.786629448184535,849.1090583155294,849.1090583155294
Zagreb,Kraków,,,,,,,,,,,Zagreb Glavni kolodvor,Krakow Glowny,1066.0,False,2.3224288673449607,2.336597225946072,1080.659026093291,1080.659026093291
Zagreb,Leipzig,,,,,,,,,,,Zagreb Glavni kolodvor,Leipzig Hbf,776.0,False,2.3224288673449607,1.875769965295063,790.19819883264,790.19819883264
Zagreb,Ljubljana,,,,,,,,,,,Zagreb Glavni kolodvor,Ljubljana,141.0,False,2.3224288673449607,2.321449509647903,155.64387837699286,155.64387837699286
Zagreb,Luxembourg,,,,,,,,,,,Zagreb Glavni kolodvor,Luxembourg,1021.0,False,2.3224288673449607,3.2276729444989756,1036.550101811844,1036.550101811844
Zagreb,Lyon,,,,,,,,,,,Zagreb Glavni kolodvor,Lyon Part Dieu,1205.0,False,2.3224288673449607,3.7248506527149634,1221.04727952006,1221.04727952006
Zagreb,Madrid,ZAG,MAD,1694.0,175.0,332.97,157.97000000000003,45.8131,15.9775,40.4169,-3.7033,,,,,,,,332.97
Zagreb,Marseille,ZAG,MRS,896.0,115.0,281.68,166.68,45.8131,15.9775,43.2964,5.37,Zagreb Glavni kolodvor,Marseille-St-Charles,1446.0,False,2.3224288673449607,3.0494630085437278,1461.3718918758887,281.68
Zagreb,Milan,ZAG,BGY,495.0,80.0,284.52,204.51999999999998,45.8131,15.9775,45.4669,9.19,,,,,,,,284.52
Zagreb,Munich,ZAG,MUC,435.0,65.0,244.68,179.68,45.8131,15.9775,48.1375,11.575,Zagreb Glavni kolodvor,München Hbf,531.0,False,2.3224288673449607,3.0560823139438047,546.3785111812887,244.68
Zagreb,Málaga,ZAG,AGP,1987.0,200.0,348.4,148.39999999999998,45.8131,15.9775,36.7194,-4.42,,,,,,,,348.4
Zagreb,Naples,ZAG,NAP,557.0,85.0,231.78,146.78,45.8131,15.9775,40.8333,14.25,,,,,,,,231.78
Zagreb,Nuremberg,,,,,,,,,,,Zagreb Glavni kolodvor,Nürnberg Hbf,623.0,False,2.3224288673449607,2.407122595922898,637.7295514632679,637.7295514632679
Zagreb,Paris,ZAG,CDG,1080.0,125.0,295.45,170.45,45.8131,15.9775,48.8567,2.3522,,,,,,,,295.45
Zagreb,Poznań,,,,,,,,,,,Zagreb Glavni kolodvor,Poznan Glowny,915.0,False,2.3224288673449607,4.065435329407926,931.3878641967528,931.3878641967528
Zagreb,Prague,,,,,,,,,,,Zagreb Glavni kolodvor,Praha hl.n.,684.0,False,2.3224288673449607,2.772415453338628,699.0948443206836,699.0948443206836
Zagreb,Rome,ZAG,FCO,534.0,80.0,249.77,169.77,45.8131,15.9775,41.8933,12.4828,Zagreb Glavni kolodvor,Roma Tiburtina,795.0,False,2.3224288673449607,10.76586299605856,818.0882918634035,249.77
Zagreb,Rotterdam,,,,,,,,,,,Zagreb Glavni kolodvor,Rotterdam Centraal,1081.0,False,2.3224288673449607,2.249226316777232,1095.5716551841222,1095.5716551841222
Zagreb,Sofia,ZAG,SOF,677.0,80.0,227.05,147.05,45.8131,15.9775,42.7,23.33,,,,,,,,227.05
Zagreb,Stockholm,ZAG,ARN,1553.0,130.0,321.23,191.23000000000002,45.8131,15.9775,59.3294,18.0686,Zagreb Glavni kolodvor,Stockholm Central,2227.0,False,2.3224288673449607,1.5022922376589065,2240.824721105004,321.23
Zagreb,Stuttgart,ZAG,STR,615.0,80.0,231.07,151.07,45.8131,15.9775,48.7775,9.18,Zagreb Glavni kolodvor,Stuttgart Hbf,652.0,False,2.3224288673449607,2.002376007570269,666.3248048749152,231.07
Zagreb,Tilburg,ZAG,EIN,1010.0,125.0,297.04,172.04000000000002,45.8131,15.9775,51.55,5.0833,Zagreb Glavni kolodvor,Tilburg,1097.0,False,2.3224288673449607,2.8326204398011785,1112.155049307146,297.04
Zagreb,Toulouse,,,,,,,,,,,Zagreb Glavni kolodvor,Toulouse-Matabiau,1441.0,False,2.3224288673449607,2.6617812245934145,1455.9842100919384,1455.9842100919384
Zagreb,Turin,,,,,,,,,,,Zagreb Glavni kolodvor,Torino Porta Susa,869.0,False,2.3224288673449607,2.8476007865249664,884.1700296538698,884.1700296538698
Zagreb,Vienna,ZAG,VIE,268.0,55.0,217.41,162.41,45.8131,15.9775,48.2083,16.3725,Zagreb Glavni kolodvor,Wien Hbf,393.0,False,2.3224288673449607,6.245212775155993,411.567641642501,217.41
Zagreb,Warsaw,ZAG,WAW,800.0,95.0,242.11,147.11,45.8131,15.9775,52.23,21.0111,Zagreb Glavni kolodvor,Warszawa Centralna,1150.0,False,2.3224288673449607,1.3212540896707794,1163.6436829570157,242.11
Zagreb,Wrocław,,,,,,,,,,,Zagreb Glavni kolodvor,Wroclaw Glowny,836.0,False,2.3224288673449607,3.2731677390709937,851.5955966064159,851.5955966064159
Zaragoza,Brussels,ZAZ,CRL,1064.0,120.0,321.16,201.16000000000003,41.65,-0.8833,50.8467,4.3525,,,,,,,,321.16
Zaragoza,Bucharest,ZAZ,OTP,2217.0,205.0,363.99,158.99,41.65,-0.8833,44.4325,26.1039,,,,,,,,363.99
Zaragoza,Milan,ZAZ,BGY,970.0,110.0,313.64,203.64,41.65,-0.8833,45.4669,9.19,,,,,,,,313.64
Zaragoza,Paris,ZAZ,BVA,899.0,105.0,344.58,239.57999999999998,41.65,-0.8833,48.8567,2.3522,,,,,,,,344.58
