origin_id,destination_id,origin_station_name,destination_station_name,min_duration_minutes,transfers,trains,check_date,origin_city_name,origin_eva_id,origin_latitude,origin_longitude,destination_city_name,destination_eva_id,destination_latitude,destination_longitude,route_length,uses_hsr
8103000,8000261,Wien Hbf,München Hbf,253,2,,2026-01-06,Vienna,8103000,48.185101,16.377113,Munich,8000261,48.140232,11.558335,422453.0332295709,False
8103000,8002549,Wien Hbf,Hamburg Hbf,524,2,,2026-01-06,Vienna,8103000,48.185101,16.377113,Hamburg,8002549,53.552736,10.006909,964631.387599699,False
8103000,8000105,Wien Hbf,Frankfurt(Main)Hbf,384,0,,2026-01-06,Vienna,8103000,48.185101,16.377113,Frankfurt,8000105,50.1066819,8.66282825,736517.1713697962,False
8103000,8000085,Wien Hbf,Düsseldorf Hbf,499,2,,2026-01-06,Vienna,8103000,48.185101,16.377113,Düsseldorf,8000085,51.219962,6.794319,945847.5893599044,False
8103000,8010205,Wien Hbf,Leipzig Hbf,378,4,,2026-01-06,Vienna,8103000,48.185101,16.377113,Leipzig,8010205,51.3454712,12.3820639,622726.3477762615,False
8103000,8000080,Wien Hbf,Dortmund Hbf,546,4,,2026-01-06,Vienna,8103000,48.185101,16.377113,Dortmund,8000080,51.517896,7.45929,965359.80668381,False
8103000,8000098,Wien Hbf,Essen Hbf,525,2,,2026-01-06,Vienna,8103000,48.185101,16.377113,Essen,8000098,51.451355,7.014793,979481.7745032212,False
8103000,8000050,Wien Hbf,Bremen Hbf,514,4,,2026-01-06,Vienna,8103000,48.185101,16.377113,Bremen,8000050,53.083481,8.813834,989338.2500047528,False
8103000,8010085,Wien Hbf,Dresden Hbf,400,4,,2026-01-06,Vienna,8103000,48.185101,16.377113,Dresden,8010085,51.040563,13.732035,505746.1483572598,False
8103000,8000152,Wien Hbf,Hannover Hbf,439,2,,2026-01-06,Vienna,8103000,48.185101,16.377113,Hannover,8000152,52.376761,9.741021,867133.6378388026,False
8103000,8000284,Wien Hbf,Nürnberg Hbf,252,0,,2026-01-06,Vienna,8103000,48.185101,16.377113,Nuremberg,8000284,49.445616,11.082989,510038.56706007017,False
8103000,8000086,Wien Hbf,Duisburg Hbf,512,2,,2026-01-06,Vienna,8103000,48.185101,16.377113,Duisburg,8000086,51.429785,6.775903,968034.2169547054,False
8103000,8601242,Wien Hbf,Koebenhavns Lufthavn st,910,4,,2026-01-06,Vienna,8103000,48.185101,16.377113,Copenhagen,8601242,55.629605,12.649382,1464545.2874678175,False
8103000,7100064,Wien Hbf,Barcelona Sants,1195,8,,2026-01-06,Vienna,8103000,48.185101,16.377113,Barcelona,7100064,41.378914,2.140369,1811585.4722426431,False
8103000,8700047,Wien Hbf,Bordeaux-St-Jean,1246,6,,2026-01-06,Vienna,8103000,48.185101,16.377113,Bordeaux,8700047,44.826486,-0.55592,1754625.6920518451,False
8103000,8700074,Wien Hbf,Marseille-St-Charles,1236,8,,2026-01-06,Vienna,8103000,48.185101,16.377113,Marseille,8700074,43.303812,5.38195,1349544.9399742095,False
8103000,8700152,Wien Hbf,Lyon Part Dieu,991,8,,2026-01-06,Vienna,8103000,48.185101,16.377113,Lyon,8700152,45.760564,4.85999,1165553.7425464902,False
8103000,8700065,Wien Hbf,Toulouse-Matabiau,1160,8,,2026-01-06,Vienna,8103000,48.185101,16.377113,Toulouse,8700065,43.611406,1.453939,1715041.4194945183,False
8103000,7800020,Wien Hbf,Zagreb Glavni kolodvor,421,6,,2026-01-06,Vienna,8103000,48.185101,16.377113,Zagreb,7800020,45.8044381,15.9787052,365342.78558496624,False
8103000,5500728,Wien Hbf,Budapest-Nyugati,187,1,,2026-01-06,Vienna,8103000,48.185101,16.377113,Budapest,5500728,47.510706,19.057466,252019.30731396197,False
8103000,8300262,Wien Hbf,Roma Tiburtina,691,6,,2026-01-06,Vienna,8103000,48.185101,16.377113,Rome,8300262,41.91107,12.53146,1081616.13283404,False
8103000,8300522,Wien Hbf,Torino Porta Susa,676,6,,2026-01-06,Vienna,8103000,48.185101,16.377113,Turin,8300522,45.071833,7.665169,965039.2768982284,False
8103000,8300153,Wien Hbf,Genova Piazza Principe,732,6,,2026-01-06,Vienna,8103000,48.185101,16.377113,Genoa,8300153,44.417504,8.922075,954730.1928956796,False
8103000,8200100,Wien Hbf,Luxembourg,637,6,,2026-01-06,Vienna,8103000,48.185101,16.377113,Luxembourg,8200100,49.599714,6.134396,988301.26674477,False
8103000,8400597,Wien Hbf,Tilburg,652,8,,2026-01-06,Vienna,8103000,48.185101,16.377113,Tilburg,8400597,51.56061,5.083787,1083807.5386420346,False
8103000,8400058,Wien Hbf,Amsterdam Centraal,712,8,,2026-01-06,Vienna,8103000,48.185101,16.377113,Amsterdam,8400058,52.37919,4.899431,1162342.4041232895,False
8103000,8400530,Wien Hbf,Rotterdam Centraal,691,8,,2026-01-06,Vienna,8103000,48.185101,16.377113,Rotterdam,8400530,51.924802,4.468769,1150987.0048734169,False
8103000,5100065,Wien Hbf,Warszawa Centralna,474,2,,2026-01-06,Vienna,8103000,48.185101,16.377113,Warsaw,5100065,52.22886,21.003234,657068.3706274985,False
8103000,5100028,Wien Hbf,Krakow Glowny,320,0,,2026-01-06,Vienna,8103000,48.185101,16.377113,Kraków,5100028,50.067194,19.947426,418283.40736233286,False
8103000,5100069,Wien Hbf,Wroclaw Glowny,316,0,,2026-01-06,Vienna,8103000,48.185101,16.377113,Wrocław,5100069,51.098078,17.037088,422740.9752035187,False
8103000,5100081,Wien Hbf,Poznan Glowny,434,6,,2026-01-06,Vienna,8103000,48.185101,16.377113,Poznań,5100081,52.401993,16.91087,587336.8817788595,False
8103000,7400002,Wien Hbf,Stockholm Central,1303,4,,2026-01-06,Vienna,8103000,48.185101,16.377113,Stockholm,7400002,59.330014,18.05763,2090854.0435658623,False
8103000,7900003,Wien Hbf,Ljubljana,316,2,,2026-01-06,Vienna,8103000,48.185101,16.377113,Ljubljana,7900003,46.058691,14.512937,431410.9882861359,False
8103000,5600207,Wien Hbf,Bratislava hl.st.,56,0,,2026-01-06,Vienna,8103000,48.185101,16.377113,Bratislava,5600207,48.15891,17.106466,65102.07315193948,False
8800004,8103000,Bruxelles Midi,Wien Hbf,622,2,,2026-01-06,Brussels,8800004,50.835376,4.335694,Vienna,8103000,48.185101,16.377113,1132769.8515480114,False
8800004,8800007,Bruxelles Midi,Antwerpen Centraal,34,0,,2026-01-06,Brussels,8800004,50.835376,4.335694,Antwerp,8800007,51.215811,4.421168,47443.65002273924,False
8800004,5400014,Bruxelles Midi,Praha hl.n.,656,8,,2026-01-06,Brussels,8800004,50.835376,4.335694,Prague,5400014,50.083062,14.436039,966720.5793033869,False
8800004,8011160,Bruxelles Midi,Berlin Hbf,390,2,,2026-01-06,Brussels,8800004,50.835376,4.335694,Berlin,8011160,52.525592,13.369545,744733.0756898088,False
8800004,8000096,Bruxelles Midi,Stuttgart Hbf,248,2,,2026-01-06,Brussels,8800004,50.835376,4.335694,Stuttgart,8000096,48.78478,9.182757,561785.7963055524,False
8800004,8000261,Bruxelles Midi,München Hbf,375,2,,2026-01-06,Brussels,8800004,50.835376,4.335694,Munich,8000261,48.140232,11.558335,791221.819568226,False
8800004,8002549,Bruxelles Midi,Hamburg Hbf,349,2,,2026-01-06,Brussels,8800004,50.835376,4.335694,Hamburg,8002549,53.552736,10.006909,591517.322240678,False
8800004,8003368,Bruxelles Midi,Köln Messe/Deutz,119,2,,2026-01-06,Brussels,8800004,50.835376,4.335694,Cologne,8003368,50.940874,6.975001,222377.4630466563,False
8800004,8000105,Bruxelles Midi,Frankfurt(Main)Hbf,182,0,,2026-01-06,Brussels,8800004,50.835376,4.335694,Frankfurt,8000105,50.1066819,8.66282825,401363.9219160037,True
8800004,8000085,Bruxelles Midi,Düsseldorf Hbf,142,2,,2026-01-06,Brussels,8800004,50.835376,4.335694,Düsseldorf,8000085,51.219962,6.794319,229812.98762703373,False
8800004,8010205,Bruxelles Midi,Leipzig Hbf,399,8,,2026-01-06,Brussels,8800004,50.835376,4.335694,Leipzig,8010205,51.3454712,12.3820639,693187.721659882,False
8800004,8000080,Bruxelles Midi,Dortmund Hbf,191,2,,2026-01-06,Brussels,8800004,50.835376,4.335694,Dortmund,8000080,51.517896,7.45929,282133.26436836034,False
8800004,8000098,Bruxelles Midi,Essen Hbf,168,2,,2026-01-06,Brussels,8800004,50.835376,4.335694,Essen,8000098,51.451355,7.014793,248200.0760857144,False
8800004,8000050,Bruxelles Midi,Bremen Hbf,325,2,,2026-01-06,Brussels,8800004,50.835376,4.335694,Bremen,8000050,53.083481,8.813834,492009.550718157,False
8800004,8010085,Bruxelles Midi,Dresden Hbf,492,4,,2026-01-06,Brussels,8800004,50.835376,4.335694,Dresden,8010085,51.040563,13.732035,808985.7971841712,False
8800004,8000152,Bruxelles Midi,Hannover Hbf,294,2,,2026-01-06,Brussels,8800004,50.835376,4.335694,Hannover,8000152,52.376761,9.741021,489457.6510388803,False
8800004,8000284,Bruxelles Midi,Nürnberg Hbf,333,4,,2026-01-06,Brussels,8800004,50.835376,4.335694,Nuremberg,8000284,49.445616,11.082989,622731.6506930573,True
8800004,8000086,Bruxelles Midi,Duisburg Hbf,155,2,,2026-01-06,Brussels,8800004,50.835376,4.335694,Duisburg,8000086,51.429785,6.775903,228973.1578877057,False
8800004,8601242,Bruxelles Midi,Koebenhavns Lufthavn st,723,6,,2026-01-06,Brussels,8800004,50.835376,4.335694,Copenhagen,8601242,55.629605,12.649382,1102052.0098751765,False
8800004,7100064,Bruxelles Midi,Barcelona Sants,546,2,,2026-01-06,Brussels,8800004,50.835376,4.335694,Barcelona,7100064,41.378914,2.140369,1372227.3004250685,True
8800004,8700047,Bruxelles Midi,Bordeaux-St-Jean,271,2,,2026-01-06,Brussels,8800004,50.835376,4.335694,Bordeaux,8700047,44.826486,-0.55592,854692.0373549461,True
8103000,8800004,Wien Hbf,Bruxelles Midi,622,2,,2026-01-06,Vienna,8103000,48.185101,16.377113,Brussels,8800004,50.835376,4.335694,1132769.8515480063,False
8103000,8800007,Wien Hbf,Antwerpen Centraal,653,4,,2026-01-06,Vienna,8103000,48.185101,16.377113,Antwerp,8800007,51.215811,4.421168,1136257.9884838494,False
8103000,5400014,Wien Hbf,Praha hl.n.,253,0,,2026-01-06,Vienna,8103000,48.185101,16.377113,Prague,5400014,50.083062,14.436039,349084.00551666605,False
8103000,8011160,Wien Hbf,Berlin Hbf,429,2,,2026-01-06,Vienna,8103000,48.185101,16.377113,Berlin,8011160,52.525592,13.369545,685291.121008415,False
8103000,8000096,Wien Hbf,Stuttgart Hbf,391,2,,2026-01-06,Vienna,8103000,48.185101,16.377113,Stuttgart,8000096,48.78478,9.182757,654016.3366773034,False
8800004,8700074,Bruxelles Midi,Marseille-St-Charles,341,2,,2026-01-06,Brussels,8800004,50.835376,4.335694,Marseille,8700074,43.303812,5.38195,1046068.1705408634,True
8800004,8700152,Bruxelles Midi,Lyon Part Dieu,223,0,,2026-01-06,Brussels,8800004,50.835376,4.335694,Lyon,8700152,45.760564,4.85999,726195.5707289177,True
8800004,8700065,Bruxelles Midi,Toulouse-Matabiau,435,2,,2026-01-06,Brussels,8800004,50.835376,4.335694,Toulouse,8700065,43.611406,1.453939,1026318.8718420542,False
8800004,7800020,Bruxelles Midi,Zagreb Glavni kolodvor,1088,4,,2026-01-06,Brussels,8800004,50.835376,4.335694,Zagreb,7800020,45.8044381,15.9787052,1333319.5251841643,False
8800004,5500728,Bruxelles Midi,Budapest-Nyugati,864,5,,2026-01-06,Brussels,8800004,50.835376,4.335694,Budapest,5500728,47.510706,19.057466,1383204.0460724093,False
8800004,8300262,Bruxelles Midi,Roma Tiburtina,778,4,,2026-01-06,Brussels,8800004,50.835376,4.335694,Rome,8300262,41.91107,12.53146,1450710.0030044632,True
8800004,8300047,Bruxelles Midi,Milano Porta Garibaldi,538,4,,2026-01-06,Brussels,8800004,50.835376,4.335694,Milan,8300047,45.484437,9.18729699,891990.3962153794,False
8800004,8300522,Bruxelles Midi,Torino Porta Susa,453,2,,2026-01-06,Brussels,8800004,50.835376,4.335694,Turin,8300522,45.071833,7.665169,974927.77005746,False
8800004,8300153,Bruxelles Midi,Genova Piazza Principe,588,4,,2026-01-06,Brussels,8800004,50.835376,4.335694,Genoa,8300153,44.417504,8.922075,1015883.2692389402,False
8800004,8200100,Bruxelles Midi,Luxembourg,197,0,,2026-01-06,Brussels,8800004,50.835376,4.335694,Luxembourg,8200100,49.599714,6.134396,229947.4650264856,False
8800004,8400597,Bruxelles Midi,Tilburg,110,4,,2026-01-06,Brussels,8800004,50.835376,4.335694,Tilburg,8400597,51.56061,5.083787,125022.4147550749,False
8800004,8400058,Bruxelles Midi,Amsterdam Centraal,117,0,,2026-01-06,Brussels,8800004,50.835376,4.335694,Amsterdam,8400058,52.37919,4.899431,211589.24010612915,False
8800004,8400530,Bruxelles Midi,Rotterdam Centraal,69,0,,2026-01-06,Brussels,8800004,50.835376,4.335694,Rotterdam,8400530,51.924802,4.468769,141766.21993028373,False
8800004,5100065,Bruxelles Midi,Warszawa Centralna,755,4,,2026-01-06,Brussels,8800004,50.835376,4.335694,Warsaw,5100065,52.22886,21.003234,1308773.6881371208,False
8800004,5100028,Bruxelles Midi,Krakow Glowny,859,4,,2026-01-06,Brussels,8800004,50.835376,4.335694,Kraków,5100028,50.067194,19.947426,1298342.7423794172,False
8800004,5100069,Bruxelles Midi,Wroclaw Glowny,683,4,,2026-01-06,Brussels,8800004,50.835376,4.335694,Wrocław,5100069,51.098078,17.037088,1042611.5300691328,False
8800004,5100081,Bruxelles Midi,Poznan Glowny,608,4,,2026-01-06,Brussels,8800004,50.835376,4.335694,Poznań,5100081,52.401993,16.91087,1009973.2143778168,False
8800004,7400002,Bruxelles Midi,Stockholm Central,1171,4,,2026-01-06,Brussels,8800004,50.835376,4.335694,Stockholm,7400002,59.330014,18.05763,1728360.7659732215,False
8800004,7900003,Bruxelles Midi,Ljubljana,833,6,,2026-01-06,Brussels,8800004,50.835376,4.335694,Ljubljana,7900003,46.058691,14.512937,1192078.8802300286,False
8800004,5600207,Bruxelles Midi,Bratislava hl.st.,705,4,,2026-01-06,Brussels,8800004,50.835376,4.335694,Bratislava,5600207,48.15891,17.106466,1197831.9383610743,False
8800007,8103000,Antwerpen Centraal,Wien Hbf,653,4,,2026-01-06,Antwerp,8800007,51.215811,4.421168,Vienna,8103000,48.185101,16.377113,1136257.988483846,False
8800007,8800004,Antwerpen Centraal,Bruxelles Midi,33,0,,2026-01-06,Antwerp,8800007,51.215811,4.421168,Brussels,8800004,50.835376,4.335694,47443.650022739304,False
8800007,5400014,Antwerpen Centraal,Praha hl.n.,691,6,,2026-01-06,Antwerp,8800007,51.215811,4.421168,Prague,5400014,50.083062,14.436039,970208.7162392212,False
8800007,8011160,Antwerpen Centraal,Berlin Hbf,421,4,,2026-01-06,Antwerp,8800007,51.215811,4.421168,Berlin,8011160,52.525592,13.369545,716244.6803764495,False
8800007,8000096,Antwerpen Centraal,Stuttgart Hbf,317,4,,2026-01-06,Antwerp,8800007,51.215811,4.421168,Stuttgart,8000096,48.78478,9.182757,565273.9332413875,False
8800007,8000261,Antwerpen Centraal,München Hbf,433,4,,2026-01-06,Antwerp,8800007,51.215811,4.421168,Munich,8000261,48.140232,11.558335,794709.9565040611,False
8800007,8002549,Antwerpen Centraal,Hamburg Hbf,380,4,,2026-01-06,Antwerp,8800007,51.215811,4.421168,Hamburg,8002549,53.552736,10.006909,556162.8476778254,False
8800007,8003368,Antwerpen Centraal,Köln Messe/Deutz,152,4,,2026-01-06,Antwerp,8800007,51.215811,4.421168,Cologne,8003368,50.940874,6.975001,225865.59998249123,False
8800007,8000105,Antwerpen Centraal,Frankfurt(Main)Hbf,213,2,,2026-01-06,Antwerp,8800007,51.215811,4.421168,Frankfurt,8000105,50.1066819,8.66282825,404852.0588518385,False
8800007,8000085,Antwerpen Centraal,Düsseldorf Hbf,173,4,,2026-01-06,Antwerp,8800007,51.215811,4.421168,Düsseldorf,8000085,51.219962,6.794319,201324.5923136747,False
8800007,8010205,Antwerpen Centraal,Leipzig Hbf,435,4,,2026-01-06,Antwerp,8800007,51.215811,4.421168,Leipzig,8010205,51.3454712,12.3820639,664699.3263465229,False
8800007,8000080,Antwerpen Centraal,Dortmund Hbf,236,6,,2026-01-06,Antwerp,8800007,51.215811,4.421168,Dortmund,8000080,51.517896,7.45929,253644.8690550013,False
8800007,8000098,Antwerpen Centraal,Essen Hbf,209,8,,2026-01-06,Antwerp,8800007,51.215811,4.421168,Essen,8000098,51.451355,7.014793,219711.68077235535,False
8800007,8000050,Antwerpen Centraal,Bremen Hbf,339,8,,2026-01-06,Antwerp,8800007,51.215811,4.421168,Bremen,8000050,53.083481,8.813834,453018.5847281572,False
8800007,8010085,Antwerpen Centraal,Dresden Hbf,523,6,,2026-01-06,Antwerp,8800007,51.215811,4.421168,Dresden,8010085,51.040563,13.732035,780497.401870812,False
8800007,8000152,Antwerpen Centraal,Hannover Hbf,325,4,,2026-01-06,Antwerp,8800007,51.215811,4.421168,Hannover,8000152,52.376761,9.741021,460969.25572552066,False
8800007,8000284,Antwerpen Centraal,Nürnberg Hbf,364,4,,2026-01-06,Antwerp,8800007,51.215811,4.421168,Nuremberg,8000284,49.445616,11.082989,626219.7876288919,False
8800007,8000086,Antwerpen Centraal,Duisburg Hbf,189,4,,2026-01-06,Antwerp,8800007,51.215811,4.421168,Duisburg,8000086,51.429785,6.775903,200484.76257434665,False
8800007,8601242,Antwerpen Centraal,Koebenhavns Lufthavn st,754,8,,2026-01-06,Antwerp,8800007,51.215811,4.421168,Copenhagen,8601242,55.629605,12.649382,1066697.5353123243,False
8800007,7100064,Antwerpen Centraal,Barcelona Sants,590,4,,2026-01-06,Antwerp,8800007,51.215811,4.421168,Barcelona,7100064,41.378914,2.140369,1419662.6560244395,True
8800007,8700047,Antwerpen Centraal,Bordeaux-St-Jean,313,2,,2026-01-06,Antwerp,8800007,51.215811,4.421168,Bordeaux,8700047,44.826486,-0.55592,902127.3929543176,True
8800007,8700074,Antwerpen Centraal,Marseille-St-Charles,381,2,,2026-01-06,Antwerp,8800007,51.215811,4.421168,Marseille,8700074,43.303812,5.38195,1093503.5261402386,True
8800007,8700152,Antwerpen Centraal,Lyon Part Dieu,289,2,,2026-01-06,Antwerp,8800007,51.215811,4.421168,Lyon,8700152,45.760564,4.85999,773630.9263282905,True
8800007,8700065,Antwerpen Centraal,Toulouse-Matabiau,475,2,,2026-01-06,Antwerp,8800007,51.215811,4.421168,Toulouse,8700065,43.611406,1.453939,1073754.2274414285,False
8800007,7800020,Antwerpen Centraal,Zagreb Glavni kolodvor,1145,6,,2026-01-06,Antwerp,8800007,51.215811,4.421168,Zagreb,7800020,45.8044381,15.9787052,1336807.66212,False
8800007,5500728,Antwerpen Centraal,Budapest-Nyugati,895,7,,2026-01-06,Antwerp,8800007,51.215811,4.421168,Budapest,5500728,47.510706,19.057466,1386692.1830082438,False
8800007,8300262,Antwerpen Centraal,Roma Tiburtina,847,4,,2026-01-06,Antwerp,8800007,51.215811,4.421168,Rome,8300262,41.91107,12.53146,1485862.0707883935,True
8800007,8300047,Antwerpen Centraal,Milano Porta Garibaldi,601,4,,2026-01-06,Antwerp,8800007,51.215811,4.421168,Milan,8300047,45.484437,9.18729699,927142.4639993096,False
8800007,8300522,Antwerpen Centraal,Torino Porta Susa,522,2,,2026-01-06,Antwerp,8800007,51.215811,4.421168,Turin,8300522,45.071833,7.665169,1010079.8378413896,False
8800007,8300153,Antwerpen Centraal,Genova Piazza Principe,657,4,,2026-01-06,Antwerp,8800007,51.215811,4.421168,Genoa,8300153,44.417504,8.922075,1051035.3370228696,False
8800007,8200100,Antwerpen Centraal,Luxembourg,235,2,,2026-01-06,Antwerp,8800007,51.215811,4.421168,Luxembourg,8200100,49.599714,6.134396,265099.5328104161,False
8800007,8400597,Antwerpen Centraal,Tilburg,58,2,,2026-01-06,Antwerp,8800007,51.215811,4.421168,Tilburg,8400597,51.56061,5.083787,80736.91667723747,True
8800007,8400058,Antwerpen Centraal,Amsterdam Centraal,80,0,,2026-01-06,Antwerp,8800007,51.215811,4.421168,Amsterdam,8400058,52.37919,4.899431,167303.7420282914,False
8800007,8400530,Antwerpen Centraal,Rotterdam Centraal,32,0,,2026-01-06,Antwerp,8800007,51.215811,4.421168,Rotterdam,8400530,51.924802,4.468769,97480.72185244602,False
8800007,5100065,Antwerpen Centraal,Warszawa Centralna,745,8,,2026-01-06,Antwerp,8800007,51.215811,4.421168,Warsaw,5100065,52.22886,21.003234,1280285.2928237612,False
8800007,5100028,Antwerpen Centraal,Krakow Glowny,1020,6,,2026-01-06,Antwerp,8800007,51.215811,4.421168,Kraków,5100028,50.067194,19.947426,1269854.3470660574,False
8800007,5100069,Antwerpen Centraal,Wroclaw Glowny,740,6,,2026-01-06,Antwerp,8800007,51.215811,4.421168,Wrocław,5100069,51.098078,17.037088,1014123.1347557736,False
8800007,5100081,Antwerpen Centraal,Poznan Glowny,598,8,,2026-01-06,Antwerp,8800007,51.215811,4.421168,Poznań,5100081,52.401993,16.91087,981484.8190644572,False
8800007,7400002,Antwerpen Centraal,Stockholm Central,1166,6,,2026-01-06,Antwerp,8800007,51.215811,4.421168,Stockholm,7400002,59.330014,18.05763,1693006.291410369,False
8800007,7900003,Antwerpen Centraal,Ljubljana,924,6,,2026-01-06,Antwerp,8800007,51.215811,4.421168,Ljubljana,7900003,46.058691,14.512937,1195567.017165864,False
8800007,5600207,Antwerpen Centraal,Bratislava hl.st.,736,6,,2026-01-06,Antwerp,8800007,51.215811,4.421168,Bratislava,5600207,48.15891,17.106466,1201320.075296909,False
5400014,8103000,Praha hl.n.,Wien Hbf,252,2,,2026-01-06,Prague,5400014,50.083062,14.436039,Vienna,8103000,48.185101,16.377113,349084.0055166641,False
5400014,8800004,Praha hl.n.,Bruxelles Midi,660,8,,2026-01-06,Prague,5400014,50.083062,14.436039,Brussels,8800004,50.835376,4.335694,966720.579303388,False
5400014,8800007,Praha hl.n.,Antwerpen Centraal,695,6,,2026-01-06,Prague,5400014,50.083062,14.436039,Antwerp,8800007,51.215811,4.421168,970208.7162392264,False
5400014,8011160,Praha hl.n.,Berlin Hbf,237,0,,2026-01-06,Prague,5400014,50.083062,14.436039,Berlin,8011160,52.525592,13.369545,375648.1125712663,False
5400014,8000096,Praha hl.n.,Stuttgart Hbf,447,4,,2026-01-06,Prague,5400014,50.083062,14.436039,Stuttgart,8000096,48.78478,9.182757,534144.4652686815,False
5400014,8000261,Praha hl.n.,München Hbf,341,0,,2026-01-06,Prague,5400014,50.083062,14.436039,Munich,8000261,48.140232,11.558335,409878.8360213263,False
5400014,8002549,Praha hl.n.,Hamburg Hbf,400,2,,2026-01-06,Prague,5400014,50.083062,14.436039,Hamburg,8002549,53.552736,10.006909,654988.3791625532,False
5400014,8000105,Praha hl.n.,Frankfurt(Main)Hbf,433,4,,2026-01-06,Prague,5400014,50.083062,14.436039,Frankfurt,8000105,50.1066819,8.66282825,570467.8991251735,False
5400014,8000085,Praha hl.n.,Düsseldorf Hbf,519,2,,2026-01-06,Prague,5400014,50.083062,14.436039,Düsseldorf,8000085,51.219962,6.794319,779798.3171152818,False
5400014,8010205,Praha hl.n.,Leipzig Hbf,240,2,,2026-01-06,Prague,5400014,50.083062,14.436039,Leipzig,8010205,51.3454712,12.3820639,313083.33933911804,False
5400014,8000080,Praha hl.n.,Dortmund Hbf,460,2,,2026-01-06,Prague,5400014,50.083062,14.436039,Dortmund,8000080,51.517896,7.45929,726178.7539661195,False
5400014,8000098,Praha hl.n.,Essen Hbf,486,2,,2026-01-06,Prague,5400014,50.083062,14.436039,Essen,8000098,51.451355,7.014793,756903.549837285,False
5400014,8000050,Praha hl.n.,Bremen Hbf,439,4,,2026-01-06,Prague,5400014,50.083062,14.436039,Bremen,8000050,53.083481,8.813834,679695.2415676079,False
5400014,8010085,Praha hl.n.,Dresden Hbf,139,0,,2026-01-06,Prague,5400014,50.083062,14.436039,Dresden,8010085,51.040563,13.732035,196103.13992011463,False
5400014,8000152,Praha hl.n.,Hannover Hbf,357,2,,2026-01-06,Prague,5400014,50.083062,14.436039,Hannover,8000152,52.376761,9.741021,557490.6294016576,False
5400014,8000284,Praha hl.n.,Nürnberg Hbf,280,2,,2026-01-06,Prague,5400014,50.083062,14.436039,Nuremberg,8000284,49.445616,11.082989,343989.0909686194,False
5400014,8000086,Praha hl.n.,Duisburg Hbf,500,2,,2026-01-06,Prague,5400014,50.083062,14.436039,Duisburg,8000086,51.429785,6.775903,776163.5515698576,False
5400014,8601242,Praha hl.n.,Koebenhavns Lufthavn st,892,2,,2026-01-06,Prague,5400014,50.083062,14.436039,Copenhagen,8601242,55.629605,12.649382,1154902.2790306653,False
5400014,7100064,Praha hl.n.,Barcelona Sants,1492,6,,2026-01-06,Prague,5400014,50.083062,14.436039,Barcelona,7100064,41.378914,2.140369,1766306.312569786,False
5400014,8700047,Praha hl.n.,Bordeaux-St-Jean,1063,6,,2026-01-06,Prague,5400014,50.083062,14.436039,Bordeaux,8700047,44.826486,-0.55592,1651289.4438225066,True
5400014,8700074,Praha hl.n.,Marseille-St-Charles,1123,6,,2026-01-06,Prague,5400014,50.083062,14.436039,Marseille,8700074,43.303812,5.38195,1424075.8813961302,False
5400014,8700152,Praha hl.n.,Lyon Part Dieu,988,6,,2026-01-06,Prague,5400014,50.083062,14.436039,Lyon,8700152,45.760564,4.85999,1120274.5828736331,False
5400014,8700065,Praha hl.n.,Toulouse-Matabiau,1244,8,,2026-01-06,Prague,5400014,50.083062,14.436039,Toulouse,8700065,43.611406,1.453939,1667129.735251234,False
5400014,7800020,Praha hl.n.,Zagreb Glavni kolodvor,719,4,,2026-01-06,Prague,5400014,50.083062,14.436039,Zagreb,7800020,45.8044381,15.9787052,706639.9772488993,False
5400014,5500728,Praha hl.n.,Budapest-Nyugati,411,0,,2026-01-06,Prague,5400014,50.083062,14.436039,Budapest,5500728,47.510706,19.057466,591500.9840282595,False
5400014,8300262,Praha hl.n.,Roma Tiburtina,993,8,,2026-01-06,Prague,5400014,50.083062,14.436039,Rome,8300262,41.91107,12.53146,1281588.611414584,False
5400014,8300522,Praha hl.n.,Torino Porta Susa,1067,8,,2026-01-06,Prague,5400014,50.083062,14.436039,Turin,8300522,45.071833,7.665169,1053510.2704793836,False
5400014,8300153,Praha hl.n.,Genova Piazza Principe,1183,8,,2026-01-06,Prague,5400014,50.083062,14.436039,Genoa,8300153,44.417504,8.922075,1083984.8477361235,False
5400014,7900003,Praha hl.n.,Ljubljana,615,6,,2026-01-06,Prague,5400014,50.083062,14.436039,Ljubljana,7900003,46.058691,14.512937,692595.8873928408,False
5400014,5600207,Praha hl.n.,Bratislava hl.st.,265,0,,2026-01-06,Prague,5400014,50.083062,14.436039,Bratislava,5600207,48.15891,17.106466,395867.6379000418,False
8011160,8103000,Berlin Hbf,Wien Hbf,431,2,,2026-01-06,Berlin,8011160,52.525592,13.369545,Vienna,8103000,48.185101,16.377113,685291.1210084121,False
8011160,8800004,Berlin Hbf,Bruxelles Midi,391,2,,2026-01-06,Berlin,8011160,52.525592,13.369545,Brussels,8800004,50.835376,4.335694,744733.0756898102,False
8011160,8800007,Berlin Hbf,Antwerpen Centraal,422,4,,2026-01-06,Berlin,8011160,52.525592,13.369545,Antwerp,8800007,51.215811,4.421168,716244.6803764512,False
8011160,5400014,Berlin Hbf,Praha hl.n.,237,0,,2026-01-06,Berlin,8011160,52.525592,13.369545,Prague,5400014,50.083062,14.436039,375648.1125712655,False
8011160,8000096,Berlin Hbf,Stuttgart Hbf,317,2,,2026-01-06,Berlin,8011160,52.525592,13.369545,Stuttgart,8000096,48.78478,9.182757,633384.875144618,True
8011160,8000261,Berlin Hbf,München Hbf,235,0,,2026-01-06,Berlin,8011160,52.525592,13.369545,Munich,8000261,48.140232,11.558335,617586.5487949672,True
8011160,8002549,Berlin Hbf,Hamburg Hbf,148,0,,2026-01-06,Berlin,8011160,52.525592,13.369545,Hamburg,8002549,53.552736,10.006909,286350.34896443755,True
8011160,8003368,Berlin Hbf,Köln Messe/Deutz,251,2,,2026-01-06,Berlin,8011160,52.525592,13.369545,Cologne,8003368,50.940874,6.975001,550745.1770271058,False
8011160,8000105,Berlin Hbf,Frankfurt(Main)Hbf,231,0,,2026-01-06,Berlin,8011160,52.525592,13.369545,Frankfurt,8000105,50.1066819,8.66282825,514382.93719244504,True
8011160,8000085,Berlin Hbf,Düsseldorf Hbf,254,2,,2026-01-06,Berlin,8011160,52.525592,13.369545,Düsseldorf,8000085,51.219962,6.794319,531816.0417167679,False
8011160,8010205,Berlin Hbf,Leipzig Hbf,75,0,,2026-01-06,Berlin,8011160,52.525592,13.369545,Leipzig,8010205,51.3454712,12.3820639,168638.19147957867,True
8011160,8000080,Berlin Hbf,Dortmund Hbf,204,0,,2026-01-06,Berlin,8011160,52.525592,13.369545,Dortmund,8000080,51.517896,7.45929,462604.44171105186,True
8011160,8000098,Berlin Hbf,Essen Hbf,229,0,,2026-01-06,Berlin,8011160,52.525592,13.369545,Essen,8000098,51.451355,7.014793,496548.19870435615,True
8011160,8000050,Berlin Hbf,Bremen Hbf,164,0,,2026-01-06,Berlin,8011160,52.525592,13.369545,Bremen,8000050,53.083481,8.813834,338273.985789874,False
8011160,8010085,Berlin Hbf,Dresden Hbf,99,0,,2026-01-06,Berlin,8011160,52.525592,13.369545,Dresden,8010085,51.040563,13.732035,179545.48293270072,False
8011160,8000152,Berlin Hbf,Hannover Hbf,93,0,,2026-01-06,Berlin,8011160,52.525592,13.369545,Hannover,8000152,52.376761,9.741021,255310.02351523808,False
8011160,8000284,Berlin Hbf,Nürnberg Hbf,166,0,,2026-01-06,Berlin,8011160,52.525592,13.369545,Nuremberg,8000284,49.445616,11.082989,446983.2399298827,True
8011160,8000086,Berlin Hbf,Duisburg Hbf,242,0,,2026-01-06,Berlin,8011160,52.525592,13.369545,Duisburg,8000086,51.429785,6.775903,515808.2004369285,False
8011160,8601242,Berlin Hbf,Koebenhavns Lufthavn st,500,4,,2026-01-06,Berlin,8011160,52.525592,13.369545,Copenhagen,8601242,55.629605,12.649382,780760.4022166771,False
8011160,7100064,Berlin Hbf,Barcelona Sants,1024,4,,2026-01-06,Berlin,8011160,52.525592,13.369545,Barcelona,7100064,41.378914,2.140369,1818548.816465708,False
8011160,8700047,Berlin Hbf,Bordeaux-St-Jean,673,6,,2026-01-06,Berlin,8011160,52.525592,13.369545,Bordeaux,8700047,44.826486,-0.55592,1577803.2118656517,True
8011160,8700074,Berlin Hbf,Marseille-St-Charles,730,4,,2026-01-06,Berlin,8011160,52.525592,13.369545,Marseille,8700074,43.303812,5.38195,1492389.6865815043,False
8011160,8700152,Berlin Hbf,Lyon Part Dieu,622,4,,2026-01-06,Berlin,8011160,52.525592,13.369545,Lyon,8700152,45.760564,4.85999,1172517.086769555,False
8011160,8700065,Berlin Hbf,Toulouse-Matabiau,1068,8,,2026-01-06,Berlin,8011160,52.525592,13.369545,Toulouse,8700065,43.611406,1.453939,1713570.979113123,False
8011160,7800020,Berlin Hbf,Zagreb Glavni kolodvor,894,4,,2026-01-06,Berlin,8011160,52.525592,13.369545,Zagreb,7800020,45.8044381,15.9787052,1046889.9142077748,False
8011160,5500728,Berlin Hbf,Budapest-Nyugati,660,2,,2026-01-06,Berlin,8011160,52.525592,13.369545,Budapest,5500728,47.510706,19.057466,893152.622439315,False
8011160,8300262,Berlin Hbf,Roma Tiburtina,973,6,,2026-01-06,Berlin,8011160,52.525592,13.369545,Rome,8300262,41.91107,12.53146,1481578.398795727,True
8011160,8300047,Berlin Hbf,Milano Porta Garibaldi,722,8,,2026-01-06,Berlin,8011160,52.525592,13.369545,Milan,8300047,45.484437,9.18729699,1075650.652008684,False
8011160,8300522,Berlin Hbf,Torino Porta Susa,833,6,,2026-01-06,Berlin,8011160,52.525592,13.369545,Turin,8300522,45.071833,7.665169,1183356.0716569708,False
8011160,8300153,Berlin Hbf,Genova Piazza Principe,836,6,,2026-01-06,Berlin,8011160,52.525592,13.369545,Genoa,8300153,44.417504,8.922075,1213830.6489137074,False
8011160,8200100,Berlin Hbf,Luxembourg,499,4,,2026-01-06,Berlin,8011160,52.525592,13.369545,Luxembourg,8200100,49.599714,6.134396,777153.0728270258,False
8011160,8400597,Berlin Hbf,Tilburg,370,2,,2026-01-06,Berlin,8011160,52.525592,13.369545,Tilburg,8400597,51.56061,5.083787,641860.4538591867,False
8011160,8400058,Berlin Hbf,Amsterdam Centraal,344,0,,2026-01-06,Berlin,8011160,52.525592,13.369545,Amsterdam,8400058,52.37919,4.899431,633713.6706792283,False
8011160,8400530,Berlin Hbf,Rotterdam Centraal,369,4,,2026-01-06,Berlin,8011160,52.525592,13.369545,Rotterdam,8400530,51.924802,4.468769,665380.0719221229,False
8011160,5100065,Berlin Hbf,Warszawa Centralna,306,2,,2026-01-06,Berlin,8011160,52.525592,13.369545,Warsaw,5100065,52.22886,21.003234,567013.4417007214,False
8011160,5100028,Berlin Hbf,Krakow Glowny,412,0,,2026-01-06,Berlin,8011160,52.525592,13.369545,Kraków,5100028,50.067194,19.947426,591230.1527923673,False
8011160,5100069,Berlin Hbf,Wroclaw Glowny,241,0,,2026-01-06,Berlin,8011160,52.525592,13.369545,Wrocław,5100069,51.098078,17.037088,335498.9404820835,False
8011160,5100081,Berlin Hbf,Poznan Glowny,161,0,,2026-01-06,Berlin,8011160,52.525592,13.369545,Poznań,5100081,52.401993,16.91087,268212.9679414182,False
8011160,7400002,Berlin Hbf,Stockholm Central,810,6,,2026-01-06,Berlin,8011160,52.525592,13.369545,Stockholm,7400002,59.330014,18.05763,1407069.1583147163,False
8011160,7900003,Berlin Hbf,Ljubljana,642,6,,2026-01-06,Berlin,8011160,52.525592,13.369545,Ljubljana,7900003,46.058691,14.512937,965526.8183016202,False
8011160,5600207,Berlin Hbf,Bratislava hl.st.,514,2,,2026-01-06,Berlin,8011160,52.525592,13.369545,Bratislava,5600207,48.15891,17.106466,697519.276311094,False
8000096,8103000,Stuttgart Hbf,Wien Hbf,394,2,,2026-01-06,Stuttgart,8000096,48.78478,9.182757,Vienna,8103000,48.185101,16.377113,654016.3366773054,False
8000096,8800004,Stuttgart Hbf,Bruxelles Midi,286,2,,2026-01-06,Stuttgart,8000096,48.78478,9.182757,Brussels,8800004,50.835376,4.335694,561785.7963055518,False
8000096,8800007,Stuttgart Hbf,Antwerpen Centraal,317,4,,2026-01-06,Stuttgart,8000096,48.78478,9.182757,Antwerp,8800007,51.215811,4.421168,565273.9332413856,False
8000096,5400014,Stuttgart Hbf,Praha hl.n.,441,4,,2026-01-06,Stuttgart,8000096,48.78478,9.182757,Prague,5400014,50.083062,14.436039,534144.4652686779,False
8000096,8011160,Stuttgart Hbf,Berlin Hbf,314,2,,2026-01-06,Stuttgart,8000096,48.78478,9.182757,Berlin,8011160,52.525592,13.369545,633384.8751446168,True
8000096,8000261,Stuttgart Hbf,München Hbf,117,0,,2026-01-06,Stuttgart,8000096,48.78478,9.182757,Munich,8000261,48.140232,11.558335,234834.5205953221,True
8000096,8002549,Stuttgart Hbf,Hamburg Hbf,306,0,,2026-01-06,Stuttgart,8000096,48.78478,9.182757,Hamburg,8002549,53.552736,10.006909,667378.694350811,False
8000096,8000105,Stuttgart Hbf,Frankfurt(Main)Hbf,77,0,,2026-01-06,Stuttgart,8000096,48.78478,9.182757,Frankfurt,8000105,50.1066819,8.66282825,178364.45007188272,False
8000096,8000085,Stuttgart Hbf,Düsseldorf Hbf,147,0,,2026-01-06,Stuttgart,8000096,48.78478,9.182757,Düsseldorf,8000085,51.219962,6.794319,377201.328246757,True
8000096,8010205,Stuttgart Hbf,Leipzig Hbf,262,4,,2026-01-06,Stuttgart,8000096,48.78478,9.182757,Leipzig,8010205,51.3454712,12.3820639,494396.58807908616,False
8000096,8000080,Stuttgart Hbf,Dortmund Hbf,202,0,,2026-01-06,Stuttgart,8000096,48.78478,9.182757,Dortmund,8000080,51.517896,7.45929,432410.8159802976,False
8000096,8000098,Stuttgart Hbf,Essen Hbf,176,0,,2026-01-06,Stuttgart,8000096,48.78478,9.182757,Essen,8000098,51.451355,7.014793,410835.51339006936,True
8000096,8000050,Stuttgart Hbf,Bremen Hbf,316,2,,2026-01-06,Stuttgart,8000096,48.78478,9.182757,Bremen,8000050,53.083481,8.813834,624720.5945543277,False
8000096,8010085,Stuttgart Hbf,Dresden Hbf,334,4,,2026-01-06,Stuttgart,8000096,48.78478,9.182757,Dresden,8010085,51.040563,13.732035,577486.2417236539,False
8000096,8000152,Stuttgart Hbf,Hannover Hbf,222,0,,2026-01-06,Stuttgart,8000096,48.78478,9.182757,Hannover,8000152,52.376761,9.741021,502506.0937106402,True
8000096,8000284,Stuttgart Hbf,Nürnberg Hbf,129,0,,2026-01-06,Stuttgart,8000096,48.78478,9.182757,Nuremberg,8000284,49.445616,11.082989,190158.2242681344,False
8000096,8000086,Stuttgart Hbf,Duisburg Hbf,163,0,,2026-01-06,Stuttgart,8000096,48.78478,9.182757,Duisburg,8000086,51.429785,6.775903,399387.95584155706,True
8000096,8601242,Stuttgart Hbf,Koebenhavns Lufthavn st,665,4,,2026-01-06,Stuttgart,8000096,48.78478,9.182757,Copenhagen,8601242,55.629605,12.649382,1177913.3819853102,False
8000096,7100064,Stuttgart Hbf,Barcelona Sants,742,2,,2026-01-06,Stuttgart,8000096,48.78478,9.182757,Barcelona,7100064,41.378914,2.140369,1256126.2552836468,False
8000096,8700047,Stuttgart Hbf,Bordeaux-St-Jean,382,2,,2026-01-06,Stuttgart,8000096,48.78478,9.182757,Bordeaux,8700047,44.826486,-0.55592,1135308.1265023227,True
8000096,8700074,Stuttgart Hbf,Marseille-St-Charles,457,2,,2026-01-06,Stuttgart,8000096,48.78478,9.182757,Marseille,8700074,43.303812,5.38195,929967.125399436,False
8000096,8700152,Stuttgart Hbf,Lyon Part Dieu,351,4,,2026-01-06,Stuttgart,8000096,48.78478,9.182757,Lyon,8700152,45.760564,4.85999,610094.5255874904,False
8000096,8700065,Stuttgart Hbf,Toulouse-Matabiau,528,2,,2026-01-06,Stuttgart,8000096,48.78478,9.182757,Toulouse,8700065,43.611406,1.453939,1151148.4179310706,False
8000096,7800020,Stuttgart Hbf,Zagreb Glavni kolodvor,742,2,,2026-01-06,Stuttgart,8000096,48.78478,9.182757,Zagreb,7800020,45.8044381,15.9787052,804508.00961833,False
8000096,5500728,Stuttgart Hbf,Budapest-Nyugati,591,5,,2026-01-06,Stuttgart,8000096,48.78478,9.182757,Budapest,5500728,47.510706,19.057466,904450.5312016988,False
8000096,8300262,Stuttgart Hbf,Roma Tiburtina,626,4,,2026-01-06,Stuttgart,8000096,48.78478,9.182757,Rome,8300262,41.91107,12.53146,1039456.4619152244,True
8000096,8300047,Stuttgart Hbf,Milano Porta Garibaldi,413,4,,2026-01-06,Stuttgart,8000096,48.78478,9.182757,Milan,8300047,45.484437,9.18729699,480736.8551261394,False
8000096,8300522,Stuttgart Hbf,Torino Porta Susa,496,6,,2026-01-06,Stuttgart,8000096,48.78478,9.182757,Turin,8300522,45.071833,7.665169,588442.274774423,False
8000096,8300153,Stuttgart Hbf,Genova Piazza Principe,493,6,,2026-01-06,Stuttgart,8000096,48.78478,9.182757,Genoa,8300153,44.417504,8.922075,618916.8520311682,False
8000096,8200100,Stuttgart Hbf,Luxembourg,203,2,,2026-01-06,Stuttgart,8000096,48.78478,9.182757,Luxembourg,8200100,49.599714,6.134396,339683.4274001051,False
8000096,8400597,Stuttgart Hbf,Tilburg,316,8,,2026-01-06,Stuttgart,8000096,48.78478,9.182757,Tilburg,8400597,51.56061,5.083787,515161.27752888337,True
8000096,8400058,Stuttgart Hbf,Amsterdam Centraal,303,2,,2026-01-06,Stuttgart,8000096,48.78478,9.182757,Amsterdam,8400058,52.37919,4.899431,593696.1430101414,True
8000096,8400530,Stuttgart Hbf,Rotterdam Centraal,314,4,,2026-01-06,Stuttgart,8000096,48.78478,9.182757,Rotterdam,8400530,51.924802,4.468769,582340.7437602677,True
8000096,5100065,Stuttgart Hbf,Warszawa Centralna,651,4,,2026-01-06,Stuttgart,8000096,48.78478,9.182757,Warsaw,5100065,52.22886,21.003234,1154852.4087667847,False
8000096,5100028,Stuttgart Hbf,Krakow Glowny,732,4,,2026-01-06,Stuttgart,8000096,48.78478,9.182757,Kraków,5100028,50.067194,19.947426,1012317.065463188,False
8000096,5100069,Stuttgart Hbf,Wroclaw Glowny,501,4,,2026-01-06,Stuttgart,8000096,48.78478,9.182757,Wrocław,5100069,51.098078,17.037088,808631.7888551865,False
8000096,5100081,Stuttgart Hbf,Poznan Glowny,504,4,,2026-01-06,Stuttgart,8000096,48.78478,9.182757,Poznań,5100081,52.401993,16.91087,856051.935007484,False
8000096,7400002,Stuttgart Hbf,Stockholm Central,1069,4,,2026-01-06,Stuttgart,8000096,48.78478,9.182757,Stockholm,7400002,59.330014,18.05763,1804222.138083355,False
8000096,7900003,Stuttgart Hbf,Ljubljana,491,2,,2026-01-06,Stuttgart,8000096,48.78478,9.182757,Ljubljana,7900003,46.058691,14.512937,663267.364664196,False
8000096,5600207,Stuttgart Hbf,Bratislava hl.st.,475,6,,2026-01-06,Stuttgart,8000096,48.78478,9.182757,Bratislava,5600207,48.15891,17.106466,719078.4234903704,False
8000261,8103000,München Hbf,Wien Hbf,256,2,,2026-01-06,Munich,8000261,48.140232,11.558335,Vienna,8103000,48.185101,16.377113,422453.03322956944,False
8000261,8800004,München Hbf,Bruxelles Midi,403,2,,2026-01-06,Munich,8000261,48.140232,11.558335,Brussels,8800004,50.835376,4.335694,791221.8195682281,False
8000261,8800007,München Hbf,Antwerpen Centraal,434,4,,2026-01-06,Munich,8000261,48.140232,11.558335,Antwerp,8800007,51.215811,4.421168,794709.9565040668,False
8000261,5400014,München Hbf,Praha hl.n.,337,0,,2026-01-06,Munich,8000261,48.140232,11.558335,Prague,5400014,50.083062,14.436039,409878.83602132613,False
8000261,8011160,München Hbf,Berlin Hbf,232,0,,2026-01-06,Munich,8000261,48.140232,11.558335,Berlin,8011160,52.525592,13.369545,617586.5487949646,True
8000261,8000096,München Hbf,Stuttgart Hbf,118,0,,2026-01-06,Munich,8000261,48.140232,11.558335,Stuttgart,8000096,48.78478,9.182757,234834.5205953227,True
8000261,8002549,München Hbf,Hamburg Hbf,335,0,,2026-01-06,Munich,8000261,48.140232,11.558335,Hamburg,8002549,53.552736,10.006909,748283.6768032713,False
8000261,8000105,München Hbf,Frankfurt(Main)Hbf,202,2,,2026-01-06,Munich,8000261,48.140232,11.558335,Frankfurt,8000105,50.1066819,8.66282825,397082.2793799234,True
8000261,8000085,München Hbf,Düsseldorf Hbf,274,0,,2026-01-06,Munich,8000261,48.140232,11.558335,Düsseldorf,8000085,51.219962,6.794319,606412.6973700334,True
8000261,8010205,München Hbf,Leipzig Hbf,184,2,,2026-01-06,Munich,8000261,48.140232,11.558335,Leipzig,8010205,51.3454712,12.3820639,471983.3390763581,False
8000261,8000080,München Hbf,Dortmund Hbf,328,0,,2026-01-06,Munich,8000261,48.140232,11.558335,Dortmund,8000080,51.517896,7.45929,625924.9146939408,False
8000261,8000098,München Hbf,Essen Hbf,303,0,,2026-01-06,Munich,8000261,48.140232,11.558335,Essen,8000098,51.451355,7.014793,640046.8825133501,True
5400014,8200100,Praha hl.n.,Luxembourg,674,8,,2026-01-06,Prague,5400014,50.083062,14.436039,Luxembourg,8200100,49.599714,6.134396,850437.4116519147,False
5400014,8400597,Praha hl.n.,Tilburg,675,8,,2026-01-06,Prague,5400014,50.083062,14.436039,Tilburg,8400597,51.56061,5.083787,917758.266397414,False
5400014,8400058,Praha hl.n.,Amsterdam Centraal,658,4,,2026-01-06,Prague,5400014,50.083062,14.436039,Amsterdam,8400058,52.37919,4.899431,932045.843864166,False
5400014,8400530,Praha hl.n.,Rotterdam Centraal,669,6,,2026-01-06,Prague,5400014,50.083062,14.436039,Rotterdam,8400530,51.924802,4.468769,963712.2451070606,False
5400014,5100065,Praha hl.n.,Warszawa Centralna,491,2,,2026-01-06,Prague,5400014,50.083062,14.436039,Warsaw,5100065,52.22886,21.003234,658214.3548005593,False
5400014,5100028,Praha hl.n.,Krakow Glowny,349,2,,2026-01-06,Prague,5400014,50.083062,14.436039,Kraków,5100028,50.067194,19.947426,478177.2555274225,False
5400014,5100069,Praha hl.n.,Wroclaw Glowny,237,0,,2026-01-06,Prague,5400014,50.083062,14.436039,Wrocław,5100069,51.098078,17.037088,291135.3825632757,False
5400014,5100081,Praha hl.n.,Poznan Glowny,335,2,,2026-01-06,Prague,5400014,50.083062,14.436039,Poznań,5100081,52.401993,16.91087,440814.2276915997,False
5400014,7400002,Praha hl.n.,Stockholm Central,1222,8,,2026-01-06,Prague,5400014,50.083062,14.436039,Stockholm,7400002,59.330014,18.05763,1781211.0351287103,False
8000261,8000050,München Hbf,Bremen Hbf,323,2,,2026-01-06,Munich,8000261,48.140232,11.558335,Bremen,8000050,53.083481,8.813834,713257.5703033454,True
8000261,8010085,München Hbf,Dresden Hbf,256,2,,2026-01-06,Munich,8000261,48.140232,11.558335,Dresden,8010085,51.040563,13.732035,534538.2882262701,False
8000261,8000152,München Hbf,Hannover Hbf,250,0,,2026-01-06,Munich,8000261,48.140232,11.558335,Hannover,8000152,52.376761,9.741021,591043.0694596583,True
8000261,8000284,München Hbf,Nürnberg Hbf,63,0,,2026-01-06,Munich,8000261,48.140232,11.558335,Nuremberg,8000284,49.445616,11.082989,170603.67507020058,True
8000261,8000086,München Hbf,Duisburg Hbf,290,0,,2026-01-06,Munich,8000261,48.140232,11.558335,Duisburg,8000086,51.429785,6.775903,628599.3249648343,True
8000261,8601242,München Hbf,Koebenhavns Lufthavn st,696,6,,2026-01-06,Munich,8000261,48.140232,11.558335,Copenhagen,8601242,55.629605,12.649382,1258818.364437766,False
8000261,7100064,München Hbf,Barcelona Sants,864,6,,2026-01-06,Munich,8000261,48.140232,11.558335,Barcelona,7100064,41.378914,2.140369,1392415.482072967,False
8000261,8700047,München Hbf,Bordeaux-St-Jean,528,4,,2026-01-06,Munich,8000261,48.140232,11.558335,Bordeaux,8700047,44.826486,-0.55592,1335455.701882174,False
8000261,8700074,München Hbf,Marseille-St-Charles,618,2,,2026-01-06,Munich,8000261,48.140232,11.558335,Marseille,8700074,43.303812,5.38195,1050185.050899314,False
8000261,8700152,München Hbf,Lyon Part Dieu,481,4,,2026-01-06,Munich,8000261,48.140232,11.558335,Lyon,8700152,45.760564,4.85999,746383.7523768173,False
8000261,8700065,München Hbf,Toulouse-Matabiau,710,8,,2026-01-06,Munich,8000261,48.140232,11.558335,Toulouse,8700065,43.611406,1.453939,1295871.4293248423,False
8000261,7800020,München Hbf,Zagreb Glavni kolodvor,544,0,,2026-01-06,Munich,8000261,48.140232,11.558335,Zagreb,7800020,45.8044381,15.9787052,572944.7061706033,False
8000261,5500728,München Hbf,Budapest-Nyugati,453,5,,2026-01-06,Munich,8000261,48.140232,11.558335,Budapest,5500728,47.510706,19.057466,672887.227753963,False
8000261,8300153,München Hbf,Genova Piazza Principe,548,4,,2026-01-06,Munich,8000261,48.140232,11.558335,Genoa,8300153,44.417504,8.922075,684589.3399296062,False
8000261,8200100,München Hbf,Luxembourg,350,4,,2026-01-06,Munich,8000261,48.140232,11.558335,Luxembourg,8200100,49.599714,6.134396,569119.4506627886,False
8000261,8400597,München Hbf,Tilburg,433,6,,2026-01-06,Munich,8000261,48.140232,11.558335,Tilburg,8400597,51.56061,5.083787,744372.6466521655,True
8000261,8400058,München Hbf,Amsterdam Centraal,430,2,,2026-01-06,Munich,8000261,48.140232,11.558335,Amsterdam,8400058,52.37919,4.899431,822907.5121334218,False
8000261,8400530,München Hbf,Rotterdam Centraal,441,4,,2026-01-06,Munich,8000261,48.140232,11.558335,Rotterdam,8400530,51.924802,4.468769,811552.11288355,True
8000261,5100065,München Hbf,Warszawa Centralna,568,4,,2026-01-06,Munich,8000261,48.140232,11.558335,Warsaw,5100065,52.22886,21.003234,1068088.53548897,False
8000261,5100069,München Hbf,Wroclaw Glowny,423,4,,2026-01-06,Munich,8000261,48.140232,11.558335,Wrocław,5100069,51.098078,17.037088,701009.5632516869,False
8000261,5100081,München Hbf,Poznan Glowny,423,2,,2026-01-06,Munich,8000261,48.140232,11.558335,Poznań,5100081,52.401993,16.91087,835488.8367714133,False
8000261,7400002,München Hbf,Stockholm Central,1116,2,,2026-01-06,Munich,8000261,48.140232,11.558335,Stockholm,7400002,59.330014,18.05763,1885127.120535811,False
8000261,7900003,München Hbf,Ljubljana,353,2,,2026-01-06,Munich,8000261,48.140232,11.558335,Ljubljana,7900003,46.058691,14.512937,431704.0612164687,False
8000261,5600207,München Hbf,Bratislava hl.st.,323,4,,2026-01-06,Munich,8000261,48.140232,11.558335,Bratislava,5600207,48.15891,17.106466,487515.120042633,False
8002549,8103000,Hamburg Hbf,Wien Hbf,526,2,,2026-01-06,Hamburg,8002549,53.552736,10.006909,Vienna,8103000,48.185101,16.377113,964631.3875996988,False
8002549,8800004,Hamburg Hbf,Bruxelles Midi,383,2,,2026-01-06,Hamburg,8002549,53.552736,10.006909,Brussels,8800004,50.835376,4.335694,591517.3222406798,False
8002549,8800007,Hamburg Hbf,Antwerpen Centraal,401,8,,2026-01-06,Hamburg,8002549,53.552736,10.006909,Antwerp,8800007,51.215811,4.421168,556162.8476778241,False
8002549,5400014,Hamburg Hbf,Praha hl.n.,444,4,,2026-01-06,Hamburg,8002549,53.552736,10.006909,Prague,5400014,50.083062,14.436039,654988.379162554,False
8002549,8011160,Hamburg Hbf,Berlin Hbf,151,0,,2026-01-06,Hamburg,8002549,53.552736,10.006909,Berlin,8011160,52.525592,13.369545,286350.3489644355,True
8002549,8000096,Hamburg Hbf,Stuttgart Hbf,309,0,,2026-01-06,Hamburg,8002549,53.552736,10.006909,Stuttgart,8000096,48.78478,9.182757,667378.6943508086,False
8002549,8000261,Hamburg Hbf,München Hbf,339,0,,2026-01-06,Hamburg,8002549,53.552736,10.006909,Munich,8000261,48.140232,11.558335,748283.6768032725,False
8002549,8003368,Hamburg Hbf,Köln Messe/Deutz,254,4,,2026-01-06,Hamburg,8002549,53.552736,10.006909,Cologne,8003368,50.940874,6.975001,415209.4677840843,False
8002549,8000105,Hamburg Hbf,Frankfurt(Main)Hbf,215,0,,2026-01-06,Hamburg,8002549,53.552736,10.006909,Frankfurt,8000105,50.1066819,8.66282825,502469.54176884465,True
8002549,8000085,Hamburg Hbf,Düsseldorf Hbf,220,2,,2026-01-06,Hamburg,8002549,53.552736,10.006909,Düsseldorf,8000085,51.219962,6.794319,386144.0675340883,True
8002549,8010205,Hamburg Hbf,Leipzig Hbf,237,0,,2026-01-06,Hamburg,8002549,53.552736,10.006909,Leipzig,8010205,51.3454712,12.3820639,361939.20336144534,False
8002549,8000080,Hamburg Hbf,Dortmund Hbf,167,0,,2026-01-06,Hamburg,8002549,53.552736,10.006909,Dortmund,8000080,51.517896,7.45929,327050.5413334397,True
8002549,8000098,Hamburg Hbf,Essen Hbf,193,2,,2026-01-06,Hamburg,8002549,53.552736,10.006909,Essen,8000098,51.451355,7.014793,354323.32275030046,True
8002549,8000050,Hamburg Hbf,Bremen Hbf,56,0,,2026-01-06,Hamburg,8002549,53.552736,10.006909,Bremen,8000050,53.083481,8.813834,115275.0886515997,True
8002549,8010085,Hamburg Hbf,Dresden Hbf,306,4,,2026-01-06,Hamburg,8002549,53.552736,10.006909,Dresden,8010085,51.040563,13.732035,458885.7495239874,False
8002549,8000152,Hamburg Hbf,Hannover Hbf,75,0,,2026-01-06,Hamburg,8002549,53.552736,10.006909,Hannover,8000152,52.376761,9.741021,164895.831515973,False
8002549,8000284,Hamburg Hbf,Nürnberg Hbf,264,0,,2026-01-06,Hamburg,8002549,53.552736,10.006909,Nuremberg,8000284,49.445616,11.082989,577680.3679381869,False
8002549,8000086,Hamburg Hbf,Duisburg Hbf,206,2,,2026-01-06,Hamburg,8002549,53.552736,10.006909,Duisburg,8000086,51.429785,6.775903,362549.0179462648,True
8002549,8601242,Hamburg Hbf,Koebenhavns Lufthavn st,321,2,,2026-01-06,Hamburg,8002549,53.552736,10.006909,Copenhagen,8601242,55.629605,12.649382,510563.9041460127,False
8002549,7100064,Hamburg Hbf,Barcelona Sants,1025,4,,2026-01-06,Hamburg,8002549,53.552736,10.006909,Barcelona,7100064,41.378914,2.140369,1790018.6902689864,False
8002549,8700047,Hamburg Hbf,Bordeaux-St-Jean,645,4,,2026-01-06,Hamburg,8002549,53.552736,10.006909,Bordeaux,8700047,44.826486,-0.55592,1424909.023720614,True
8002549,8200100,Hamburg Hbf,Luxembourg,434,2,,2026-01-06,Hamburg,8002549,53.552736,10.006909,Luxembourg,8200100,49.599714,6.134396,646283.461352567,False
8002549,8400597,Hamburg Hbf,Tilburg,341,4,,2026-01-06,Hamburg,8002549,53.552736,10.006909,Tilburg,8400597,51.56061,5.083787,475425.93100058695,False
8002549,8400058,Hamburg Hbf,Amsterdam Centraal,315,2,,2026-01-06,Hamburg,8002549,53.552736,10.006909,Amsterdam,8400058,52.37919,4.899431,467279.1478206275,False
8002549,8400530,Hamburg Hbf,Rotterdam Centraal,331,4,,2026-01-06,Hamburg,8002549,53.552736,10.006909,Rotterdam,8400530,51.924802,4.468769,498945.5490635237,False
8002549,5100065,Hamburg Hbf,Warszawa Centralna,488,2,,2026-01-06,Hamburg,8002549,53.552736,10.006909,Warsaw,5100065,52.22886,21.003234,850390.9614117392,False
8002549,5100028,Hamburg Hbf,Krakow Glowny,595,2,,2026-01-06,Hamburg,8002549,53.552736,10.006909,Kraków,5100028,50.067194,19.947426,874607.6725033855,False
8002549,5100069,Hamburg Hbf,Wroclaw Glowny,419,2,,2026-01-06,Hamburg,8002549,53.552736,10.006909,Wrocław,5100069,51.098078,17.037088,618876.4601931024,False
8002549,5100081,Hamburg Hbf,Poznan Glowny,341,2,,2026-01-06,Hamburg,8002549,53.552736,10.006909,Poznań,5100081,52.401993,16.91087,551590.4876524402,True
8002549,7400002,Hamburg Hbf,Stockholm Central,643,4,,2026-01-06,Hamburg,8002549,53.552736,10.006909,Stockholm,7400002,59.330014,18.05763,1136872.6602440486,False
8002549,7900003,Hamburg Hbf,Ljubljana,737,6,,2026-01-06,Hamburg,8002549,53.552736,10.006909,Ljubljana,7900003,46.058691,14.512937,1147027.5974751592,False
8002549,5600207,Hamburg Hbf,Bratislava hl.st.,609,4,,2026-01-06,Hamburg,8002549,53.552736,10.006909,Bratislava,5600207,48.15891,17.106466,980487.087910067,False
8003368,8800004,Köln Messe/Deutz,Bruxelles Midi,124,2,,2026-01-06,Cologne,8003368,50.940874,6.975001,Brussels,8800004,50.835376,4.335694,222377.46304665593,False
8003368,8800007,Köln Messe/Deutz,Antwerpen Centraal,155,4,,2026-01-06,Cologne,8003368,50.940874,6.975001,Antwerp,8800007,51.215811,4.421168,225865.59998249065,False
8003368,8011160,Köln Messe/Deutz,Berlin Hbf,261,2,,2026-01-06,Cologne,8003368,50.940874,6.975001,Berlin,8011160,52.525592,13.369545,550745.1770271045,False
8003368,8000080,Köln Messe/Deutz,Dortmund Hbf,80,2,,2026-01-06,Cologne,8003368,50.940874,6.975001,Dortmund,8000080,51.517896,7.45929,94771.40276525512,False
8003368,8000050,Köln Messe/Deutz,Bremen Hbf,193,2,,2026-01-06,Cologne,8003368,50.940874,6.975001,Bremen,8000050,53.083481,8.813834,322309.8721985293,False
8003368,8000152,Köln Messe/Deutz,Hannover Hbf,165,2,,2026-01-06,Cologne,8003368,50.940874,6.975001,Hannover,8000152,52.376761,9.741021,295469.7523761757,False
8003368,7100064,Köln Messe/Deutz,Barcelona Sants,712,6,,2026-01-06,Cologne,8003368,50.940874,6.975001,Barcelona,7100064,41.378914,2.140369,1375159.713202258,False
8003368,8700047,Köln Messe/Deutz,Bordeaux-St-Jean,407,4,,2026-01-06,Cologne,8003368,50.940874,6.975001,Bordeaux,8700047,44.826486,-0.55592,1027864.6203022384,True
8003368,8700074,Köln Messe/Deutz,Marseille-St-Charles,510,4,,2026-01-06,Cologne,8003368,50.940874,6.975001,Marseille,8700074,43.303812,5.38195,1049000.5833180535,False
8003368,8700152,Köln Messe/Deutz,Lyon Part Dieu,389,4,,2026-01-06,Cologne,8003368,50.940874,6.975001,Lyon,8700152,45.760564,4.85999,729127.9835061074,False
8003368,8700065,Köln Messe/Deutz,Toulouse-Matabiau,561,4,,2026-01-06,Cologne,8003368,50.940874,6.975001,Toulouse,8700065,43.611406,1.453939,1199491.4547893396,False
8003368,7800020,Köln Messe/Deutz,Zagreb Glavni kolodvor,849,4,,2026-01-06,Cologne,8003368,50.940874,6.975001,Zagreb,7800020,45.8044381,15.9787052,1110942.0621375013,False
8003368,8200100,Köln Messe/Deutz,Luxembourg,222,4,,2026-01-06,Cologne,8003368,50.940874,6.975001,Luxembourg,8200100,49.599714,6.134396,231424.48428585017,False
8003368,8400597,Köln Messe/Deutz,Tilburg,166,6,,2026-01-06,Cologne,8003368,50.940874,6.975001,Tilburg,8400597,51.56061,5.083787,173415.15014067924,False
8003368,8400058,Köln Messe/Deutz,Amsterdam Centraal,172,2,,2026-01-06,Cologne,8003368,50.940874,6.975001,Amsterdam,8400058,52.37919,4.899431,255616.1442949091,False
8003368,8400530,Köln Messe/Deutz,Rotterdam Centraal,183,4,,2026-01-06,Cologne,8003368,50.940874,6.975001,Rotterdam,8400530,51.924802,4.468769,240594.6163720628,False
8003368,5100065,Köln Messe/Deutz,Warszawa Centralna,623,8,,2026-01-06,Cologne,8003368,50.940874,6.975001,Warsaw,5100065,52.22886,21.003234,1114785.789474412,False
8003368,5100028,Köln Messe/Deutz,Krakow Glowny,697,4,,2026-01-06,Cologne,8003368,50.940874,6.975001,Kraków,5100028,50.067194,19.947426,1097583.468207531,False
8003368,5100081,Köln Messe/Deutz,Poznan Glowny,478,6,,2026-01-06,Cologne,8003368,50.940874,6.975001,Poznań,5100081,52.401993,16.91087,815985.3157151124,False
8003368,7400002,Köln Messe/Deutz,Stockholm Central,930,6,,2026-01-06,Cologne,8003368,50.940874,6.975001,Stockholm,7400002,59.330014,18.05763,1552052.9115166254,False
8000105,8103000,Frankfurt(Main)Hbf,Wien Hbf,362,0,,2026-01-06,Frankfurt,8000105,50.1066819,8.66282825,Vienna,8103000,48.185101,16.377113,736517.1713697971,False
8000105,8800004,Frankfurt(Main)Hbf,Bruxelles Midi,181,0,,2026-01-06,Frankfurt,8000105,50.1066819,8.66282825,Brussels,8800004,50.835376,4.335694,401363.9219160029,True
8000105,8800007,Frankfurt(Main)Hbf,Antwerpen Centraal,212,2,,2026-01-06,Frankfurt,8000105,50.1066819,8.66282825,Antwerp,8800007,51.215811,4.421168,404852.05885183834,False
8000105,5400014,Frankfurt(Main)Hbf,Praha hl.n.,430,4,,2026-01-06,Frankfurt,8000105,50.1066819,8.66282825,Prague,5400014,50.083062,14.436039,570467.899125169,False
8000105,8011160,Frankfurt(Main)Hbf,Berlin Hbf,232,0,,2026-01-06,Frankfurt,8000105,50.1066819,8.66282825,Berlin,8011160,52.525592,13.369545,514382.93719244713,True
8000105,8000096,Frankfurt(Main)Hbf,Stuttgart Hbf,78,0,,2026-01-06,Frankfurt,8000105,50.1066819,8.66282825,Stuttgart,8000096,48.78478,9.182757,178364.450071883,False
8000105,8000261,Frankfurt(Main)Hbf,München Hbf,189,0,,2026-01-06,Frankfurt,8000105,50.1066819,8.66282825,Munich,8000261,48.140232,11.558335,397082.27937992406,True
8000105,8002549,Frankfurt(Main)Hbf,Hamburg Hbf,215,0,,2026-01-06,Frankfurt,8000105,50.1066819,8.66282825,Hamburg,8002549,53.552736,10.006909,502469.541768847,True
8000105,8000085,Frankfurt(Main)Hbf,Düsseldorf Hbf,88,0,,2026-01-06,Frankfurt,8000105,50.1066819,8.66282825,Düsseldorf,8000085,51.219962,6.794319,214441.65972789787,True
8000105,8010205,Frankfurt(Main)Hbf,Leipzig Hbf,174,0,,2026-01-06,Frankfurt,8000105,50.1066819,8.66282825,Leipzig,8010205,51.3454712,12.3820639,375394.6501269134,False
8000105,8000080,Frankfurt(Main)Hbf,Dortmund Hbf,149,2,,2026-01-06,Frankfurt,8000105,50.1066819,8.66282825,Dortmund,8000080,51.517896,7.45929,256224.1368094245,False
8000105,8000098,Frankfurt(Main)Hbf,Essen Hbf,118,0,,2026-01-06,Frankfurt,8000105,50.1066819,8.66282825,Essen,8000098,51.451355,7.014793,248075.84487121104,True
8000105,8000050,Frankfurt(Main)Hbf,Bremen Hbf,228,2,,2026-01-06,Frankfurt,8000105,50.1066819,8.66282825,Bremen,8000050,53.083481,8.813834,459811.4419723645,True
8000105,8010085,Frankfurt(Main)Hbf,Dresden Hbf,264,0,,2026-01-06,Frankfurt,8000105,50.1066819,8.66282825,Dresden,8010085,51.040563,13.732035,491192.7256512039,False
8000105,8000152,Frankfurt(Main)Hbf,Hannover Hbf,134,0,,2026-01-06,Frankfurt,8000105,50.1066819,8.66282825,Hannover,8000152,52.376761,9.741021,337596.94112867693,True
8000105,8000284,Frankfurt(Main)Hbf,Nürnberg Hbf,121,0,,2026-01-06,Frankfurt,8000105,50.1066819,8.66282825,Nuremberg,8000284,49.445616,11.082989,226478.9705148406,False
8000105,8000086,Frankfurt(Main)Hbf,Duisburg Hbf,105,0,,2026-01-06,Frankfurt,8000105,50.1066819,8.66282825,Duisburg,8000086,51.429785,6.775903,236628.28732269877,True
8000105,8601242,Frankfurt(Main)Hbf,Koebenhavns Lufthavn st,582,4,,2026-01-06,Frankfurt,8000105,50.1066819,8.66282825,Copenhagen,8601242,55.629605,12.649382,1013004.2294033468,False
8000105,7100064,Frankfurt(Main)Hbf,Barcelona Sants,750,4,,2026-01-06,Frankfurt,8000105,50.1066819,8.66282825,Barcelona,7100064,41.378914,2.140369,1309695.335991411,False
8000105,8700047,Frankfurt(Main)Hbf,Bordeaux-St-Jean,414,4,,2026-01-06,Frankfurt,8000105,50.1066819,8.66282825,Bordeaux,8700047,44.826486,-0.55592,1125023.560096361,True
8000105,8700074,Frankfurt(Main)Hbf,Marseille-St-Charles,464,0,,2026-01-06,Frankfurt,8000105,50.1066819,8.66282825,Marseille,8700074,43.303812,5.38195,983536.2061072048,False
8000105,8700152,Frankfurt(Main)Hbf,Lyon Part Dieu,362,2,,2026-01-06,Frankfurt,8000105,50.1066819,8.66282825,Lyon,8700152,45.760564,4.85999,663663.606295259,False
8000105,8700065,Frankfurt(Main)Hbf,Toulouse-Matabiau,560,4,,2026-01-06,Frankfurt,8000105,50.1066819,8.66282825,Toulouse,8700065,43.611406,1.453939,1204717.4986388416,False
8000105,7800020,Frankfurt(Main)Hbf,Zagreb Glavni kolodvor,803,4,,2026-01-06,Frankfurt,8000105,50.1066819,8.66282825,Zagreb,7800020,45.8044381,15.9787052,937066.8450059448,False
8000105,5500728,Frankfurt(Main)Hbf,Budapest-Nyugati,579,7,,2026-01-06,Frankfurt,8000105,50.1066819,8.66282825,Budapest,5500728,47.510706,19.057466,986951.3658941906,False
8000105,8300262,Frankfurt(Main)Hbf,Roma Tiburtina,679,9,,2026-01-06,Frankfurt,8000105,50.1066819,8.66282825,Rome,8300262,41.91107,12.53146,1195846.4146938464,True
8000105,8300047,Frankfurt(Main)Hbf,Milano Porta Garibaldi,459,8,,2026-01-06,Frankfurt,8000105,50.1066819,8.66282825,Milan,8300047,45.484437,9.18729699,637126.807904759,False
8000105,8300522,Frankfurt(Main)Hbf,Torino Porta Susa,549,8,,2026-01-06,Frankfurt,8000105,50.1066819,8.66282825,Turin,8300522,45.071833,7.665169,737392.4057885992,False
8000105,8300153,Frankfurt(Main)Hbf,Genova Piazza Principe,564,6,,2026-01-06,Frankfurt,8000105,50.1066819,8.66282825,Genoa,8300153,44.417504,8.922075,775306.8048097879,False
8000105,8200100,Frankfurt(Main)Hbf,Luxembourg,235,4,,2026-01-06,Frankfurt,8000105,50.1066819,8.66282825,Luxembourg,8200100,49.599714,6.134396,283522.3172690199,False
8000105,8400597,Frankfurt(Main)Hbf,Tilburg,237,6,,2026-01-06,Frankfurt,8000105,50.1066819,8.66282825,Tilburg,8400597,51.56061,5.083787,352401.60901002586,True
8000105,8400058,Frankfurt(Main)Hbf,Amsterdam Centraal,235,0,,2026-01-06,Frankfurt,8000105,50.1066819,8.66282825,Amsterdam,8400058,52.37919,4.899431,430936.4744912828,False
8000105,8400530,Frankfurt(Main)Hbf,Rotterdam Centraal,246,2,,2026-01-06,Frankfurt,8000105,50.1066819,8.66282825,Rotterdam,8400530,51.924802,4.468769,419581.07524140907,False
8000105,5100065,Frankfurt(Main)Hbf,Warszawa Centralna,583,4,,2026-01-06,Frankfurt,8000105,50.1066819,8.66282825,Warsaw,5100065,52.22886,21.003234,1035850.470814609,False
8000105,5100028,Frankfurt(Main)Hbf,Krakow Glowny,662,2,,2026-01-06,Frankfurt,8000105,50.1066819,8.66282825,Kraków,5100028,50.067194,19.947426,982869.7889024224,False
8000105,5100069,Frankfurt(Main)Hbf,Wroclaw Glowny,431,2,,2026-01-06,Frankfurt,8000105,50.1066819,8.66282825,Wrocław,5100069,51.098078,17.037088,727138.5765921394,False
8000105,5100081,Frankfurt(Main)Hbf,Poznan Glowny,438,2,,2026-01-06,Frankfurt,8000105,50.1066819,8.66282825,Poznań,5100081,52.401993,16.91087,737049.9970553099,False
8000105,7400002,Frankfurt(Main)Hbf,Stockholm Central,889,6,,2026-01-06,Frankfurt,8000105,50.1066819,8.66282825,Stockholm,7400002,59.330014,18.05763,1639312.9855013876,False
8000105,7900003,Frankfurt(Main)Hbf,Ljubljana,552,4,,2026-01-06,Frankfurt,8000105,50.1066819,8.66282825,Ljubljana,7900003,46.058691,14.512937,795826.2000518107,False
8000105,5600207,Frankfurt(Main)Hbf,Bratislava hl.st.,445,2,,2026-01-06,Frankfurt,8000105,50.1066819,8.66282825,Bratislava,5600207,48.15891,17.106466,801579.2581828621,False
8000085,8103000,Düsseldorf Hbf,Wien Hbf,461,2,,2026-01-06,Düsseldorf,8000085,51.219962,6.794319,Vienna,8103000,48.185101,16.377113,945847.5893599048,False
8000085,8800004,Düsseldorf Hbf,Bruxelles Midi,156,2,,2026-01-06,Düsseldorf,8000085,51.219962,6.794319,Brussels,8800004,50.835376,4.335694,229812.98762703405,False
8000085,8800007,Düsseldorf Hbf,Antwerpen Centraal,188,4,,2026-01-06,Düsseldorf,8000085,51.219962,6.794319,Antwerp,8800007,51.215811,4.421168,201324.5923136749,False
8000085,5400014,Düsseldorf Hbf,Praha hl.n.,539,4,,2026-01-06,Düsseldorf,8000085,51.219962,6.794319,Prague,5400014,50.083062,14.436039,779798.3171152767,False
8000085,8011160,Düsseldorf Hbf,Berlin Hbf,254,2,,2026-01-06,Düsseldorf,8000085,51.219962,6.794319,Berlin,8011160,52.525592,13.369545,531816.0417167678,False
8000085,8000096,Düsseldorf Hbf,Stuttgart Hbf,147,0,,2026-01-06,Düsseldorf,8000085,51.219962,6.794319,Stuttgart,8000096,48.78478,9.182757,377201.32824675506,True
8000085,8000261,Düsseldorf Hbf,München Hbf,274,0,,2026-01-06,Düsseldorf,8000085,51.219962,6.794319,Munich,8000261,48.140232,11.558335,606412.6973700334,True
8000085,8002549,Düsseldorf Hbf,Hamburg Hbf,193,0,,2026-01-06,Düsseldorf,8000085,51.219962,6.794319,Hamburg,8002549,53.552736,10.006909,386144.0675340889,True
8000085,8000105,Düsseldorf Hbf,Frankfurt(Main)Hbf,89,0,,2026-01-06,Düsseldorf,8000085,51.219962,6.794319,Frankfurt,8000105,50.1066819,8.66282825,214441.65972789793,True
8000085,8010205,Düsseldorf Hbf,Leipzig Hbf,282,4,,2026-01-06,Düsseldorf,8000085,51.219962,6.794319,Leipzig,8010205,51.3454712,12.3820639,474748.8089120949,False
8000085,8000080,Düsseldorf Hbf,Dortmund Hbf,47,0,,2026-01-06,Düsseldorf,8000085,51.219962,6.794319,Dortmund,8000080,51.517896,7.45929,69216.23039531933,False
8000085,8000098,Düsseldorf Hbf,Essen Hbf,24,0,,2026-01-06,Düsseldorf,8000085,51.219962,6.794319,Essen,8000098,51.451355,7.014793,36984.79642526349,False
8000085,8000050,Düsseldorf Hbf,Bremen Hbf,160,0,,2026-01-06,Düsseldorf,8000085,51.219962,6.794319,Bremen,8000050,53.083481,8.813834,286636.29601156706,False
8000085,8700152,Düsseldorf Hbf,Lyon Part Dieu,457,6,,2026-01-06,Düsseldorf,8000085,51.219962,6.794319,Lyon,8700152,45.760564,4.85999,767907.1226705228,False
8000085,8700065,Düsseldorf Hbf,Toulouse-Matabiau,589,4,,2026-01-06,Düsseldorf,8000085,51.219962,6.794319,Toulouse,8700065,43.611406,1.453939,1217614.014656716,False
8000085,7800020,Düsseldorf Hbf,Zagreb Glavni kolodvor,880,4,,2026-01-06,Düsseldorf,8000085,51.219962,6.794319,Zagreb,7800020,45.8044381,15.9787052,1146397.2629960517,False
8000085,5500728,Düsseldorf Hbf,Budapest-Nyugati,703,5,,2026-01-06,Düsseldorf,8000085,51.219962,6.794319,Budapest,5500728,47.510706,19.057466,1196281.783884302,False
8000085,8300262,Düsseldorf Hbf,Roma Tiburtina,754,8,,2026-01-06,Düsseldorf,8000085,51.219962,6.794319,Rome,8300262,41.91107,12.53146,1394176.5509271622,True
8000085,8300047,Düsseldorf Hbf,Milano Porta Garibaldi,542,6,,2026-01-06,Düsseldorf,8000085,51.219962,6.794319,Milan,8300047,45.484437,9.18729699,835456.9441380777,True
8000085,8300522,Düsseldorf Hbf,Torino Porta Susa,617,8,,2026-01-06,Düsseldorf,8000085,51.219962,6.794319,Turin,8300522,45.071833,7.665169,935722.5420219186,False
8000085,8300153,Düsseldorf Hbf,Genova Piazza Principe,638,8,,2026-01-06,Düsseldorf,8000085,51.219962,6.794319,Genoa,8300153,44.417504,8.922075,973636.9410431066,False
8000085,8200100,Düsseldorf Hbf,Luxembourg,236,4,,2026-01-06,Düsseldorf,8000085,51.219962,6.794319,Luxembourg,8200100,49.599714,6.134396,270203.6234502653,False
8000085,8400597,Düsseldorf Hbf,Tilburg,137,4,,2026-01-06,Düsseldorf,8000085,51.219962,6.794319,Tilburg,8400597,51.56061,5.083787,147353.67601017852,False
8000085,8400058,Düsseldorf Hbf,Amsterdam Centraal,138,0,,2026-01-06,Düsseldorf,8000085,51.219962,6.794319,Amsterdam,8400058,52.37919,4.899431,217908.0903496992,False
8000085,8400530,Düsseldorf Hbf,Rotterdam Centraal,149,2,,2026-01-06,Düsseldorf,8000085,51.219962,6.794319,Rotterdam,8400530,51.924802,4.468769,214533.1422415621,False
8000085,5100065,Düsseldorf Hbf,Warszawa Centralna,586,6,,2026-01-06,Düsseldorf,8000085,51.219962,6.794319,Warsaw,5100065,52.22886,21.003234,1095856.6541640733,False
8000085,5100028,Düsseldorf Hbf,Krakow Glowny,698,2,,2026-01-06,Düsseldorf,8000085,51.219962,6.794319,Kraków,5100028,50.067194,19.947426,1079903.829631626,False
8000085,5100069,Düsseldorf Hbf,Wroclaw Glowny,522,2,,2026-01-06,Düsseldorf,8000085,51.219962,6.794319,Wrocław,5100069,51.098078,17.037088,824172.6173213441,False
8000085,5100081,Düsseldorf Hbf,Poznan Glowny,441,4,,2026-01-06,Düsseldorf,8000085,51.219962,6.794319,Poznań,5100081,52.401993,16.91087,797056.1804047757,False
8000085,7400002,Düsseldorf Hbf,Stockholm Central,901,6,,2026-01-06,Düsseldorf,8000085,51.219962,6.794319,Stockholm,7400002,59.330014,18.05763,1522987.5112666315,False
8000085,7900003,Düsseldorf Hbf,Ljubljana,690,4,,2026-01-06,Düsseldorf,8000085,51.219962,6.794319,Ljubljana,7900003,46.058691,14.512937,1005156.6180419148,False
8000085,5600207,Düsseldorf Hbf,Bratislava hl.st.,544,4,,2026-01-06,Düsseldorf,8000085,51.219962,6.794319,Bratislava,5600207,48.15891,17.106466,1010909.6761729696,False
8010205,8103000,Leipzig Hbf,Wien Hbf,380,4,,2026-01-06,Leipzig,8010205,51.3454712,12.3820639,Vienna,8103000,48.185101,16.377113,622726.3477762623,False
8010205,8800004,Leipzig Hbf,Bruxelles Midi,406,2,,2026-01-06,Leipzig,8010205,51.3454712,12.3820639,Brussels,8800004,50.835376,4.335694,693187.7216598818,False
8010205,8800007,Leipzig Hbf,Antwerpen Centraal,437,4,,2026-01-06,Leipzig,8010205,51.3454712,12.3820639,Antwerp,8800007,51.215811,4.421168,664699.3263465228,False
8010205,5400014,Leipzig Hbf,Praha hl.n.,240,2,,2026-01-06,Leipzig,8010205,51.3454712,12.3820639,Prague,5400014,50.083062,14.436039,313083.3393391171,False
8010205,8011160,Leipzig Hbf,Berlin Hbf,74,0,,2026-01-06,Leipzig,8010205,51.3454712,12.3820639,Berlin,8011160,52.525592,13.369545,168638.1914795788,True
8010205,8000096,Leipzig Hbf,Stuttgart Hbf,265,4,,2026-01-06,Leipzig,8010205,51.3454712,12.3820639,Stuttgart,8000096,48.78478,9.182757,494396.5880790861,False
8010205,8000261,Leipzig Hbf,München Hbf,187,0,,2026-01-06,Leipzig,8010205,51.3454712,12.3820639,Munich,8000261,48.140232,11.558335,471983.3390763596,False
8010205,8002549,Leipzig Hbf,Hamburg Hbf,236,2,,2026-01-06,Leipzig,8010205,51.3454712,12.3820639,Hamburg,8002549,53.552736,10.006909,361939.2033614464,False
8010205,8000105,Leipzig Hbf,Frankfurt(Main)Hbf,175,0,,2026-01-06,Leipzig,8010205,51.3454712,12.3820639,Frankfurt,8000105,50.1066819,8.66282825,375394.65012691246,False
8010205,8000085,Leipzig Hbf,Düsseldorf Hbf,277,4,,2026-01-06,Leipzig,8010205,51.3454712,12.3820639,Düsseldorf,8000085,51.219962,6.794319,474748.8089120976,False
8010205,8000080,Leipzig Hbf,Dortmund Hbf,265,0,,2026-01-06,Leipzig,8010205,51.3454712,12.3820639,Dortmund,8000080,51.517896,7.45929,414278.0488032645,False
8010205,8000098,Leipzig Hbf,Essen Hbf,294,2,,2026-01-06,Leipzig,8010205,51.3454712,12.3820639,Essen,8000098,51.451355,7.014793,445002.8446744291,False
8010205,8000050,Leipzig Hbf,Bremen Hbf,244,2,,2026-01-06,Leipzig,8010205,51.3454712,12.3820639,Bremen,8000050,53.083481,8.813834,383595.5043554452,False
8010205,8010085,Leipzig Hbf,Dresden Hbf,65,0,,2026-01-06,Leipzig,8010205,51.3454712,12.3820639,Dresden,8010085,51.040563,13.732035,116980.70970055134,True
8010205,8000152,Leipzig Hbf,Hannover Hbf,161,0,,2026-01-06,Leipzig,8010205,51.3454712,12.3820639,Hannover,8000152,52.376761,9.741021,261390.89218949497,False
8010205,8000284,Leipzig Hbf,Nürnberg Hbf,115,2,,2026-01-06,Leipzig,8010205,51.3454712,12.3820639,Nuremberg,8000284,49.445616,11.082989,307994.952864351,False
8010205,8000086,Leipzig Hbf,Duisburg Hbf,290,4,,2026-01-06,Leipzig,8010205,51.3454712,12.3820639,Duisburg,8000086,51.429785,6.775903,464262.84640700143,False
8010205,8601242,Leipzig Hbf,Koebenhavns Lufthavn st,616,4,,2026-01-06,Leipzig,8010205,51.3454712,12.3820639,Copenhagen,8601242,55.629605,12.649382,872473.8909959467,False
8010205,7100064,Leipzig Hbf,Barcelona Sants,1192,6,,2026-01-06,Leipzig,8010205,51.3454712,12.3820639,Barcelona,7100064,41.378914,2.140369,1679560.529400175,False
8010205,8700047,Leipzig Hbf,Bordeaux-St-Jean,625,6,,2026-01-06,Leipzig,8010205,51.3454712,12.3820639,Bordeaux,8700047,44.826486,-0.55592,1496563.238252632,True
8010205,8700074,Leipzig Hbf,Marseille-St-Charles,657,2,,2026-01-06,Leipzig,8010205,51.3454712,12.3820639,Marseille,8700074,43.303812,5.38195,1353401.3995159713,False
8010205,8700152,Leipzig Hbf,Lyon Part Dieu,549,2,,2026-01-06,Leipzig,8010205,51.3454712,12.3820639,Lyon,8700152,45.760564,4.85999,1033528.7997040238,False
8010205,8700065,Leipzig Hbf,Toulouse-Matabiau,805,4,,2026-01-06,Leipzig,8010205,51.3454712,12.3820639,Toulouse,8700065,43.611406,1.453939,1574582.6920475983,False
8010205,7800020,Leipzig Hbf,Zagreb Glavni kolodvor,819,2,,2026-01-06,Leipzig,8010205,51.3454712,12.3820639,Zagreb,7800020,45.8044381,15.9787052,944174.5250320266,False
8010205,5500728,Leipzig Hbf,Budapest-Nyugati,631,3,,2026-01-06,Leipzig,8010205,51.3454712,12.3820639,Budapest,5500728,47.510706,19.057466,846101.4622043245,False
8010205,8300262,Leipzig Hbf,Roma Tiburtina,799,4,,2026-01-06,Leipzig,8010205,51.3454712,12.3820639,Rome,8300262,41.91107,12.53146,1342590.111730198,False
8010205,8300047,Leipzig Hbf,Milano Porta Garibaldi,640,8,,2026-01-06,Leipzig,8010205,51.3454712,12.3820639,Milan,8300047,45.484437,9.18729699,936662.3649431516,False
8010205,8300522,Leipzig Hbf,Torino Porta Susa,714,6,,2026-01-06,Leipzig,8010205,51.3454712,12.3820639,Turin,8300522,45.071833,7.665169,1044367.784591436,False
8010205,8300153,Leipzig Hbf,Genova Piazza Principe,765,6,,2026-01-06,Leipzig,8010205,51.3454712,12.3820639,Genoa,8300153,44.417504,8.922075,1074842.3618481772,False
8010205,8200100,Leipzig Hbf,Luxembourg,421,4,,2026-01-06,Leipzig,8010205,51.3454712,12.3820639,Luxembourg,8200100,49.599714,6.134396,655718.2985431176,False
8010205,8400597,Leipzig Hbf,Tilburg,436,8,,2026-01-06,Leipzig,8010205,51.3454712,12.3820639,Tilburg,8400597,51.56061,5.083787,610728.4100430257,False
8010205,8400058,Leipzig Hbf,Amsterdam Centraal,439,2,,2026-01-06,Leipzig,8010205,51.3454712,12.3820639,Amsterdam,8400058,52.37919,4.899431,628245.4887984877,False
8010205,8400530,Leipzig Hbf,Rotterdam Centraal,461,4,,2026-01-06,Leipzig,8010205,51.3454712,12.3820639,Rotterdam,8400530,51.924802,4.468769,656640.495611676,False
8010205,5100065,Leipzig Hbf,Warszawa Centralna,402,4,,2026-01-06,Leipzig,8010205,51.3454712,12.3820639,Warsaw,5100065,52.22886,21.003234,664062.2064281313,False
8010205,5100028,Leipzig Hbf,Krakow Glowny,433,0,,2026-01-06,Leipzig,8010205,51.3454712,12.3820639,Kraków,5100028,50.067194,19.947426,608657.7729517705,False
8010205,5100069,Leipzig Hbf,Wroclaw Glowny,214,0,,2026-01-06,Leipzig,8010205,51.3454712,12.3820639,Wrocław,5100069,51.098078,17.037088,352926.5606414856,False
8010205,5100081,Leipzig Hbf,Poznan Glowny,257,2,,2026-01-06,Leipzig,8010205,51.3454712,12.3820639,Poznań,5100081,52.401993,16.91087,365261.7326688282,False
8010205,7400002,Leipzig Hbf,Stockholm Central,1035,4,,2026-01-06,Leipzig,8010205,51.3454712,12.3820639,Stockholm,7400002,59.330014,18.05763,1498782.6470939866,False
8010205,5600207,Leipzig Hbf,Bratislava hl.st.,472,2,,2026-01-06,Leipzig,8010205,51.3454712,12.3820639,Bratislava,5600207,48.15891,17.106466,650468.1160761036,False
8000080,8103000,Dortmund Hbf,Wien Hbf,548,4,,2026-01-06,Dortmund,8000080,51.517896,7.45929,Vienna,8103000,48.185101,16.377113,965359.8066838128,False
8000080,8800004,Dortmund Hbf,Bruxelles Midi,225,2,,2026-01-06,Dortmund,8000080,51.517896,7.45929,Brussels,8800004,50.835376,4.335694,282133.26436836063,False
8000080,8800007,Dortmund Hbf,Antwerpen Centraal,237,6,,2026-01-06,Dortmund,8000080,51.517896,7.45929,Antwerp,8800007,51.215811,4.421168,253644.86905500136,False
8000080,5400014,Dortmund Hbf,Praha hl.n.,459,2,,2026-01-06,Dortmund,8000080,51.517896,7.45929,Prague,5400014,50.083062,14.436039,726178.753966122,False
8000080,8011160,Dortmund Hbf,Berlin Hbf,210,0,,2026-01-06,Dortmund,8000080,51.517896,7.45929,Berlin,8011160,52.525592,13.369545,462604.44171105145,True
8000080,8000096,Dortmund Hbf,Stuttgart Hbf,215,2,,2026-01-06,Dortmund,8000080,51.517896,7.45929,Stuttgart,8000096,48.78478,9.182757,432410.81598029775,False
8000080,8000261,Dortmund Hbf,München Hbf,338,2,,2026-01-06,Dortmund,8000080,51.517896,7.45929,Munich,8000261,48.140232,11.558335,625924.9146939411,False
8000080,8002549,Dortmund Hbf,Hamburg Hbf,170,0,,2026-01-06,Dortmund,8000080,51.517896,7.45929,Hamburg,8002549,53.552736,10.006909,327050.5413334396,True
8000080,8003368,Dortmund Hbf,Köln Messe/Deutz,80,2,,2026-01-06,Dortmund,8000080,51.517896,7.45929,Cologne,8003368,50.940874,6.975001,94771.4027652551,False
8000080,8000105,Dortmund Hbf,Frankfurt(Main)Hbf,150,2,,2026-01-06,Dortmund,8000080,51.517896,7.45929,Frankfurt,8000105,50.1066819,8.66282825,256224.13680942456,False
8000080,8000085,Dortmund Hbf,Düsseldorf Hbf,54,0,,2026-01-06,Dortmund,8000080,51.517896,7.45929,Düsseldorf,8000085,51.219962,6.794319,69216.23039531935,False
8000080,8010205,Dortmund Hbf,Leipzig Hbf,267,2,,2026-01-06,Dortmund,8000080,51.517896,7.45929,Leipzig,8010205,51.3454712,12.3820639,414278.04880326375,False
8000080,8000098,Dortmund Hbf,Essen Hbf,22,0,,2026-01-06,Dortmund,8000080,51.517896,7.45929,Essen,8000098,51.451355,7.014793,33948.387382908084,False
8000080,8000050,Dortmund Hbf,Bremen Hbf,109,0,,2026-01-06,Dortmund,8000080,51.517896,7.45929,Bremen,8000050,53.083481,8.813834,227542.7698109174,True
8000080,8010085,Dortmund Hbf,Dresden Hbf,321,2,,2026-01-06,Dortmund,8000080,51.517896,7.45929,Dresden,8010085,51.040563,13.732035,530076.1243275546,False
8000080,8000152,Dortmund Hbf,Hannover Hbf,102,0,,2026-01-06,Dortmund,8000080,51.517896,7.45929,Hannover,8000152,52.376761,9.741021,207329.017060124,True
8000080,8000284,Dortmund Hbf,Nürnberg Hbf,277,2,,2026-01-06,Dortmund,8000080,51.517896,7.45929,Nuremberg,8000284,49.445616,11.082989,455321.6058288564,False
8000080,8000086,Dortmund Hbf,Duisburg Hbf,35,0,,2026-01-06,Dortmund,8000080,51.517896,7.45929,Duisburg,8000086,51.429785,6.775903,53208.389115480226,False
8000080,8601242,Dortmund Hbf,Koebenhavns Lufthavn st,543,4,,2026-01-06,Dortmund,8000080,51.517896,7.45929,Copenhagen,8601242,55.629605,12.649382,837585.2289679386,False
8000080,7100064,Dortmund Hbf,Barcelona Sants,818,6,,2026-01-06,Dortmund,8000080,51.517896,7.45929,Barcelona,7100064,41.378914,2.140369,1469580.6252501467,False
8000080,8700047,Dortmund Hbf,Bordeaux-St-Jean,504,4,,2026-01-06,Dortmund,8000080,51.517896,7.45929,Bordeaux,8700047,44.826486,-0.55592,1115203.4005441908,True
8000080,8700074,Dortmund Hbf,Marseille-St-Charles,607,4,,2026-01-06,Dortmund,8000080,51.517896,7.45929,Marseille,8700074,43.303812,5.38195,1143421.4953659445,False
8000080,8700152,Dortmund Hbf,Lyon Part Dieu,486,4,,2026-01-06,Dortmund,8000080,51.517896,7.45929,Lyon,8700152,45.760564,4.85999,823548.8955539966,False
8000080,8700065,Dortmund Hbf,Toulouse-Matabiau,658,4,,2026-01-06,Dortmund,8000080,51.517896,7.45929,Toulouse,8700065,43.611406,1.453939,1286830.235031291,False
8000080,7800020,Dortmund Hbf,Zagreb Glavni kolodvor,981,4,,2026-01-06,Dortmund,8000080,51.517896,7.45929,Zagreb,7800020,45.8044381,15.9787052,1165909.48031996,False
8000080,5500728,Dortmund Hbf,Budapest-Nyugati,758,9,,2026-01-06,Dortmund,8000080,51.517896,7.45929,Budapest,5500728,47.510706,19.057466,1215794.00120821,False
8000080,8300262,Dortmund Hbf,Roma Tiburtina,813,7,,2026-01-06,Dortmund,8000080,51.517896,7.45929,Rome,8300262,41.91107,12.53146,1449818.3238106354,True
8000080,8300047,Dortmund Hbf,Milano Porta Garibaldi,593,6,,2026-01-06,Dortmund,8000080,51.517896,7.45929,Milan,8300047,45.484437,9.18729699,891098.7170215517,False
8000080,8300522,Dortmund Hbf,Torino Porta Susa,668,8,,2026-01-06,Dortmund,8000080,51.517896,7.45929,Turin,8300522,45.071833,7.665169,991364.3149053926,False
8000080,8300153,Dortmund Hbf,Genova Piazza Principe,706,6,,2026-01-06,Dortmund,8000080,51.517896,7.45929,Genoa,8300153,44.417504,8.922075,1029278.7139265806,False
8000080,8200100,Dortmund Hbf,Luxembourg,287,4,,2026-01-06,Dortmund,8000080,51.517896,7.45929,Luxembourg,8200100,49.599714,6.134396,325845.39633374155,False
8000080,8400597,Dortmund Hbf,Tilburg,170,8,,2026-01-06,Dortmund,8000080,51.517896,7.45929,Tilburg,8400597,51.56061,5.083787,199673.95275150455,False
8000080,8400058,Dortmund Hbf,Amsterdam Centraal,176,2,,2026-01-06,Dortmund,8000080,51.517896,7.45929,Amsterdam,8400058,52.37919,4.899431,231773.870273692,False
8000080,8400530,Dortmund Hbf,Rotterdam Centraal,184,4,,2026-01-06,Dortmund,8000080,51.517896,7.45929,Rotterdam,8400530,51.924802,4.468769,244527.9715512925,False
8000080,5100065,Dortmund Hbf,Warszawa Centralna,527,4,,2026-01-06,Dortmund,8000080,51.517896,7.45929,Warsaw,5100065,52.22886,21.003234,1026645.054158356,False
8000080,5100028,Dortmund Hbf,Krakow Glowny,650,2,,2026-01-06,Dortmund,8000080,51.517896,7.45929,Kraków,5100028,50.067194,19.947426,1019433.0695227964,False
8000080,5100069,Dortmund Hbf,Wroclaw Glowny,463,2,,2026-01-06,Dortmund,8000080,51.517896,7.45929,Wrocław,5100069,51.098078,17.037088,763701.8572125132,False
8000080,5100081,Dortmund Hbf,Poznan Glowny,382,2,,2026-01-06,Dortmund,8000080,51.517896,7.45929,Poznań,5100081,52.401993,16.91087,727844.580399057,False
8000080,7400002,Dortmund Hbf,Stockholm Central,851,6,,2026-01-06,Dortmund,8000080,51.517896,7.45929,Stockholm,7400002,59.330014,18.05763,1463893.985065978,False
8000080,7900003,Dortmund Hbf,Ljubljana,756,8,,2026-01-06,Dortmund,8000080,51.517896,7.45929,Ljubljana,7900003,46.058691,14.512937,1024668.8353658228,False
8000080,5600207,Dortmund Hbf,Bratislava hl.st.,631,6,,2026-01-06,Dortmund,8000080,51.517896,7.45929,Bratislava,5600207,48.15891,17.106466,1030421.893496878,False
8000098,8103000,Essen Hbf,Wien Hbf,527,2,,2026-01-06,Essen,8000098,51.451355,7.014793,Vienna,8103000,48.185101,16.377113,979481.774503219,False
8000098,8800004,Essen Hbf,Bruxelles Midi,195,4,,2026-01-06,Essen,8000098,51.451355,7.014793,Brussels,8800004,50.835376,4.335694,248200.0760857143,False
8000098,8800007,Essen Hbf,Antwerpen Centraal,207,6,,2026-01-06,Essen,8000098,51.451355,7.014793,Antwerp,8800007,51.215811,4.421168,219711.68077235512,False
8000098,5400014,Essen Hbf,Praha hl.n.,486,2,,2026-01-06,Essen,8000098,51.451355,7.014793,Prague,5400014,50.083062,14.436039,756903.5498372858,False
8000098,8011160,Essen Hbf,Berlin Hbf,235,0,,2026-01-06,Essen,8000098,51.451355,7.014793,Berlin,8011160,52.525592,13.369545,496548.1987043556,True
8000098,8000096,Essen Hbf,Stuttgart Hbf,192,2,,2026-01-06,Essen,8000098,51.451355,7.014793,Stuttgart,8000096,48.78478,9.182757,410835.5133900681,True
8000098,8000261,Essen Hbf,München Hbf,314,0,,2026-01-06,Essen,8000098,51.451355,7.014793,Munich,8000261,48.140232,11.558335,640046.8825133468,True
8000098,8002549,Essen Hbf,Hamburg Hbf,166,0,,2026-01-06,Essen,8000098,51.451355,7.014793,Hamburg,8002549,53.552736,10.006909,354323.322750301,True
8000098,8000105,Essen Hbf,Frankfurt(Main)Hbf,118,0,,2026-01-06,Essen,8000098,51.451355,7.014793,Frankfurt,8000105,50.1066819,8.66282825,248075.84487121124,True
8000098,8000085,Essen Hbf,Düsseldorf Hbf,26,0,,2026-01-06,Essen,8000098,51.451355,7.014793,Düsseldorf,8000085,51.219962,6.794319,36984.79642526351,False
8000098,8010205,Essen Hbf,Leipzig Hbf,294,2,,2026-01-06,Essen,8000098,51.451355,7.014793,Leipzig,8010205,51.3454712,12.3820639,445002.8446744277,False
8000098,8000080,Essen Hbf,Dortmund Hbf,23,0,,2026-01-06,Essen,8000098,51.451355,7.014793,Dortmund,8000080,51.517896,7.45929,33948.387382908084,False
8000098,8000050,Essen Hbf,Bremen Hbf,132,0,,2026-01-06,Essen,8000098,51.451355,7.014793,Bremen,8000050,53.083481,8.813834,254815.5512277792,True
8000098,8010085,Essen Hbf,Dresden Hbf,348,2,,2026-01-06,Essen,8000098,51.451355,7.014793,Dresden,8010085,51.040563,13.732035,560800.9201987183,False
8000098,8000152,Essen Hbf,Hannover Hbf,128,0,,2026-01-06,Essen,8000098,51.451355,7.014793,Hannover,8000152,52.376761,9.741021,241272.77405342791,True
8000098,8000284,Essen Hbf,Nürnberg Hbf,245,0,,2026-01-06,Essen,8000098,51.451355,7.014793,Nuremberg,8000284,49.445616,11.082989,469443.5736482625,True
8000098,8000086,Essen Hbf,Duisburg Hbf,12,0,,2026-01-06,Essen,8000098,51.451355,7.014793,Duisburg,8000086,51.429785,6.775903,19275.200832834224,False
8000098,8601242,Essen Hbf,Koebenhavns Lufthavn st,540,4,,2026-01-06,Essen,8000098,51.451355,7.014793,Copenhagen,8601242,55.629605,12.649382,864858.0103848006,False
8000098,7100064,Essen Hbf,Barcelona Sants,783,8,,2026-01-06,Essen,8000098,51.451355,7.014793,Barcelona,7100064,41.378914,2.140369,1447573.0375099843,False
8000098,8700047,Essen Hbf,Bordeaux-St-Jean,474,6,,2026-01-06,Essen,8000098,51.451355,7.014793,Bordeaux,8700047,44.826486,-0.55592,1081591.777565639,True
8000098,8700074,Essen Hbf,Marseille-St-Charles,577,6,,2026-01-06,Essen,8000098,51.451355,7.014793,Marseille,8700074,43.303812,5.38195,1121413.9076257828,False
8000098,8700152,Essen Hbf,Lyon Part Dieu,462,4,,2026-01-06,Essen,8000098,51.451355,7.014793,Lyon,8700152,45.760564,4.85999,801541.3078138347,False
8000098,8700065,Essen Hbf,Toulouse-Matabiau,628,6,,2026-01-06,Essen,8000098,51.451355,7.014793,Toulouse,8700065,43.611406,1.453939,1253218.6120527408,False
8000098,7800020,Essen Hbf,Zagreb Glavni kolodvor,911,4,,2026-01-06,Essen,8000098,51.451355,7.014793,Zagreb,7800020,45.8044381,15.9787052,1180031.4481393667,False
8000098,5500728,Essen Hbf,Budapest-Nyugati,734,9,,2026-01-06,Essen,8000098,51.451355,7.014793,Budapest,5500728,47.510706,19.057466,1229915.9690276156,False
8000098,8300262,Essen Hbf,Roma Tiburtina,789,7,,2026-01-06,Essen,8000098,51.451355,7.014793,Rome,8300262,41.91107,12.53146,1427810.7360704732,True
8000098,8300047,Essen Hbf,Milano Porta Garibaldi,569,6,,2026-01-06,Essen,8000098,51.451355,7.014793,Milan,8300047,45.484437,9.18729699,869091.1292813903,False
8000098,8300522,Essen Hbf,Torino Porta Susa,644,8,,2026-01-06,Essen,8000098,51.451355,7.014793,Turin,8300522,45.071833,7.665169,969356.7271652312,False
8000098,8300153,Essen Hbf,Genova Piazza Principe,704,4,,2026-01-06,Essen,8000098,51.451355,7.014793,Genoa,8300153,44.417504,8.922075,1007271.1261864192,False
8000098,8200100,Essen Hbf,Luxembourg,263,4,,2026-01-06,Essen,8000098,51.451355,7.014793,Luxembourg,8200100,49.599714,6.134396,303837.80859357974,False
8000098,8400597,Essen Hbf,Tilburg,139,6,,2026-01-06,Essen,8000098,51.451355,7.014793,Tilburg,8400597,51.56061,5.083787,165740.76446885886,False
8000098,8400058,Essen Hbf,Amsterdam Centraal,146,2,,2026-01-06,Essen,8000098,51.451355,7.014793,Amsterdam,8400058,52.37919,4.899431,201410.2041015724,False
8000098,8400530,Essen Hbf,Rotterdam Centraal,157,4,,2026-01-06,Essen,8000098,51.451355,7.014793,Rotterdam,8400530,51.924802,4.468769,214164.30537917188,False
8000098,5100065,Essen Hbf,Warszawa Centralna,551,4,,2026-01-06,Essen,8000098,51.451355,7.014793,Warsaw,5100065,52.22886,21.003234,1060588.8111516612,False
8000098,5100028,Essen Hbf,Krakow Glowny,672,2,,2026-01-06,Essen,8000098,51.451355,7.014793,Kraków,5100028,50.067194,19.947426,1050157.86539396,False
8000098,5100069,Essen Hbf,Wroclaw Glowny,496,2,,2026-01-06,Essen,8000098,51.451355,7.014793,Wrocław,5100069,51.098078,17.037088,794426.6530836769,False
8000098,5100081,Essen Hbf,Poznan Glowny,406,2,,2026-01-06,Essen,8000098,51.451355,7.014793,Poznań,5100081,52.401993,16.91087,761788.3373923615,False
8000098,7400002,Essen Hbf,Stockholm Central,875,6,,2026-01-06,Essen,8000098,51.451355,7.014793,Stockholm,7400002,59.330014,18.05763,1491166.7664828417,False
8000098,7900003,Essen Hbf,Ljubljana,743,8,,2026-01-06,Essen,8000098,51.451355,7.014793,Ljubljana,7900003,46.058691,14.512937,1038790.803185229,False
8000098,5600207,Essen Hbf,Bratislava hl.st.,610,4,,2026-01-06,Essen,8000098,51.451355,7.014793,Bratislava,5600207,48.15891,17.106466,1044543.861316284,False
8000050,8103000,Bremen Hbf,Wien Hbf,512,4,,2026-01-06,Bremen,8000050,53.083481,8.813834,Vienna,8103000,48.185101,16.377113,989338.2500047552,False
8000050,8800004,Bremen Hbf,Bruxelles Midi,324,2,,2026-01-06,Bremen,8000050,53.083481,8.813834,Brussels,8800004,50.835376,4.335694,492009.5507181567,False
8000050,8800007,Bremen Hbf,Antwerpen Centraal,342,8,,2026-01-06,Bremen,8000050,53.083481,8.813834,Antwerp,8800007,51.215811,4.421168,453018.5847281579,False
8000050,5400014,Bremen Hbf,Praha hl.n.,436,4,,2026-01-06,Bremen,8000050,53.083481,8.813834,Prague,5400014,50.083062,14.436039,679695.2415676113,False
8000050,8011160,Bremen Hbf,Berlin Hbf,166,2,,2026-01-06,Bremen,8000050,53.083481,8.813834,Berlin,8011160,52.525592,13.369545,338273.9857898735,False
8000050,8000096,Bremen Hbf,Stuttgart Hbf,321,2,,2026-01-06,Bremen,8000050,53.083481,8.813834,Stuttgart,8000096,48.78478,9.182757,624720.5945543274,False
8000050,8000261,Bremen Hbf,München Hbf,325,2,,2026-01-06,Bremen,8000050,53.083481,8.813834,Munich,8000261,48.140232,11.558335,713257.5703033475,True
8000050,8002549,Bremen Hbf,Hamburg Hbf,55,0,,2026-01-06,Bremen,8000050,53.083481,8.813834,Hamburg,8002549,53.552736,10.006909,115275.08865159974,True
8000050,8003368,Bremen Hbf,Köln Messe/Deutz,194,2,,2026-01-06,Bremen,8000050,53.083481,8.813834,Cologne,8003368,50.940874,6.975001,322309.87219852983,False
8000050,8000105,Bremen Hbf,Frankfurt(Main)Hbf,227,2,,2026-01-06,Bremen,8000050,53.083481,8.813834,Frankfurt,8000105,50.1066819,8.66282825,459811.4419723626,True
8000050,8000085,Bremen Hbf,Düsseldorf Hbf,159,0,,2026-01-06,Bremen,8000050,53.083481,8.813834,Düsseldorf,8000085,51.219962,6.794319,286636.29601156694,False
8000050,8010205,Bremen Hbf,Leipzig Hbf,242,2,,2026-01-06,Bremen,8000050,53.083481,8.813834,Leipzig,8010205,51.3454712,12.3820639,383595.5043554469,False
8000050,8000080,Bremen Hbf,Dortmund Hbf,107,0,,2026-01-06,Bremen,8000050,53.083481,8.813834,Dortmund,8000080,51.517896,7.45929,227542.76981091753,True
8000050,8000098,Bremen Hbf,Essen Hbf,132,0,,2026-01-06,Bremen,8000050,53.083481,8.813834,Essen,8000098,51.451355,7.014793,254815.5512277796,True
8000050,8010085,Bremen Hbf,Dresden Hbf,298,4,,2026-01-06,Bremen,8000050,53.083481,8.813834,Dresden,8010085,51.040563,13.732035,483592.61192904296,False
8000050,8000152,Bremen Hbf,Hannover Hbf,59,0,,2026-01-06,Bremen,8000050,53.083481,8.813834,Hannover,8000152,52.376761,9.741021,122236.9507640636,False
8000050,8000284,Bremen Hbf,Nürnberg Hbf,251,2,,2026-01-06,Bremen,8000050,53.083481,8.813834,Nuremberg,8000284,49.445616,11.082989,542654.261438262,False
8000050,8000086,Bremen Hbf,Duisburg Hbf,145,0,,2026-01-06,Bremen,8000050,53.083481,8.813834,Duisburg,8000086,51.429785,6.775903,263041.2464237435,False
8000050,8601242,Bremen Hbf,Koebenhavns Lufthavn st,416,4,,2026-01-06,Bremen,8000050,53.083481,8.813834,Copenhagen,8601242,55.629605,12.649382,625809.7762861021,False
8000050,7100064,Bremen Hbf,Barcelona Sants,1150,8,,2026-01-06,Bremen,8000050,53.083481,8.813834,Barcelona,7100064,41.378914,2.140369,1697119.0946834302,False
8000050,8700047,Bremen Hbf,Bordeaux-St-Jean,657,6,,2026-01-06,Bremen,8000050,53.083481,8.813834,Bordeaux,8700047,44.826486,-0.55592,1325401.2521980845,True
8000050,8700074,Bremen Hbf,Marseille-St-Charles,722,2,,2026-01-06,Bremen,8000050,53.083481,8.813834,Marseille,8700074,43.303812,5.38195,1370959.9647992265,False
8000050,8700152,Bremen Hbf,Lyon Part Dieu,614,2,,2026-01-06,Bremen,8000050,53.083481,8.813834,Lyon,8700152,45.760564,4.85999,1051087.3649872777,False
8000050,8700065,Bremen Hbf,Toulouse-Matabiau,1140,4,,2026-01-06,Bremen,8000050,53.083481,8.813834,Toulouse,8700065,43.611406,1.453939,1497028.0866851846,False
8000050,7800020,Bremen Hbf,Zagreb Glavni kolodvor,1035,6,,2026-01-06,Bremen,8000050,53.083481,8.813834,Zagreb,7800020,45.8044381,15.9787052,1253242.1359293684,False
8000050,5500728,Bremen Hbf,Budapest-Nyugati,753,9,,2026-01-06,Bremen,8000050,53.083481,8.813834,Budapest,5500728,47.510706,19.057466,1212713.364432813,False
8000050,8300262,Bremen Hbf,Roma Tiburtina,1125,6,,2026-01-06,Bremen,8000050,53.083481,8.813834,Rome,8300262,41.91107,12.53146,1565935.4583250585,True
8000050,8300047,Bremen Hbf,Milano Porta Garibaldi,705,6,,2026-01-06,Bremen,8000050,53.083481,8.813834,Milan,8300047,45.484437,9.18729699,1091408.7931589682,False
8000050,8300522,Bremen Hbf,Torino Porta Susa,804,8,,2026-01-06,Bremen,8000050,53.083481,8.813834,Turin,8300522,45.071833,7.665169,1191674.3910428076,False
8000050,8300153,Bremen Hbf,Genova Piazza Principe,820,6,,2026-01-06,Bremen,8000050,53.083481,8.813834,Genoa,8300153,44.417504,8.922075,1229588.7900639914,False
8000050,8200100,Bremen Hbf,Luxembourg,399,4,,2026-01-06,Bremen,8000050,53.083481,8.813834,Luxembourg,8200100,49.599714,6.134396,553383.865767014,False
8000050,8400597,Bremen Hbf,Tilburg,281,4,,2026-01-06,Bremen,8000050,53.083481,8.813834,Tilburg,8400597,51.56061,5.083787,372281.6680509198,False
8000050,8400058,Bremen Hbf,Amsterdam Centraal,255,2,,2026-01-06,Bremen,8000050,53.083481,8.813834,Amsterdam,8400058,52.37919,4.899431,364134.88487096026,False
8000050,8400530,Bremen Hbf,Rotterdam Centraal,281,6,,2026-01-06,Bremen,8000050,53.083481,8.813834,Rotterdam,8400530,51.924802,4.468769,395801.2861138565,False
8000050,5100065,Bremen Hbf,Warszawa Centralna,521,6,,2026-01-06,Bremen,8000050,53.083481,8.813834,Warsaw,5100065,52.22886,21.003234,902314.5982371774,False
8000050,5100028,Bremen Hbf,Krakow Glowny,627,4,,2026-01-06,Bremen,8000050,53.083481,8.813834,Kraków,5100028,50.067194,19.947426,926531.3093288242,False
8000050,5100069,Bremen Hbf,Wroclaw Glowny,435,4,,2026-01-06,Bremen,8000050,53.083481,8.813834,Wrocław,5100069,51.098078,17.037088,670800.0970185411,False
8000050,5100081,Bremen Hbf,Poznan Glowny,376,4,,2026-01-06,Bremen,8000050,53.083481,8.813834,Poznań,5100081,52.401993,16.91087,603514.1244778783,False
8000050,7400002,Bremen Hbf,Stockholm Central,738,6,,2026-01-06,Bremen,8000050,53.083481,8.813834,Stockholm,7400002,59.330014,18.05763,1252118.532384144,False
8000050,7900003,Bremen Hbf,Ljubljana,723,8,,2026-01-06,Bremen,8000050,53.083481,8.813834,Ljubljana,7900003,46.058691,14.512937,1112001.4909752326,False
8000050,5600207,Bremen Hbf,Bratislava hl.st.,595,6,,2026-01-06,Bremen,8000050,53.083481,8.813834,Bratislava,5600207,48.15891,17.106466,1017080.0183045948,False
8010085,8103000,Dresden Hbf,Wien Hbf,399,4,,2026-01-06,Dresden,8010085,51.040563,13.732035,Vienna,8103000,48.185101,16.377113,505746.14835726225,False
8010085,8800004,Dresden Hbf,Bruxelles Midi,493,4,,2026-01-06,Dresden,8010085,51.040563,13.732035,Brussels,8800004,50.835376,4.335694,808985.7971841721,False
8010085,8800007,Dresden Hbf,Antwerpen Centraal,524,6,,2026-01-06,Dresden,8010085,51.040563,13.732035,Antwerp,8800007,51.215811,4.421168,780497.4018708131,False
8010085,5400014,Dresden Hbf,Praha hl.n.,135,0,,2026-01-06,Dresden,8010085,51.040563,13.732035,Prague,5400014,50.083062,14.436039,196103.1399201143,False
8010085,8011160,Dresden Hbf,Berlin Hbf,96,0,,2026-01-06,Dresden,8010085,51.040563,13.732035,Berlin,8011160,52.525592,13.369545,179545.48293270142,False
8010085,8000096,Dresden Hbf,Stuttgart Hbf,342,4,,2026-01-06,Dresden,8010085,51.040563,13.732035,Stuttgart,8000096,48.78478,9.182757,577486.2417236497,False
8010085,8000261,Dresden Hbf,München Hbf,266,2,,2026-01-06,Dresden,8010085,51.040563,13.732035,Munich,8000261,48.140232,11.558335,534538.2882262697,False
8010085,8002549,Dresden Hbf,Hamburg Hbf,276,2,,2026-01-06,Dresden,8010085,51.040563,13.732035,Hamburg,8002549,53.552736,10.006909,458885.7495239882,False
8010085,8000105,Dresden Hbf,Frankfurt(Main)Hbf,262,2,,2026-01-06,Dresden,8010085,51.040563,13.732035,Frankfurt,8000105,50.1066819,8.66282825,491192.7256512025,False
8010085,8000085,Dresden Hbf,Düsseldorf Hbf,374,4,,2026-01-06,Dresden,8010085,51.040563,13.732035,Düsseldorf,8000085,51.219962,6.794319,590546.8844363848,False
8010085,8010205,Dresden Hbf,Leipzig Hbf,69,0,,2026-01-06,Dresden,8010085,51.040563,13.732035,Leipzig,8010205,51.3454712,12.3820639,116980.70970055132,True
8010085,8000080,Dresden Hbf,Dortmund Hbf,319,2,,2026-01-06,Dresden,8010085,51.040563,13.732035,Dortmund,8000080,51.517896,7.45929,530076.1243275532,False
8010085,8000098,Dresden Hbf,Essen Hbf,345,2,,2026-01-06,Dresden,8010085,51.040563,13.732035,Essen,8000098,51.451355,7.014793,560800.9201987189,False
8010085,8000050,Dresden Hbf,Bremen Hbf,297,4,,2026-01-06,Dresden,8010085,51.040563,13.732035,Bremen,8000050,53.083481,8.813834,483592.6119290427,False
8010085,8000152,Dresden Hbf,Hannover Hbf,215,2,,2026-01-06,Dresden,8010085,51.040563,13.732035,Hannover,8000152,52.376761,9.741021,361387.9997630923,False
8010085,8000284,Dresden Hbf,Nürnberg Hbf,191,2,,2026-01-06,Dresden,8010085,51.040563,13.732035,Nuremberg,8000284,49.445616,11.082989,387332.1359552451,False
8010085,8000086,Dresden Hbf,Duisburg Hbf,359,2,,2026-01-06,Dresden,8010085,51.040563,13.732035,Duisburg,8000086,51.429785,6.775903,580060.9219312916,False
8010085,8601242,Dresden Hbf,Koebenhavns Lufthavn st,653,6,,2026-01-06,Dresden,8010085,51.040563,13.732035,Copenhagen,8601242,55.629605,12.649382,958799.6493921004,False
8010085,7100064,Dresden Hbf,Barcelona Sants,1331,8,,2026-01-06,Dresden,8010085,51.040563,13.732035,Barcelona,7100064,41.378914,2.140369,1795358.604924468,False
8010085,8700047,Dresden Hbf,Bordeaux-St-Jean,712,8,,2026-01-06,Dresden,8010085,51.040563,13.732035,Bordeaux,8700047,44.826486,-0.55592,1612361.313776923,True
8010085,8700074,Dresden Hbf,Marseille-St-Charles,744,4,,2026-01-06,Dresden,8010085,51.040563,13.732035,Marseille,8700074,43.303812,5.38195,1469199.4750402642,False
8010085,8700152,Dresden Hbf,Lyon Part Dieu,636,4,,2026-01-06,Dresden,8010085,51.040563,13.732035,Lyon,8700152,45.760564,4.85999,1149326.875228315,False
8010085,8700065,Dresden Hbf,Toulouse-Matabiau,1093,8,,2026-01-06,Dresden,8010085,51.040563,13.732035,Toulouse,8700065,43.611406,1.453939,1690380.7675718805,False
8010085,7800020,Dresden Hbf,Zagreb Glavni kolodvor,978,8,,2026-01-06,Dresden,8010085,51.040563,13.732035,Zagreb,7800020,45.8044381,15.9787052,867344.9415566254,False
8010085,5500728,Dresden Hbf,Budapest-Nyugati,558,2,,2026-01-06,Dresden,8010085,51.040563,13.732035,Budapest,5500728,47.510706,19.057466,729121.2627853212,False
8010085,8300262,Dresden Hbf,Roma Tiburtina,1058,8,,2026-01-06,Dresden,8010085,51.040563,13.732035,Rome,8300262,41.91107,12.53146,1406249.912677195,False
8010085,8300047,Dresden Hbf,Milano Porta Garibaldi,760,8,,2026-01-06,Dresden,8010085,51.040563,13.732035,Milan,8300047,45.484437,9.18729699,1019464.0378264888,False
8010085,8300522,Dresden Hbf,Torino Porta Susa,872,8,,2026-01-06,Dresden,8010085,51.040563,13.732035,Turin,8300522,45.071833,7.665169,1127169.457474775,False
8010085,8300153,Dresden Hbf,Genova Piazza Principe,875,8,,2026-01-06,Dresden,8010085,51.040563,13.732035,Genoa,8300153,44.417504,8.922075,1157644.0347315138,False
8010085,8200100,Dresden Hbf,Luxembourg,508,6,,2026-01-06,Dresden,8010085,51.040563,13.732035,Luxembourg,8200100,49.599714,6.134396,771516.3740674105,False
8010085,8400597,Dresden Hbf,Tilburg,531,4,,2026-01-06,Dresden,8010085,51.040563,13.732035,Tilburg,8400597,51.56061,5.083787,726526.4855673156,False
8010085,8400058,Dresden Hbf,Amsterdam Centraal,506,2,,2026-01-06,Dresden,8010085,51.040563,13.732035,Amsterdam,8400058,52.37919,4.899431,735943.2142255985,False
8010085,8400530,Dresden Hbf,Rotterdam Centraal,527,6,,2026-01-06,Dresden,8010085,51.040563,13.732035,Rotterdam,8400530,51.924802,4.468769,767609.6154684931,False
8010085,5100065,Dresden Hbf,Warszawa Centralna,445,2,,2026-01-06,Dresden,8010085,51.040563,13.732035,Warsaw,5100065,52.22886,21.003234,631692.4539160746,False
8010085,5100028,Dresden Hbf,Krakow Glowny,421,4,,2026-01-06,Dresden,8010085,51.040563,13.732035,Kraków,5100028,50.067194,19.947426,525756.7778357473,False
8010085,5100069,Dresden Hbf,Wroclaw Glowny,210,2,,2026-01-06,Dresden,8010085,51.040563,13.732035,Wrocław,5100069,51.098078,17.037088,270025.5655254639,False
8010085,5100081,Dresden Hbf,Poznan Glowny,280,2,,2026-01-06,Dresden,8010085,51.040563,13.732035,Poznań,5100081,52.401993,16.91087,332891.9801567724,False
8010085,7400002,Dresden Hbf,Stockholm Central,1101,4,,2026-01-06,Dresden,8010085,51.040563,13.732035,Stockholm,7400002,59.330014,18.05763,1585108.4054901423,False
8010085,7900003,Dresden Hbf,Ljubljana,667,8,,2026-01-06,Dresden,8010085,51.040563,13.732035,Ljubljana,7900003,46.058691,14.512937,865488.8292277998,False
8010085,5600207,Dresden Hbf,Bratislava hl.st.,412,2,,2026-01-06,Dresden,8010085,51.040563,13.732035,Bratislava,5600207,48.15891,17.106466,533487.9166570997,False
8000152,8103000,Hannover Hbf,Wien Hbf,440,2,,2026-01-06,Hannover,8000152,52.376761,9.741021,Vienna,8103000,48.185101,16.377113,867133.6378388029,False
8000152,8800004,Hannover Hbf,Bruxelles Midi,295,2,,2026-01-06,Hannover,8000152,52.376761,9.741021,Brussels,8800004,50.835376,4.335694,489457.6510388793,False
8000152,8800007,Hannover Hbf,Antwerpen Centraal,326,4,,2026-01-06,Hannover,8000152,52.376761,9.741021,Antwerp,8800007,51.215811,4.421168,460969.25572552,False
8000152,5400014,Hannover Hbf,Praha hl.n.,354,2,,2026-01-06,Hannover,8000152,52.376761,9.741021,Prague,5400014,50.083062,14.436039,557490.6294016604,False
8000152,8011160,Hannover Hbf,Berlin Hbf,93,0,,2026-01-06,Hannover,8000152,52.376761,9.741021,Berlin,8011160,52.525592,13.369545,255310.0235152383,False
8000152,8000096,Hannover Hbf,Stuttgart Hbf,225,0,,2026-01-06,Hannover,8000152,52.376761,9.741021,Stuttgart,8000096,48.78478,9.182757,502506.09371063934,True
8000152,8000261,Hannover Hbf,München Hbf,253,0,,2026-01-06,Hannover,8000152,52.376761,9.741021,Munich,8000261,48.140232,11.558335,591043.0694596621,True
8000152,8002549,Hannover Hbf,Hamburg Hbf,81,0,,2026-01-06,Hannover,8000152,52.376761,9.741021,Hamburg,8002549,53.552736,10.006909,164895.83151597306,False
8000152,8003368,Hannover Hbf,Köln Messe/Deutz,166,2,,2026-01-06,Hannover,8000152,52.376761,9.741021,Cologne,8003368,50.940874,6.975001,295469.75237617444,False
8000152,8000105,Hannover Hbf,Frankfurt(Main)Hbf,137,0,,2026-01-06,Hannover,8000152,52.376761,9.741021,Frankfurt,8000105,50.1066819,8.66282825,337596.9411286763,True
8000152,8000085,Hannover Hbf,Düsseldorf Hbf,156,0,,2026-01-06,Hannover,8000152,52.376761,9.741021,Düsseldorf,8000085,51.219962,6.794319,276540.6170658385,True
8000152,8010205,Hannover Hbf,Leipzig Hbf,158,2,,2026-01-06,Hannover,8000152,52.376761,9.741021,Leipzig,8010205,51.3454712,12.3820639,261390.89218949515,False
8000152,8000080,Hannover Hbf,Dortmund Hbf,99,0,,2026-01-06,Hannover,8000152,52.376761,9.741021,Dortmund,8000080,51.517896,7.45929,207329.01706012356,True
8000152,8000098,Hannover Hbf,Essen Hbf,124,0,,2026-01-06,Hannover,8000152,52.376761,9.741021,Essen,8000098,51.451355,7.014793,241272.7740534272,True
8000152,8000050,Hannover Hbf,Bremen Hbf,60,0,,2026-01-06,Hannover,8000152,52.376761,9.741021,Bremen,8000050,53.083481,8.813834,122236.95076406372,False
8000152,8010085,Hannover Hbf,Dresden Hbf,216,2,,2026-01-06,Hannover,8000152,52.376761,9.741021,Dresden,8010085,51.040563,13.732035,361387.9997630927,False
8000152,8000284,Hannover Hbf,Nürnberg Hbf,178,0,,2026-01-06,Hannover,8000152,52.376761,9.741021,Nuremberg,8000284,49.445616,11.082989,420439.7605945777,True
8000152,8000086,Hannover Hbf,Duisburg Hbf,137,0,,2026-01-06,Hannover,8000152,52.376761,9.741021,Duisburg,8000086,51.429785,6.775903,260532.7757859995,True
8000152,8601242,Hannover Hbf,Koebenhavns Lufthavn st,425,4,,2026-01-06,Hannover,8000152,52.376761,9.741021,Copenhagen,8601242,55.629605,12.649382,675430.519150474,False
8000152,7100064,Hannover Hbf,Barcelona Sants,939,4,,2026-01-06,Hannover,8000152,52.376761,9.741021,Barcelona,7100064,41.378914,2.140369,1641762.82040194,False
8000152,8700047,Hannover Hbf,Bordeaux-St-Jean,561,4,,2026-01-06,Hannover,8000152,52.376761,9.741021,Bordeaux,8700047,44.826486,-0.55592,1322527.787214713,True
8000152,8700074,Hannover Hbf,Marseille-St-Charles,653,2,,2026-01-06,Hannover,8000152,52.376761,9.741021,Marseille,8700074,43.303812,5.38195,1315603.6905177366,False
8000152,8700152,Hannover Hbf,Lyon Part Dieu,545,2,,2026-01-06,Hannover,8000152,52.376761,9.741021,Lyon,8700152,45.760564,4.85999,995731.0907057883,False
8000152,8700065,Hannover Hbf,Toulouse-Matabiau,737,4,,2026-01-06,Hannover,8000152,52.376761,9.741021,Toulouse,8700065,43.611406,1.453939,1494154.6217018126,False
8000152,7800020,Hannover Hbf,Zagreb Glavni kolodvor,833,2,,2026-01-06,Hannover,8000152,52.376761,9.741021,Zagreb,7800020,45.8044381,15.9787052,1131027.6350856835,False
8000152,5500728,Hannover Hbf,Budapest-Nyugati,647,9,,2026-01-06,Hannover,8000152,52.376761,9.741021,Budapest,5500728,47.510706,19.057466,1090508.7522668624,False
8000152,8300262,Hannover Hbf,Roma Tiburtina,842,9,,2026-01-06,Hannover,8000152,52.376761,9.741021,Rome,8300262,41.91107,12.53146,1443720.9574813729,True
8000152,8300047,Hannover Hbf,Milano Porta Garibaldi,628,8,,2026-01-06,Hannover,8000152,52.376761,9.741021,Milan,8300047,45.484437,9.18729699,969194.2923152822,False
8000152,8300522,Hannover Hbf,Torino Porta Susa,716,8,,2026-01-06,Hannover,8000152,52.376761,9.741021,Turin,8300522,45.071833,7.665169,1069459.8901991234,False
8000152,8300153,Hannover Hbf,Genova Piazza Principe,724,4,,2026-01-06,Hannover,8000152,52.376761,9.741021,Genoa,8300153,44.417504,8.922075,1107374.2892203054,False
8000152,8200100,Hannover Hbf,Luxembourg,402,4,,2026-01-06,Hannover,8000152,52.376761,9.741021,Luxembourg,8200100,49.599714,6.134396,526543.745944659,False
8000152,8400597,Hannover Hbf,Tilburg,270,2,,2026-01-06,Hannover,8000152,52.376761,9.741021,Tilburg,8400597,51.56061,5.083787,386585.02920826094,False
8000152,8400058,Hannover Hbf,Amsterdam Centraal,244,0,,2026-01-06,Hannover,8000152,52.376761,9.741021,Amsterdam,8400058,52.37919,4.899431,378438.2460283015,False
8000152,8400530,Hannover Hbf,Rotterdam Centraal,269,4,,2026-01-06,Hannover,8000152,52.376761,9.741021,Rotterdam,8400530,51.924802,4.468769,410104.6472711977,False
8000152,5100065,Hannover Hbf,Warszawa Centralna,414,4,,2026-01-06,Hannover,8000152,52.376761,9.741021,Warsaw,5100065,52.22886,21.003234,819350.6359625419,False
8000152,5100028,Hannover Hbf,Krakow Glowny,520,2,,2026-01-06,Hannover,8000152,52.376761,9.741021,Kraków,5100028,50.067194,19.947426,824931.4031058593,False
8000152,5100069,Hannover Hbf,Wroclaw Glowny,349,2,,2026-01-06,Hannover,8000152,52.376761,9.741021,Wrocław,5100069,51.098078,17.037088,569200.1907955762,False
8000152,5100081,Hannover Hbf,Poznan Glowny,269,2,,2026-01-06,Hannover,8000152,52.376761,9.741021,Poznań,5100081,52.401993,16.91087,520550.1622032429,False
8000152,7400002,Hannover Hbf,Stockholm Central,747,6,,2026-01-06,Hannover,8000152,52.376761,9.741021,Stockholm,7400002,59.330014,18.05763,1301739.2752485154,False
8000152,7900003,Hannover Hbf,Ljubljana,651,6,,2026-01-06,Hannover,8000152,52.376761,9.741021,Ljubljana,7900003,46.058691,14.512937,989786.9901315442,False
8000152,5600207,Hannover Hbf,Bratislava hl.st.,523,4,,2026-01-06,Hannover,8000152,52.376761,9.741021,Bratislava,5600207,48.15891,17.106466,894875.4061386422,False
8000284,8103000,Nürnberg Hbf,Wien Hbf,228,0,,2026-01-06,Nuremberg,8000284,49.445616,11.082989,Vienna,8103000,48.185101,16.377113,510038.5670600703,False
8000284,8800004,Nürnberg Hbf,Bruxelles Midi,335,4,,2026-01-06,Nuremberg,8000284,49.445616,11.082989,Brussels,8800004,50.835376,4.335694,622731.6506930582,True
8000284,8800007,Nürnberg Hbf,Antwerpen Centraal,366,4,,2026-01-06,Nuremberg,8000284,49.445616,11.082989,Antwerp,8800007,51.215811,4.421168,626219.7876288906,False
8000284,5400014,Nürnberg Hbf,Praha hl.n.,281,2,,2026-01-06,Nuremberg,8000284,49.445616,11.082989,Prague,5400014,50.083062,14.436039,343989.09096861724,False
8000284,8011160,Nürnberg Hbf,Berlin Hbf,164,0,,2026-01-06,Nuremberg,8000284,49.445616,11.082989,Berlin,8011160,52.525592,13.369545,446983.2399298868,True
8000284,8000096,Nürnberg Hbf,Stuttgart Hbf,130,0,,2026-01-06,Nuremberg,8000284,49.445616,11.082989,Stuttgart,8000096,48.78478,9.182757,190158.224268135,False
8000284,8000261,Nürnberg Hbf,München Hbf,66,0,,2026-01-06,Nuremberg,8000284,49.445616,11.082989,Munich,8000261,48.140232,11.558335,170603.67507020073,True
8000284,8002549,Nürnberg Hbf,Hamburg Hbf,265,2,,2026-01-06,Nuremberg,8000284,49.445616,11.082989,Hamburg,8002549,53.552736,10.006909,577680.3679381874,False
8000284,8000105,Nürnberg Hbf,Frankfurt(Main)Hbf,122,0,,2026-01-06,Nuremberg,8000284,49.445616,11.082989,Frankfurt,8000105,50.1066819,8.66282825,226478.97051484024,False
8000284,8000085,Nürnberg Hbf,Düsseldorf Hbf,216,0,,2026-01-06,Nuremberg,8000284,49.445616,11.082989,Düsseldorf,8000085,51.219962,6.794319,435809.3885049505,True
8000284,8010205,Nürnberg Hbf,Leipzig Hbf,115,2,,2026-01-06,Nuremberg,8000284,49.445616,11.082989,Leipzig,8010205,51.3454712,12.3820639,307994.95286435174,False
8000284,8000080,Nürnberg Hbf,Dortmund Hbf,277,2,,2026-01-06,Nuremberg,8000284,49.445616,11.082989,Dortmund,8000080,51.517896,7.45929,455321.6058288565,False
8000284,8000098,Nürnberg Hbf,Essen Hbf,243,0,,2026-01-06,Nuremberg,8000284,49.445616,11.082989,Essen,8000098,51.451355,7.014793,469443.5736482628,True
8000284,8000050,Nürnberg Hbf,Bremen Hbf,255,2,,2026-01-06,Nuremberg,8000284,49.445616,11.082989,Bremen,8000050,53.083481,8.813834,542654.261438265,False
8000284,8010085,Nürnberg Hbf,Dresden Hbf,187,2,,2026-01-06,Nuremberg,8000284,49.445616,11.082989,Dresden,8010085,51.040563,13.732035,387332.13595524663,False
8000284,8000152,Nürnberg Hbf,Hannover Hbf,180,2,,2026-01-06,Nuremberg,8000284,49.445616,11.082989,Hannover,8000152,52.376761,9.741021,420439.7605945774,True
8000284,8000086,Nürnberg Hbf,Duisburg Hbf,230,0,,2026-01-06,Nuremberg,8000284,49.445616,11.082989,Duisburg,8000086,51.429785,6.775903,457996.0160997506,True
8000284,8601242,Nürnberg Hbf,Koebenhavns Lufthavn st,628,6,,2026-01-06,Nuremberg,8000284,49.445616,11.082989,Copenhagen,8601242,55.629605,12.649382,1088215.055572687,False
8000284,7100064,Nürnberg Hbf,Barcelona Sants,932,4,,2026-01-06,Nuremberg,8000284,49.445616,11.082989,Barcelona,7100064,41.378914,2.140369,1428121.331603269,False
8000284,8700047,Nürnberg Hbf,Bordeaux-St-Jean,554,6,,2026-01-06,Nuremberg,8000284,49.445616,11.082989,Bordeaux,8700047,44.826486,-0.55592,1307303.2028219567,True
8000284,8700074,Nürnberg Hbf,Marseille-St-Charles,604,2,,2026-01-06,Nuremberg,8000284,49.445616,11.082989,Marseille,8700074,43.303812,5.38195,1100047.6292109392,False
8000284,8700152,Nürnberg Hbf,Lyon Part Dieu,496,2,,2026-01-06,Nuremberg,8000284,49.445616,11.082989,Lyon,8700152,45.760564,4.85999,782089.6019071199,False
8000284,8700065,Nürnberg Hbf,Toulouse-Matabiau,768,6,,2026-01-06,Nuremberg,8000284,49.445616,11.082989,Toulouse,8700065,43.611406,1.453939,1323143.4942506969,False
8000284,7800020,Nürnberg Hbf,Zagreb Glavni kolodvor,679,4,,2026-01-06,Nuremberg,8000284,49.445616,11.082989,Zagreb,7800020,45.8044381,15.9787052,710588.2406962184,False
8000284,5500728,Nürnberg Hbf,Budapest-Nyugati,445,7,,2026-01-06,Nuremberg,8000284,49.445616,11.082989,Budapest,5500728,47.510706,19.057466,760472.7615844638,False
8000284,8300262,Nürnberg Hbf,Roma Tiburtina,658,4,,2026-01-06,Nuremberg,8000284,49.445616,11.082989,Rome,8300262,41.91107,12.53146,1038060.0148634114,False
8000284,8300047,Nürnberg Hbf,Milano Porta Garibaldi,540,8,,2026-01-06,Nuremberg,8000284,49.445616,11.082989,Milan,8300047,45.484437,9.18729699,632132.2680763577,False
8000284,8300522,Nürnberg Hbf,Torino Porta Susa,588,6,,2026-01-06,Nuremberg,8000284,49.445616,11.082989,Turin,8300522,45.071833,7.665169,739837.6877246421,False
8000284,8300153,Nürnberg Hbf,Genova Piazza Principe,639,6,,2026-01-06,Nuremberg,8000284,49.445616,11.082989,Genoa,8300153,44.417504,8.922075,770312.2649813866,False
8000284,8200100,Nürnberg Hbf,Luxembourg,393,6,,2026-01-06,Nuremberg,8000284,49.445616,11.082989,Luxembourg,8200100,49.599714,6.134396,506448.4830415844,False
8000284,8400597,Nürnberg Hbf,Tilburg,365,6,,2026-01-06,Nuremberg,8000284,49.445616,11.082989,Tilburg,8400597,51.56061,5.083787,573769.3377870772,False
8000284,8400058,Nürnberg Hbf,Amsterdam Centraal,389,2,,2026-01-06,Nuremberg,8000284,49.445616,11.082989,Amsterdam,8400058,52.37919,4.899431,652304.2032683374,False
8000284,8400530,Nürnberg Hbf,Rotterdam Centraal,400,4,,2026-01-06,Nuremberg,8000284,49.445616,11.082989,Rotterdam,8400530,51.924802,4.468769,640948.8040184617,False
8000284,5100065,Nürnberg Hbf,Warszawa Centralna,502,4,,2026-01-06,Nuremberg,8000284,49.445616,11.082989,Warsaw,5100065,52.22886,21.003234,968450.773552048,False
8000284,5100028,Nürnberg Hbf,Krakow Glowny,585,4,,2026-01-06,Nuremberg,8000284,49.445616,11.082989,Kraków,5100028,50.067194,19.947426,822161.6911631257,False
8000284,5100069,Nürnberg Hbf,Wroclaw Glowny,362,2,,2026-01-06,Nuremberg,8000284,49.445616,11.082989,Wrocław,5100069,51.098078,17.037088,618477.6830867829,False
8000284,5100081,Nürnberg Hbf,Poznan Glowny,357,2,,2026-01-06,Nuremberg,8000284,49.445616,11.082989,Poznań,5100081,52.401993,16.91087,669650.299792749,False
8000284,7400002,Nürnberg Hbf,Stockholm Central,1044,2,,2026-01-06,Nuremberg,8000284,49.445616,11.082989,Stockholm,7400002,59.330014,18.05763,1714523.8116707318,False
8000284,7900003,Nürnberg Hbf,Ljubljana,428,4,,2026-01-06,Nuremberg,8000284,49.445616,11.082989,Ljubljana,7900003,46.058691,14.512937,569347.5957420844,False
8000284,5600207,Nürnberg Hbf,Bratislava hl.st.,311,2,,2026-01-06,Nuremberg,8000284,49.445616,11.082989,Bratislava,5600207,48.15891,17.106466,575100.653873134,False
8000086,8103000,Duisburg Hbf,Wien Hbf,514,2,,2026-01-06,Duisburg,8000086,51.429785,6.775903,Vienna,8103000,48.185101,16.377113,968034.216954706,False
8000086,8800004,Duisburg Hbf,Bruxelles Midi,173,2,,2026-01-06,Duisburg,8000086,51.429785,6.775903,Brussels,8800004,50.835376,4.335694,228973.15788770575,False
8000086,8800007,Duisburg Hbf,Antwerpen Centraal,185,4,,2026-01-06,Duisburg,8000086,51.429785,6.775903,Antwerp,8800007,51.215811,4.421168,200484.76257434656,False
8000086,5400014,Duisburg Hbf,Praha hl.n.,499,2,,2026-01-06,Duisburg,8000086,51.429785,6.775903,Prague,5400014,50.083062,14.436039,776163.551569858,False
8000086,8011160,Duisburg Hbf,Berlin Hbf,248,0,,2026-01-06,Duisburg,8000086,51.429785,6.775903,Berlin,8011160,52.525592,13.369545,515808.2004369277,False
8000086,8000096,Duisburg Hbf,Stuttgart Hbf,178,2,,2026-01-06,Duisburg,8000086,51.429785,6.775903,Stuttgart,8000096,48.78478,9.182757,399387.9558415555,True
8000086,8000261,Duisburg Hbf,München Hbf,298,0,,2026-01-06,Duisburg,8000086,51.429785,6.775903,Munich,8000261,48.140232,11.558335,628599.3249648344,True
8000086,8002549,Duisburg Hbf,Hamburg Hbf,179,0,,2026-01-06,Duisburg,8000086,51.429785,6.775903,Hamburg,8002549,53.552736,10.006909,362549.0179462648,True
8000086,8000105,Duisburg Hbf,Frankfurt(Main)Hbf,103,0,,2026-01-06,Duisburg,8000086,51.429785,6.775903,Frankfurt,8000105,50.1066819,8.66282825,236628.28732269863,True
8000086,8000085,Duisburg Hbf,Düsseldorf Hbf,12,0,,2026-01-06,Duisburg,8000086,51.429785,6.775903,Düsseldorf,8000085,51.219962,6.794319,23599.90318111569,False
8000086,8010205,Duisburg Hbf,Leipzig Hbf,296,4,,2026-01-06,Duisburg,8000086,51.429785,6.775903,Leipzig,8010205,51.3454712,12.3820639,464262.84640699974,False
8000086,8000080,Duisburg Hbf,Dortmund Hbf,36,0,,2026-01-06,Duisburg,8000086,51.429785,6.775903,Dortmund,8000080,51.517896,7.45929,53208.389115480415,False
8000086,8000098,Duisburg Hbf,Essen Hbf,12,0,,2026-01-06,Duisburg,8000086,51.429785,6.775903,Essen,8000098,51.451355,7.014793,19275.20083283423,False
8000086,8000050,Duisburg Hbf,Bremen Hbf,147,0,,2026-01-06,Duisburg,8000086,51.429785,6.775903,Bremen,8000050,53.083481,8.813834,263041.2464237427,False
8000086,8010085,Duisburg Hbf,Dresden Hbf,361,2,,2026-01-06,Duisburg,8000086,51.429785,6.775903,Dresden,8010085,51.040563,13.732035,580060.9219312905,False
8000086,8000152,Duisburg Hbf,Hannover Hbf,141,0,,2026-01-06,Duisburg,8000086,51.429785,6.775903,Hannover,8000152,52.376761,9.741021,260532.77578600016,True
8000086,8000284,Duisburg Hbf,Nürnberg Hbf,230,0,,2026-01-06,Duisburg,8000086,51.429785,6.775903,Nuremberg,8000284,49.445616,11.082989,457996.01609974954,True
8000086,8601242,Duisburg Hbf,Koebenhavns Lufthavn st,553,4,,2026-01-06,Duisburg,8000086,51.429785,6.775903,Copenhagen,8601242,55.629605,12.649382,873083.7055807649,False
8000086,7100064,Duisburg Hbf,Barcelona Sants,761,6,,2026-01-06,Duisburg,8000086,51.429785,6.775903,Barcelona,7100064,41.378914,2.140369,1436125.479961472,False
8000086,8700047,Duisburg Hbf,Bordeaux-St-Jean,452,4,,2026-01-06,Duisburg,8000086,51.429785,6.775903,Bordeaux,8700047,44.826486,-0.55592,1062364.859367633,True
8000086,8700074,Duisburg Hbf,Marseille-St-Charles,555,4,,2026-01-06,Duisburg,8000086,51.429785,6.775903,Marseille,8700074,43.303812,5.38195,1109966.35007727,False
8000086,8700152,Duisburg Hbf,Lyon Part Dieu,434,4,,2026-01-06,Duisburg,8000086,51.429785,6.775903,Lyon,8700152,45.760564,4.85999,790093.7502653226,False
8000086,8700065,Duisburg Hbf,Toulouse-Matabiau,606,4,,2026-01-06,Duisburg,8000086,51.429785,6.775903,Toulouse,8700065,43.611406,1.453939,1233991.6938547315,False
8000086,7800020,Duisburg Hbf,Zagreb Glavni kolodvor,897,4,,2026-01-06,Duisburg,8000086,51.429785,6.775903,Zagreb,7800020,45.8044381,15.9787052,1168583.8905908533,False
8000086,5500728,Duisburg Hbf,Budapest-Nyugati,721,9,,2026-01-06,Duisburg,8000086,51.429785,6.775903,Budapest,5500728,47.510706,19.057466,1218468.411479103,False
8000086,8300262,Duisburg Hbf,Roma Tiburtina,776,7,,2026-01-06,Duisburg,8000086,51.429785,6.775903,Rome,8300262,41.91107,12.53146,1416363.178521961,True
8000086,8300047,Duisburg Hbf,Milano Porta Garibaldi,556,6,,2026-01-06,Duisburg,8000086,51.429785,6.775903,Milan,8300047,45.484437,9.18729699,857643.5717328775,False
8000086,8300522,Duisburg Hbf,Torino Porta Susa,631,8,,2026-01-06,Duisburg,8000086,51.429785,6.775903,Turin,8300522,45.071833,7.665169,957909.1696167184,False
8000086,8300153,Duisburg Hbf,Genova Piazza Principe,691,4,,2026-01-06,Duisburg,8000086,51.429785,6.775903,Genoa,8300153,44.417504,8.922075,995823.5686379065,False
8000086,8200100,Duisburg Hbf,Luxembourg,250,4,,2026-01-06,Duisburg,8000086,51.429785,6.775903,Luxembourg,8200100,49.599714,6.134396,292390.251045067,False
8000086,8400597,Duisburg Hbf,Tilburg,124,6,,2026-01-06,Duisburg,8000086,51.429785,6.775903,Tilburg,8400597,51.56061,5.083787,146513.8462708502,False
8000086,8400058,Duisburg Hbf,Amsterdam Centraal,124,0,,2026-01-06,Duisburg,8000086,51.429785,6.775903,Amsterdam,8400058,52.37919,4.899431,194313.0407618757,False
8000086,8400530,Duisburg Hbf,Rotterdam Centraal,135,2,,2026-01-06,Duisburg,8000086,51.429785,6.775903,Rotterdam,8400530,51.924802,4.468769,207067.14203947465,False
8000086,5100065,Duisburg Hbf,Warszawa Centralna,564,4,,2026-01-06,Duisburg,8000086,51.429785,6.775903,Warsaw,5100065,52.22886,21.003234,1079848.812884233,False
8000086,5100028,Duisburg Hbf,Krakow Glowny,684,2,,2026-01-06,Duisburg,8000086,51.429785,6.775903,Kraków,5100028,50.067194,19.947426,1069417.8671265314,False
8000086,5100069,Duisburg Hbf,Wroclaw Glowny,508,2,,2026-01-06,Duisburg,8000086,51.429785,6.775903,Wrocław,5100069,51.098078,17.037088,813686.6548162486,False
8000086,5100081,Duisburg Hbf,Poznan Glowny,419,2,,2026-01-06,Duisburg,8000086,51.429785,6.775903,Poznań,5100081,52.401993,16.91087,781048.3391249349,False
8000086,7400002,Duisburg Hbf,Stockholm Central,888,6,,2026-01-06,Duisburg,8000086,51.429785,6.775903,Stockholm,7400002,59.330014,18.05763,1499392.4616788053,False
8000086,7900003,Duisburg Hbf,Ljubljana,734,6,,2026-01-06,Duisburg,8000086,51.429785,6.775903,Ljubljana,7900003,46.058691,14.512937,1027343.245636716,False
8000086,5600207,Duisburg Hbf,Bratislava hl.st.,597,4,,2026-01-06,Duisburg,8000086,51.429785,6.775903,Bratislava,5600207,48.15891,17.106466,1033096.3037677712,False
8601242,8103000,Koebenhavns Lufthavn st,Wien Hbf,895,4,,2026-01-06,Copenhagen,8601242,55.629605,12.649382,Vienna,8103000,48.185101,16.377113,1464545.287467811,False
8601242,8800004,Koebenhavns Lufthavn st,Bruxelles Midi,823,4,,2026-01-06,Copenhagen,8601242,55.629605,12.649382,Brussels,8800004,50.835376,4.335694,1102052.0098751818,False
8601242,8800007,Koebenhavns Lufthavn st,Antwerpen Centraal,814,8,,2026-01-06,Copenhagen,8601242,55.629605,12.649382,Antwerp,8800007,51.215811,4.421168,1066697.5353123231,False
8601242,5400014,Koebenhavns Lufthavn st,Praha hl.n.,813,6,,2026-01-06,Copenhagen,8601242,55.629605,12.649382,Prague,5400014,50.083062,14.436039,1154902.2790306776,False
8601242,8011160,Koebenhavns Lufthavn st,Berlin Hbf,531,4,,2026-01-06,Copenhagen,8601242,55.629605,12.649382,Berlin,8011160,52.525592,13.369545,780760.4022166788,False
8601242,8000096,Koebenhavns Lufthavn st,Stuttgart Hbf,668,4,,2026-01-06,Copenhagen,8601242,55.629605,12.649382,Stuttgart,8000096,48.78478,9.182757,1177913.3819853095,False
8601242,8000261,Koebenhavns Lufthavn st,München Hbf,710,2,,2026-01-06,Copenhagen,8601242,55.629605,12.649382,Munich,8000261,48.140232,11.558335,1258818.3644377613,False
8601242,8002549,Koebenhavns Lufthavn st,Hamburg Hbf,338,2,,2026-01-06,Copenhagen,8601242,55.629605,12.649382,Hamburg,8002549,53.552736,10.006909,510563.9041460112,False
8601242,8003368,Koebenhavns Lufthavn st,Köln Messe/Deutz,622,6,,2026-01-06,Copenhagen,8601242,55.629605,12.649382,Cologne,8003368,50.940874,6.975001,925744.1554185856,False
8601242,8000105,Koebenhavns Lufthavn st,Frankfurt(Main)Hbf,584,4,,2026-01-06,Copenhagen,8601242,55.629605,12.649382,Frankfurt,8000105,50.1066819,8.66282825,1013004.2294033451,False
8601242,8000085,Koebenhavns Lufthavn st,Düsseldorf Hbf,591,4,,2026-01-06,Copenhagen,8601242,55.629605,12.649382,Düsseldorf,8000085,51.219962,6.794319,896678.7551685886,False
8601242,8010205,Koebenhavns Lufthavn st,Leipzig Hbf,602,4,,2026-01-06,Copenhagen,8601242,55.629605,12.649382,Leipzig,8010205,51.3454712,12.3820639,872473.8909959442,False
8601242,8000080,Koebenhavns Lufthavn st,Dortmund Hbf,542,4,,2026-01-06,Copenhagen,8601242,55.629605,12.649382,Dortmund,8000080,51.517896,7.45929,837585.2289679371,False
8601242,8000098,Koebenhavns Lufthavn st,Essen Hbf,564,4,,2026-01-06,Copenhagen,8601242,55.629605,12.649382,Essen,8000098,51.451355,7.014793,864858.0103847999,False
8601242,8000050,Koebenhavns Lufthavn st,Bremen Hbf,431,4,,2026-01-06,Copenhagen,8601242,55.629605,12.649382,Bremen,8000050,53.083481,8.813834,625809.7762860996,False
8601242,8010085,Koebenhavns Lufthavn st,Dresden Hbf,675,6,,2026-01-06,Copenhagen,8601242,55.629605,12.649382,Dresden,8010085,51.040563,13.732035,958799.6493921056,False
8601242,8000152,Koebenhavns Lufthavn st,Hannover Hbf,438,4,,2026-01-06,Copenhagen,8601242,55.629605,12.649382,Hannover,8000152,52.376761,9.741021,675430.5191504731,False
8601242,8000284,Koebenhavns Lufthavn st,Nürnberg Hbf,655,4,,2026-01-06,Copenhagen,8601242,55.629605,12.649382,Nuremberg,8000284,49.445616,11.082989,1088215.055572687,False
8601242,8000086,Koebenhavns Lufthavn st,Duisburg Hbf,577,4,,2026-01-06,Copenhagen,8601242,55.629605,12.649382,Duisburg,8000086,51.429785,6.775903,873083.7055807646,False
8601242,7100064,Koebenhavns Lufthavn st,Barcelona Sants,1839,8,,2026-01-06,Copenhagen,8601242,55.629605,12.649382,Barcelona,7100064,41.378914,2.140369,2300553.377903478,False
8601242,8700047,Koebenhavns Lufthavn st,Bordeaux-St-Jean,1042,6,,2026-01-06,Copenhagen,8601242,55.629605,12.649382,Bordeaux,8700047,44.826486,-0.55592,1935443.711355117,True
8601242,8700074,Koebenhavns Lufthavn st,Marseille-St-Charles,1117,6,,2026-01-06,Copenhagen,8601242,55.629605,12.649382,Marseille,8700074,43.303812,5.38195,1974394.2480192785,False
8601242,8700152,Koebenhavns Lufthavn st,Lyon Part Dieu,1024,6,,2026-01-06,Copenhagen,8601242,55.629605,12.649382,Lyon,8700152,45.760564,4.85999,1654521.6482073292,False
8601242,8700065,Koebenhavns Lufthavn st,Toulouse-Matabiau,1188,6,,2026-01-06,Copenhagen,8601242,55.629605,12.649382,Toulouse,8700065,43.611406,1.453939,2107070.5458422066,False
8601242,7800020,Koebenhavns Lufthavn st,Zagreb Glavni kolodvor,1348,6,,2026-01-06,Copenhagen,8601242,55.629605,12.649382,Zagreb,7800020,45.8044381,15.9787052,1798802.9300637827,False
8601242,5500728,Koebenhavns Lufthavn st,Budapest-Nyugati,1137,7,,2026-01-06,Copenhagen,8601242,55.629605,12.649382,Budapest,5500728,47.510706,19.057466,1670530.4872905265,False
8601242,8300262,Koebenhavns Lufthavn st,Roma Tiburtina,1308,8,,2026-01-06,Copenhagen,8601242,55.629605,12.649382,Rome,8300262,41.91107,12.53146,2119128.24575604,False
8601242,8300047,Koebenhavns Lufthavn st,Milano Porta Garibaldi,1109,8,,2026-01-06,Copenhagen,8601242,55.629605,12.649382,Milan,8300047,45.484437,9.18729699,1644601.5805899517,False
8601242,8300522,Koebenhavns Lufthavn st,Torino Porta Susa,1202,8,,2026-01-06,Copenhagen,8601242,55.629605,12.649382,Turin,8300522,45.071833,7.665169,1744867.1784737867,False
8601242,8300153,Koebenhavns Lufthavn st,Genova Piazza Principe,1192,8,,2026-01-06,Copenhagen,8601242,55.629605,12.649382,Genoa,8300153,44.417504,8.922075,1782781.5774949747,False
8601242,8200100,Koebenhavns Lufthavn st,Luxembourg,860,8,,2026-01-06,Copenhagen,8601242,55.629605,12.649382,Luxembourg,8200100,49.599714,6.134396,1156818.1489870728,False
8601242,8400597,Koebenhavns Lufthavn st,Tilburg,746,8,,2026-01-06,Copenhagen,8601242,55.629605,12.649382,Tilburg,8400597,51.56061,5.083787,985960.618635084,False
8601242,8400058,Koebenhavns Lufthavn st,Amsterdam Centraal,719,6,,2026-01-06,Copenhagen,8601242,55.629605,12.649382,Amsterdam,8400058,52.37919,4.899431,977813.8354551255,False
8601242,8400530,Koebenhavns Lufthavn st,Rotterdam Centraal,730,8,,2026-01-06,Copenhagen,8601242,55.629605,12.649382,Rotterdam,8400530,51.924802,4.468769,1009480.23669802,False
8601242,5100065,Koebenhavns Lufthavn st,Warszawa Centralna,908,4,,2026-01-06,Copenhagen,8601242,55.629605,12.649382,Warsaw,5100065,52.22886,21.003234,1299218.9190537431,False
8601242,5100028,Koebenhavns Lufthavn st,Krakow Glowny,1096,6,,2026-01-06,Copenhagen,8601242,55.629605,12.649382,Kraków,5100028,50.067194,19.947426,1369017.7257556338,False
8601242,5100069,Koebenhavns Lufthavn st,Wroclaw Glowny,775,6,,2026-01-06,Copenhagen,8601242,55.629605,12.649382,Wrocław,5100069,51.098078,17.037088,1113286.51344535,False
8601242,5100081,Koebenhavns Lufthavn st,Poznan Glowny,723,6,,2026-01-06,Copenhagen,8601242,55.629605,12.649382,Poznań,5100081,52.401993,16.91087,1000422.2463727735,False
8601242,7400002,Koebenhavns Lufthavn st,Stockholm Central,305,2,,2026-01-06,Copenhagen,8601242,55.629605,12.649382,Stockholm,7400002,59.330014,18.05763,626383.922102827,True
8601242,7900003,Koebenhavns Lufthavn st,Ljubljana,1097,6,,2026-01-06,Copenhagen,8601242,55.629605,12.649382,Ljubljana,7900003,46.058691,14.512937,1657562.2851096469,False
8601242,5600207,Koebenhavns Lufthavn st,Bratislava hl.st.,978,6,,2026-01-06,Copenhagen,8601242,55.629605,12.649382,Bratislava,5600207,48.15891,17.106466,1474897.1411623133,False
7100064,8103000,Barcelona Sants,Wien Hbf,1266,8,,2026-01-06,Barcelona,7100064,41.378914,2.140369,Vienna,8103000,48.185101,16.377113,1811585.4722426324,False
7100064,8800004,Barcelona Sants,Bruxelles Midi,561,2,,2026-01-06,Barcelona,7100064,41.378914,2.140369,Brussels,8800004,50.835376,4.335694,1372227.3004250648,True
7100064,8800007,Barcelona Sants,Antwerpen Centraal,601,2,,2026-01-06,Barcelona,7100064,41.378914,2.140369,Antwerp,8800007,51.215811,4.421168,1419662.6560244376,True
7100064,5400014,Barcelona Sants,Praha hl.n.,1439,4,,2026-01-06,Barcelona,7100064,41.378914,2.140369,Prague,5400014,50.083062,14.436039,1766306.3125697924,False
7100064,8011160,Barcelona Sants,Berlin Hbf,989,4,,2026-01-06,Barcelona,7100064,41.378914,2.140369,Berlin,8011160,52.525592,13.369545,1818548.816465706,False
7100064,8000096,Barcelona Sants,Stuttgart Hbf,705,4,,2026-01-06,Barcelona,7100064,41.378914,2.140369,Stuttgart,8000096,48.78478,9.182757,1256126.2552836472,False
7100064,8000261,Barcelona Sants,München Hbf,829,4,,2026-01-06,Barcelona,7100064,41.378914,2.140369,Munich,8000261,48.140232,11.558335,1392415.4820729585,False
7100064,8002549,Barcelona Sants,Hamburg Hbf,1194,8,,2026-01-06,Barcelona,7100064,41.378914,2.140369,Hamburg,8002549,53.552736,10.006909,1790018.6902689706,False
7100064,8003368,Barcelona Sants,Köln Messe/Deutz,720,4,,2026-01-06,Barcelona,7100064,41.378914,2.140369,Cologne,8003368,50.940874,6.975001,1375159.7132022534,False
7100064,8000105,Barcelona Sants,Frankfurt(Main)Hbf,703,4,,2026-01-06,Barcelona,7100064,41.378914,2.140369,Frankfurt,8000105,50.1066819,8.66282825,1309695.3359914145,False
7100064,8000085,Barcelona Sants,Düsseldorf Hbf,736,2,,2026-01-06,Barcelona,7100064,41.378914,2.140369,Düsseldorf,8000085,51.219962,6.794319,1413938.8523666714,False
7100064,8010205,Barcelona Sants,Leipzig Hbf,905,6,,2026-01-06,Barcelona,7100064,41.378914,2.140369,Leipzig,8010205,51.3454712,12.3820639,1679560.5294001785,False
7100064,8000080,Barcelona Sants,Dortmund Hbf,794,4,,2026-01-06,Barcelona,7100064,41.378914,2.140369,Dortmund,8000080,51.517896,7.45929,1469580.6252501423,False
7100064,8000098,Barcelona Sants,Essen Hbf,779,4,,2026-01-06,Barcelona,7100064,41.378914,2.140369,Essen,8000098,51.451355,7.014793,1447573.0375099806,False
7100064,8000050,Barcelona Sants,Bremen Hbf,1213,6,,2026-01-06,Barcelona,7100064,41.378914,2.140369,Bremen,8000050,53.083481,8.813834,1697119.0946834148,False
7100064,8010085,Barcelona Sants,Dresden Hbf,1208,6,,2026-01-06,Barcelona,7100064,41.378914,2.140369,Dresden,8010085,51.040563,13.732035,1795358.6049244688,False
7100064,8000152,Barcelona Sants,Hannover Hbf,900,6,,2026-01-06,Barcelona,7100064,41.378914,2.140369,Hannover,8000152,52.376761,9.741021,1641762.820401932,False
7100064,8000284,Barcelona Sants,Nürnberg Hbf,911,8,,2026-01-06,Barcelona,7100064,41.378914,2.140369,Nuremberg,8000284,49.445616,11.082989,1428121.3316032707,False
7100064,8000086,Barcelona Sants,Duisburg Hbf,752,2,,2026-01-06,Barcelona,7100064,41.378914,2.140369,Duisburg,8000086,51.429785,6.775903,1436125.4799614716,False
7100064,8601242,Barcelona Sants,Koebenhavns Lufthavn st,1727,8,,2026-01-06,Barcelona,7100064,41.378914,2.140369,Copenhagen,8601242,55.629605,12.649382,2300553.377903485,False
7100064,8700012,Barcelona Sants,Paris Gare de Lyon,406,0,,2026-01-06,Barcelona,7100064,41.378914,2.140369,Paris,8700012,48.844841,2.374072,1073548.8282201637,True
7100064,8700047,Barcelona Sants,Bordeaux-St-Jean,381,2,,2026-01-06,Barcelona,7100064,41.378914,2.140369,Bordeaux,8700047,44.826486,-0.55592,650629.097993877,False
7100064,8700074,Barcelona Sants,Marseille-St-Charles,299,0,,2026-01-06,Barcelona,7100064,41.378914,2.140369,Marseille,8700074,43.303812,5.38195,513067.0992469775,True
7100064,8700152,Barcelona Sants,Lyon Part Dieu,306,0,,2026-01-06,Barcelona,7100064,41.378914,2.140369,Lyon,8700152,45.760564,4.85999,646032.3177988958,True
7100064,8700065,Barcelona Sants,Toulouse-Matabiau,227,2,,2026-01-06,Barcelona,7100064,41.378914,2.140369,Toulouse,8700065,43.611406,1.453939,393213.64449813054,False
7100064,7800020,Barcelona Sants,Zagreb Glavni kolodvor,2024,8,,2026-01-06,Barcelona,7100064,41.378914,2.140369,Zagreb,7800020,45.8044381,15.9787052,1679984.0372334963,False
7100064,5500728,Barcelona Sants,Budapest-Nyugati,1463,9,,2026-01-06,Barcelona,7100064,41.378914,2.140369,Budapest,5500728,47.510706,19.057466,2010642.1091979663,False
7100064,8300262,Barcelona Sants,Roma Tiburtina,926,6,,2026-01-06,Barcelona,7100064,41.378914,2.140369,Rome,8300262,41.91107,12.53146,1404171.6169395004,False
7100064,8300047,Barcelona Sants,Milano Porta Garibaldi,686,6,,2026-01-06,Barcelona,7100064,41.378914,2.140369,Milan,8300047,45.484437,9.18729699,1019563.8692083252,True
7100064,8300522,Barcelona Sants,Torino Porta Susa,601,4,,2026-01-06,Barcelona,7100064,41.378914,2.140369,Turin,8300522,45.071833,7.665169,880235.7003846363,True
7100064,8300153,Barcelona Sants,Genova Piazza Principe,736,6,,2026-01-06,Barcelona,7100064,41.378914,2.140369,Genoa,8300153,44.417504,8.922075,911225.254264256,False
7100064,8200100,Barcelona Sants,Luxembourg,627,2,,2026-01-06,Barcelona,7100064,41.378914,2.140369,Luxembourg,8200100,49.599714,6.134396,1156687.328260143,False
7100064,8400597,Barcelona Sants,Tilburg,677,6,,2026-01-06,Barcelona,7100064,41.378914,2.140369,Tilburg,8400597,51.56061,5.083787,1480510.4877711462,False
7100064,8400058,Barcelona Sants,Amsterdam Centraal,684,2,,2026-01-06,Barcelona,7100064,41.378914,2.140369,Amsterdam,8400058,52.37919,4.899431,1563358.9066317277,False
7100064,8400530,Barcelona Sants,Rotterdam Centraal,636,2,,2026-01-06,Barcelona,7100064,41.378914,2.140369,Rotterdam,8400530,51.924802,4.468769,1513985.2259319765,True
7100064,5100065,Barcelona Sants,Warszawa Centralna,1534,8,,2026-01-06,Barcelona,7100064,41.378914,2.140369,Warsaw,5100065,52.22886,21.003234,2340016.3500878583,False
7100064,5100028,Barcelona Sants,Krakow Glowny,1797,8,,2026-01-06,Barcelona,7100064,41.378914,2.140369,Kraków,5100028,50.067194,19.947426,2228839.291521959,False
7100064,5100069,Barcelona Sants,Wroclaw Glowny,1566,8,,2026-01-06,Barcelona,7100064,41.378914,2.140369,Wrocław,5100069,51.098078,17.037088,2031304.455865403,False
7100064,5100081,Barcelona Sants,Poznan Glowny,1387,8,,2026-01-06,Barcelona,7100064,41.378914,2.140369,Poznań,5100081,52.401993,16.91087,2041215.8763285736,False
7100064,7400002,Barcelona Sants,Stockholm Central,2049,8,,2026-01-06,Barcelona,7100064,41.378914,2.140369,Stockholm,7400002,59.330014,18.05763,2926862.1340015233,False
7100064,7900003,Barcelona Sants,Ljubljana,1874,8,,2026-01-06,Barcelona,7100064,41.378914,2.140369,Ljubljana,7900003,46.058691,14.512937,1538742.180920481,False
7100064,5600207,Barcelona Sants,Bratislava hl.st.,1364,8,,2026-01-06,Barcelona,7100064,41.378914,2.140369,Bratislava,5600207,48.15891,17.106466,1876647.5590556955,False
8700012,7100064,Paris Gare de Lyon,Barcelona Sants,410,0,,2026-01-06,Paris,8700012,48.844841,2.374072,Barcelona,7100064,41.378914,2.140369,1073548.828220168,True
8700012,8700074,Paris Gare de Lyon,Marseille-St-Charles,184,0,,2026-01-06,Paris,8700012,48.844841,2.374072,Marseille,8700074,43.303812,5.38195,747389.6983359569,True
8700012,8700152,Paris Gare de Lyon,Lyon Part Dieu,116,0,,2026-01-06,Paris,8700012,48.844841,2.374072,Lyon,8700152,45.760564,4.85999,427517.0985240099,True
8700012,8300262,Paris Gare de Lyon,Roma Tiburtina,654,2,,2026-01-06,Paris,8700012,48.844841,2.374072,Rome,8300262,41.91107,12.53146,1341182.769095084,True
8700012,8300047,Paris Gare de Lyon,Milano Porta Garibaldi,414,2,,2026-01-06,Paris,8700012,48.844841,2.374072,Milan,8300047,45.484437,9.18729699,781400.7230814594,False
8700047,8103000,Bordeaux-St-Jean,Wien Hbf,828,8,,2026-01-06,Bordeaux,8700047,44.826486,-0.55592,Vienna,8103000,48.185101,16.377113,1754625.6920518596,False
8700047,8800004,Bordeaux-St-Jean,Bruxelles Midi,271,2,,2026-01-06,Bordeaux,8700047,44.826486,-0.55592,Brussels,8800004,50.835376,4.335694,854692.0373549458,True
8700047,8800007,Bordeaux-St-Jean,Antwerpen Centraal,340,2,,2026-01-06,Bordeaux,8700047,44.826486,-0.55592,Antwerp,8800007,51.215811,4.421168,902127.3929543196,True
8700047,5400014,Bordeaux-St-Jean,Praha hl.n.,880,8,,2026-01-06,Bordeaux,8700047,44.826486,-0.55592,Prague,5400014,50.083062,14.436039,1651289.4438225017,True
8700047,8011160,Bordeaux-St-Jean,Berlin Hbf,695,8,,2026-01-06,Bordeaux,8700047,44.826486,-0.55592,Berlin,8011160,52.525592,13.369545,1577803.2118656489,True
8700047,8000096,Bordeaux-St-Jean,Stuttgart Hbf,378,2,,2026-01-06,Bordeaux,8700047,44.826486,-0.55592,Stuttgart,8000096,48.78478,9.182757,1135308.126502327,True
8700047,8000261,Bordeaux-St-Jean,München Hbf,534,4,,2026-01-06,Bordeaux,8700047,44.826486,-0.55592,Munich,8000261,48.140232,11.558335,1335455.7018821856,False
8700047,8002549,Bordeaux-St-Jean,Hamburg Hbf,677,4,,2026-01-06,Bordeaux,8700047,44.826486,-0.55592,Hamburg,8002549,53.552736,10.006909,1424909.0237206004,True
8700047,8003368,Bordeaux-St-Jean,Köln Messe/Deutz,400,4,,2026-01-06,Bordeaux,8700047,44.826486,-0.55592,Cologne,8003368,50.940874,6.975001,1027864.6203022366,True
8700047,8000105,Bordeaux-St-Jean,Frankfurt(Main)Hbf,421,2,,2026-01-06,Bordeaux,8700047,44.826486,-0.55592,Frankfurt,8000105,50.1066819,8.66282825,1125023.5600963668,True
8700047,8000085,Bordeaux-St-Jean,Düsseldorf Hbf,488,6,,2026-01-06,Bordeaux,8700047,44.826486,-0.55592,Düsseldorf,8000085,51.219962,6.794319,1045987.1801696168,True
8700047,8010205,Bordeaux-St-Jean,Leipzig Hbf,622,6,,2026-01-06,Bordeaux,8700047,44.826486,-0.55592,Leipzig,8010205,51.3454712,12.3820639,1496563.2382526293,True
8700047,8000080,Bordeaux-St-Jean,Dortmund Hbf,474,4,,2026-01-06,Bordeaux,8700047,44.826486,-0.55592,Dortmund,8000080,51.517896,7.45929,1115203.400544193,True
8700047,8000098,Bordeaux-St-Jean,Essen Hbf,449,2,,2026-01-06,Bordeaux,8700047,44.826486,-0.55592,Essen,8000098,51.451355,7.014793,1081591.777565642,True
8700047,8000050,Bordeaux-St-Jean,Bremen Hbf,628,4,,2026-01-06,Bordeaux,8700047,44.826486,-0.55592,Bremen,8000050,53.083481,8.813834,1325401.252198076,True
8700047,8010085,Bordeaux-St-Jean,Dresden Hbf,712,8,,2026-01-06,Bordeaux,8700047,44.826486,-0.55592,Dresden,8010085,51.040563,13.732035,1612361.3137769196,True
8700047,8000152,Bordeaux-St-Jean,Hannover Hbf,582,4,,2026-01-06,Bordeaux,8700047,44.826486,-0.55592,Hannover,8000152,52.376761,9.741021,1322527.7872147127,True
8700047,8000284,Bordeaux-St-Jean,Nürnberg Hbf,571,4,,2026-01-06,Bordeaux,8700047,44.826486,-0.55592,Nuremberg,8000284,49.445616,11.082989,1307303.2028219504,True
8700047,8000086,Bordeaux-St-Jean,Duisburg Hbf,432,2,,2026-01-06,Bordeaux,8700047,44.826486,-0.55592,Duisburg,8000086,51.429785,6.775903,1062364.8593676316,True
8700047,8601242,Bordeaux-St-Jean,Koebenhavns Lufthavn st,1057,6,,2026-01-06,Bordeaux,8700047,44.826486,-0.55592,Copenhagen,8601242,55.629605,12.649382,1935443.7113551,True
8700047,7100064,Bordeaux-St-Jean,Barcelona Sants,385,2,,2026-01-06,Bordeaux,8700047,44.826486,-0.55592,Barcelona,7100064,41.378914,2.140369,650629.0979938757,False
8700047,8700074,Bordeaux-St-Jean,Marseille-St-Charles,386,0,,2026-01-06,Bordeaux,8700047,44.826486,-0.55592,Marseille,8700074,43.303812,5.38195,673938.4999946002,False
8700047,8700152,Bordeaux-St-Jean,Lyon Part Dieu,397,2,,2026-01-06,Bordeaux,8700047,44.826486,-0.55592,Lyon,8700152,45.760564,4.85999,624038.0977940717,False
8700047,8700065,Bordeaux-St-Jean,Toulouse-Matabiau,147,0,,2026-01-06,Bordeaux,8700047,44.826486,-0.55592,Toulouse,8700065,43.611406,1.453939,257419.43959618395,False
8700047,7800020,Bordeaux-St-Jean,Zagreb Glavni kolodvor,1184,8,,2026-01-06,Bordeaux,8700047,44.826486,-0.55592,Zagreb,7800020,45.8044381,15.9787052,1727949.862662166,False
8700047,5500728,Bordeaux-St-Jean,Budapest-Nyugati,1143,9,,2026-01-06,Bordeaux,8700047,44.826486,-0.55592,Budapest,5500728,47.510706,19.057466,2005059.8865762576,False
8700047,8300262,Bordeaux-St-Jean,Roma Tiburtina,834,4,,2026-01-06,Bordeaux,8700047,44.826486,-0.55592,Rome,8300262,41.91107,12.53146,1565043.017687135,False
8700047,8300047,Bordeaux-St-Jean,Milano Porta Garibaldi,594,4,,2026-01-06,Bordeaux,8700047,44.826486,-0.55592,Milan,8300047,45.484437,9.18729699,1067529.6946369985,False
8700047,8300522,Bordeaux-St-Jean,Torino Porta Susa,509,2,,2026-01-06,Bordeaux,8700047,44.826486,-0.55592,Turin,8300522,45.071833,7.665169,928201.525813308,False
8700047,8300153,Bordeaux-St-Jean,Genova Piazza Principe,644,4,,2026-01-06,Bordeaux,8700047,44.826486,-0.55592,Genoa,8300153,44.417504,8.922075,1072096.6550118777,False
8700047,8200100,Bordeaux-St-Jean,Luxembourg,307,2,,2026-01-06,Bordeaux,8700047,44.826486,-0.55592,Luxembourg,8200100,49.599714,6.134396,908009.5156384812,True
8700047,8400597,Bordeaux-St-Jean,Tilburg,416,6,,2026-01-06,Bordeaux,8700047,44.826486,-0.55592,Tilburg,8400597,51.56061,5.083787,979706.1576866565,True
8700047,8400058,Bordeaux-St-Jean,Amsterdam Centraal,423,2,,2026-01-06,Bordeaux,8700047,44.826486,-0.55592,Amsterdam,8400058,52.37919,4.899431,1066272.9830377067,True
8700047,8400530,Bordeaux-St-Jean,Rotterdam Centraal,375,2,,2026-01-06,Bordeaux,8700047,44.826486,-0.55592,Rotterdam,8400530,51.924802,4.468769,996449.9628618635,True
8700047,5100065,Bordeaux-St-Jean,Warszawa Centralna,1214,8,,2026-01-06,Bordeaux,8700047,44.826486,-0.55592,Warsaw,5100065,52.22886,21.003234,2141843.8243129593,False
8700047,5100028,Bordeaux-St-Jean,Krakow Glowny,1429,8,,2026-01-06,Bordeaux,8700047,44.826486,-0.55592,Kraków,5100028,50.067194,19.947426,2104038.3770281365,True
8700047,5100069,Bordeaux-St-Jean,Wroclaw Glowny,997,8,,2026-01-06,Bordeaux,8700047,44.826486,-0.55592,Wrocław,5100069,51.098078,17.037088,1848307.1647178535,True
8700047,5100081,Bordeaux-St-Jean,Poznan Glowny,1067,8,,2026-01-06,Bordeaux,8700047,44.826486,-0.55592,Poznań,5100081,52.401993,16.91087,1843043.3505536544,True
8700047,7400002,Bordeaux-St-Jean,Stockholm Central,1450,6,,2026-01-06,Bordeaux,8700047,44.826486,-0.55592,Stockholm,7400002,59.330014,18.05763,2561752.4674531315,True
8700047,7900003,Bordeaux-St-Jean,Ljubljana,1023,8,,2026-01-06,Bordeaux,8700047,44.826486,-0.55592,Ljubljana,7900003,46.058691,14.512937,1586708.0063491506,False
8700047,5600207,Bordeaux-St-Jean,Bratislava hl.st.,1044,6,,2026-01-06,Bordeaux,8700047,44.826486,-0.55592,Bratislava,5600207,48.15891,17.106466,1819687.7788649227,False
8700074,8103000,Marseille-St-Charles,Wien Hbf,890,4,,2026-01-06,Marseille,8700074,43.303812,5.38195,Vienna,8103000,48.185101,16.377113,1349544.93997421,False
8700074,8800004,Marseille-St-Charles,Bruxelles Midi,333,2,,2026-01-06,Marseille,8700074,43.303812,5.38195,Brussels,8800004,50.835376,4.335694,1046068.1705408656,True
8700074,8800007,Marseille-St-Charles,Antwerpen Centraal,376,2,,2026-01-06,Marseille,8700074,43.303812,5.38195,Antwerp,8800007,51.215811,4.421168,1093503.526140239,True
8700074,5400014,Marseille-St-Charles,Praha hl.n.,1118,4,,2026-01-06,Marseille,8700074,43.303812,5.38195,Prague,5400014,50.083062,14.436039,1424075.8813961342,False
8700074,8011160,Marseille-St-Charles,Berlin Hbf,781,6,,2026-01-06,Marseille,8700074,43.303812,5.38195,Berlin,8011160,52.525592,13.369545,1492389.6865815057,False
8700074,8000096,Marseille-St-Charles,Stuttgart Hbf,491,2,,2026-01-06,Marseille,8700074,43.303812,5.38195,Stuttgart,8000096,48.78478,9.182757,929967.1253994404,False
8700074,8000261,Marseille-St-Charles,München Hbf,671,6,,2026-01-06,Marseille,8700074,43.303812,5.38195,Munich,8000261,48.140232,11.558335,1050185.0508993107,False
8700074,8002549,Marseille-St-Charles,Hamburg Hbf,764,6,,2026-01-06,Marseille,8700074,43.303812,5.38195,Hamburg,8002549,53.552736,10.006909,1463859.5603847783,False
8700074,8003368,Marseille-St-Charles,Köln Messe/Deutz,460,4,,2026-01-06,Marseille,8700074,43.303812,5.38195,Cologne,8003368,50.940874,6.975001,1049000.583318062,False
8700074,8000105,Marseille-St-Charles,Frankfurt(Main)Hbf,535,6,,2026-01-06,Marseille,8700074,43.303812,5.38195,Frankfurt,8000105,50.1066819,8.66282825,983536.2061072122,False
8700074,8000085,Marseille-St-Charles,Düsseldorf Hbf,475,2,,2026-01-06,Marseille,8700074,43.303812,5.38195,Düsseldorf,8000085,51.219962,6.794319,1087779.7224824792,False
8700074,8010205,Marseille-St-Charles,Leipzig Hbf,726,6,,2026-01-06,Marseille,8700074,43.303812,5.38195,Leipzig,8010205,51.3454712,12.3820639,1353401.3995159783,False
8700074,8000080,Marseille-St-Charles,Dortmund Hbf,535,2,,2026-01-06,Marseille,8700074,43.303812,5.38195,Dortmund,8000080,51.517896,7.45929,1143421.4953659505,False
8700074,8000098,Marseille-St-Charles,Essen Hbf,509,2,,2026-01-06,Marseille,8700074,43.303812,5.38195,Essen,8000098,51.451355,7.014793,1121413.9076257884,False
8700074,8000050,Marseille-St-Charles,Bremen Hbf,688,4,,2026-01-06,Marseille,8700074,43.303812,5.38195,Bremen,8000050,53.083481,8.813834,1370959.9647992223,False
8700074,8010085,Marseille-St-Charles,Dresden Hbf,816,8,,2026-01-06,Marseille,8700074,43.303812,5.38195,Dresden,8010085,51.040563,13.732035,1469199.4750402686,False
8700074,8000152,Marseille-St-Charles,Hannover Hbf,668,6,,2026-01-06,Marseille,8700074,43.303812,5.38195,Hannover,8000152,52.376761,9.741021,1315603.690517732,False
8700074,8000284,Marseille-St-Charles,Nürnberg Hbf,672,6,,2026-01-06,Marseille,8700074,43.303812,5.38195,Nuremberg,8000284,49.445616,11.082989,1100047.6292109347,False
8700074,8000086,Marseille-St-Charles,Duisburg Hbf,492,2,,2026-01-06,Marseille,8700074,43.303812,5.38195,Duisburg,8000086,51.429785,6.775903,1109966.3500772794,False
8700074,8601242,Marseille-St-Charles,Koebenhavns Lufthavn st,1155,4,,2026-01-06,Marseille,8700074,43.303812,5.38195,Copenhagen,8601242,55.629605,12.649382,1974394.2480192776,False
8700074,7100064,Marseille-St-Charles,Barcelona Sants,272,0,,2026-01-06,Marseille,8700074,43.303812,5.38195,Barcelona,7100064,41.378914,2.140369,513067.0992469769,True
8700074,8700012,Marseille-St-Charles,Paris Gare de Lyon,199,0,,2026-01-06,Marseille,8700074,43.303812,5.38195,Paris,8700012,48.844841,2.374072,747389.6983359559,True
8700074,8700047,Marseille-St-Charles,Bordeaux-St-Jean,382,0,,2026-01-06,Marseille,8700074,43.303812,5.38195,Bordeaux,8700047,44.826486,-0.55592,673938.4999946016,False
8700074,8700152,Marseille-St-Charles,Lyon Part Dieu,101,0,,2026-01-06,Marseille,8700074,43.303812,5.38195,Lyon,8700152,45.760564,4.85999,319873.1879146875,True
8700074,8700065,Marseille-St-Charles,Toulouse-Matabiau,228,0,,2026-01-06,Marseille,8700074,43.303812,5.38195,Toulouse,8700065,43.611406,1.453939,416523.0464988547,False
8700074,7800020,Marseille-St-Charles,Zagreb Glavni kolodvor,1338,6,,2026-01-06,Marseille,8700074,43.303812,5.38195,Zagreb,7800020,45.8044381,15.9787052,1184471.6541632372,False
8700074,5500728,Marseille-St-Charles,Budapest-Nyugati,1286,9,,2026-01-06,Marseille,8700074,43.303812,5.38195,Budapest,5500728,47.510706,19.057466,1515129.726127702,False
8700074,8300262,Marseille-St-Charles,Roma Tiburtina,688,8,,2026-01-06,Marseille,8700074,43.303812,5.38195,Rome,8300262,41.91107,12.53146,893339.7677890734,False
8700074,8300047,Marseille-St-Charles,Milano Porta Garibaldi,442,4,,2026-01-06,Marseille,8700074,43.303812,5.38195,Milan,8300047,45.484437,9.18729699,538389.3086566015,False
8700074,8300522,Marseille-St-Charles,Torino Porta Susa,363,6,,2026-01-06,Marseille,8700074,43.303812,5.38195,Turin,8300522,45.071833,7.665169,432323.5496015229,False
8700074,8300153,Marseille-St-Charles,Genova Piazza Principe,368,4,,2026-01-06,Marseille,8700074,43.303812,5.38195,Genoa,8300153,44.417504,8.922075,400393.4051138275,False
8700074,8200100,Marseille-St-Charles,Luxembourg,408,2,,2026-01-06,Marseille,8700074,43.303812,5.38195,Luxembourg,8200100,49.599714,6.134396,830528.1983759366,False
8700074,8400597,Marseille-St-Charles,Tilburg,452,6,,2026-01-06,Marseille,8700074,43.303812,5.38195,Tilburg,8400597,51.56061,5.083787,1154351.3578869277,False
8700074,8400058,Marseille-St-Charles,Amsterdam Centraal,459,2,,2026-01-06,Marseille,8700074,43.303812,5.38195,Amsterdam,8400058,52.37919,4.899431,1237199.7767475091,False
8700074,8400530,Marseille-St-Charles,Rotterdam Centraal,411,2,,2026-01-06,Marseille,8700074,43.303812,5.38195,Rotterdam,8400530,51.924802,4.468769,1187826.096047778,True
8700074,5100065,Marseille-St-Charles,Warszawa Centralna,1333,6,,2026-01-06,Marseille,8700074,43.303812,5.38195,Warsaw,5100065,52.22886,21.003234,2003521.0489671116,False
8700074,5100028,Marseille-St-Charles,Krakow Glowny,1489,6,,2026-01-06,Marseille,8700074,43.303812,5.38195,Kraków,5100028,50.067194,19.947426,1764736.0857019548,False
8700074,5100069,Marseille-St-Charles,Wroclaw Glowny,1263,8,,2026-01-06,Marseille,8700074,43.303812,5.38195,Wrocław,5100069,51.098078,17.037088,1705145.3259812028,False
8700074,5100081,Marseille-St-Charles,Poznan Glowny,1186,6,,2026-01-06,Marseille,8700074,43.303812,5.38195,Poznań,5100081,52.401993,16.91087,1715056.7464443736,False
8700074,7400002,Marseille-St-Charles,Stockholm Central,1533,4,,2026-01-06,Marseille,8700074,43.303812,5.38195,Stockholm,7400002,59.330014,18.05763,2600703.004117313,False
8700074,7900003,Marseille-St-Charles,Ljubljana,935,8,,2026-01-06,Marseille,8700074,43.303812,5.38195,Ljubljana,7900003,46.058691,14.512937,1043229.7978502212,False
8700074,5600207,Marseille-St-Charles,Bratislava hl.st.,959,6,,2026-01-06,Marseille,8700074,43.303812,5.38195,Bratislava,5600207,48.15891,17.106466,1407155.0179665268,False
8700152,8103000,Lyon Part Dieu,Wien Hbf,766,2,,2026-01-06,Lyon,8700152,45.760564,4.85999,Vienna,8103000,48.185101,16.377113,1165553.742546488,False
8700152,8800004,Lyon Part Dieu,Bruxelles Midi,250,2,,2026-01-06,Lyon,8700152,45.760564,4.85999,Brussels,8800004,50.835376,4.335694,726195.5707289168,True
8700152,8800007,Lyon Part Dieu,Antwerpen Centraal,276,2,,2026-01-06,Lyon,8700152,45.760564,4.85999,Antwerp,8800007,51.215811,4.421168,773630.9263282905,True
8700152,5400014,Lyon Part Dieu,Praha hl.n.,862,8,,2026-01-06,Lyon,8700152,45.760564,4.85999,Prague,5400014,50.083062,14.436039,1120274.582873641,False
8700152,8011160,Lyon Part Dieu,Berlin Hbf,653,2,,2026-01-06,Lyon,8700152,45.760564,4.85999,Berlin,8011160,52.525592,13.369545,1172517.0867695569,False
8700152,8000096,Lyon Part Dieu,Stuttgart Hbf,362,2,,2026-01-06,Lyon,8700152,45.760564,4.85999,Stuttgart,8000096,48.78478,9.182757,610094.5255874927,False
8700152,8000261,Lyon Part Dieu,München Hbf,508,2,,2026-01-06,Lyon,8700152,45.760564,4.85999,Munich,8000261,48.140232,11.558335,746383.7523768211,False
8700152,8002549,Lyon Part Dieu,Hamburg Hbf,628,2,,2026-01-06,Lyon,8700152,45.760564,4.85999,Hamburg,8002549,53.552736,10.006909,1143986.9605728309,False
8700152,8000105,Lyon Part Dieu,Frankfurt(Main)Hbf,359,0,,2026-01-06,Lyon,8700152,45.760564,4.85999,Frankfurt,8000105,50.1066819,8.66282825,663663.6062952646,False
8700152,8000085,Lyon Part Dieu,Düsseldorf Hbf,451,2,,2026-01-06,Lyon,8700152,45.760564,4.85999,Düsseldorf,8000085,51.219962,6.794319,767907.1226705231,False
8700152,8010205,Lyon Part Dieu,Leipzig Hbf,603,4,,2026-01-06,Lyon,8700152,45.760564,4.85999,Leipzig,8010205,51.3454712,12.3820639,1033528.7997040248,False
8700152,8000080,Lyon Part Dieu,Dortmund Hbf,490,6,,2026-01-06,Lyon,8700152,45.760564,4.85999,Dortmund,8000080,51.517896,7.45929,823548.8955539984,False
8700152,8000098,Lyon Part Dieu,Essen Hbf,467,6,,2026-01-06,Lyon,8700152,45.760564,4.85999,Essen,8000098,51.451355,7.014793,801541.3078138399,False
8700152,8000050,Lyon Part Dieu,Bremen Hbf,613,2,,2026-01-06,Lyon,8700152,45.760564,4.85999,Bremen,8000050,53.083481,8.813834,1051087.3649872711,False
8700152,8010085,Lyon Part Dieu,Dresden Hbf,695,8,,2026-01-06,Lyon,8700152,45.760564,4.85999,Dresden,8010085,51.040563,13.732035,1149326.875228315,False
8700152,8000152,Lyon Part Dieu,Hannover Hbf,544,2,,2026-01-06,Lyon,8700152,45.760564,4.85999,Hannover,8000152,52.376761,9.741021,995731.0907057868,False
8700152,8000284,Lyon Part Dieu,Nürnberg Hbf,497,2,,2026-01-06,Lyon,8700152,45.760564,4.85999,Nuremberg,8000284,49.445616,11.082989,782089.6019071202,False
8700152,8000086,Lyon Part Dieu,Duisburg Hbf,454,6,,2026-01-06,Lyon,8700152,45.760564,4.85999,Duisburg,8000086,51.429785,6.775903,790093.750265324,False
8700152,8601242,Lyon Part Dieu,Koebenhavns Lufthavn st,999,8,,2026-01-06,Lyon,8700152,45.760564,4.85999,Copenhagen,8601242,55.629605,12.649382,1654521.6482073304,False
8700152,7100064,Lyon Part Dieu,Barcelona Sants,288,0,,2026-01-06,Lyon,8700152,45.760564,4.85999,Barcelona,7100064,41.378914,2.140369,646032.3177988973,True
8700152,8700012,Lyon Part Dieu,Paris Gare de Lyon,115,0,,2026-01-06,Lyon,8700152,45.760564,4.85999,Paris,8700012,48.844841,2.374072,427517.09852400847,True
8700152,8700047,Lyon Part Dieu,Bordeaux-St-Jean,404,2,,2026-01-06,Lyon,8700152,45.760564,4.85999,Bordeaux,8700047,44.826486,-0.55592,624038.0977940649,False
8700152,8700074,Lyon Part Dieu,Marseille-St-Charles,99,0,,2026-01-06,Lyon,8700152,45.760564,4.85999,Marseille,8700074,43.303812,5.38195,319873.1879146888,True
8700152,8700065,Lyon Part Dieu,Toulouse-Matabiau,249,0,,2026-01-06,Lyon,8700152,45.760564,4.85999,Toulouse,8700065,43.611406,1.453939,549488.2650507736,False
8700152,7800020,Lyon Part Dieu,Zagreb Glavni kolodvor,1166,8,,2026-01-06,Lyon,8700152,45.760564,4.85999,Zagreb,7800020,45.8044381,15.9787052,1109645.1358619705,False
8700152,5500728,Lyon Part Dieu,Budapest-Nyugati,1068,7,,2026-01-06,Lyon,8700152,45.760564,4.85999,Budapest,5500728,47.510706,19.057466,1415987.937070886,False
8700152,8300262,Lyon Part Dieu,Roma Tiburtina,572,6,,2026-01-06,Lyon,8700152,45.760564,4.85999,Rome,8300262,41.91107,12.53146,959012.5249611932,False
8700152,8300047,Lyon Part Dieu,Milano Porta Garibaldi,332,6,,2026-01-06,Lyon,8700152,45.760564,4.85999,Milan,8300047,45.484437,9.18729699,449224.96783679834,False
8700152,8300522,Lyon Part Dieu,Torino Porta Susa,237,0,,2026-01-06,Lyon,8700152,45.760564,4.85999,Turin,8300522,45.071833,7.665169,309896.79901311,False
8700152,8300153,Lyon Part Dieu,Genova Piazza Principe,382,6,,2026-01-06,Lyon,8700152,45.760564,4.85999,Genoa,8300153,44.417504,8.922075,466060.76484567265,False
8700152,8200100,Lyon Part Dieu,Luxembourg,347,2,,2026-01-06,Lyon,8700152,45.760564,4.85999,Luxembourg,8200100,49.599714,6.134396,510655.59856398456,False
8700152,8400597,Lyon Part Dieu,Tilburg,369,6,,2026-01-06,Lyon,8700152,45.760564,4.85999,Tilburg,8400597,51.56061,5.083787,834478.7580749803,False
8700152,8400058,Lyon Part Dieu,Amsterdam Centraal,376,2,,2026-01-06,Lyon,8700152,45.760564,4.85999,Amsterdam,8400058,52.37919,4.899431,917327.1769355657,False
8700152,8400530,Lyon Part Dieu,Rotterdam Centraal,328,2,,2026-01-06,Lyon,8700152,45.760564,4.85999,Rotterdam,8400530,51.924802,4.468769,867953.4962358347,True
8700152,5100065,Lyon Part Dieu,Warszawa Centralna,1196,8,,2026-01-06,Lyon,8700152,45.760564,4.85999,Warsaw,5100065,52.22886,21.003234,1693984.6203917288,False
8700152,5100028,Lyon Part Dieu,Krakow Glowny,1235,6,,2026-01-06,Lyon,8700152,45.760564,4.85999,Kraków,5100028,50.067194,19.947426,1582807.5618258102,False
8700152,5100069,Lyon Part Dieu,Wroclaw Glowny,1139,8,,2026-01-06,Lyon,8700152,45.760564,4.85999,Wrocław,5100069,51.098078,17.037088,1385272.7261692488,False
8700152,5100081,Lyon Part Dieu,Poznan Glowny,1049,8,,2026-01-06,Lyon,8700152,45.760564,4.85999,Poznań,5100081,52.401993,16.91087,1395184.1466324255,False
8700152,7400002,Lyon Part Dieu,Stockholm Central,1432,6,,2026-01-06,Lyon,8700152,45.760564,4.85999,Stockholm,7400002,59.330014,18.05763,2280830.404305364,False
8700152,7900003,Lyon Part Dieu,Ljubljana,817,6,,2026-01-06,Lyon,8700152,45.760564,4.85999,Ljubljana,7900003,46.058691,14.512937,968403.2795489538,False
8700152,5600207,Lyon Part Dieu,Bratislava hl.st.,846,6,,2026-01-06,Lyon,8700152,45.760564,4.85999,Bratislava,5600207,48.15891,17.106466,1230615.8293595512,False
8700065,8103000,Toulouse-Matabiau,Wien Hbf,1020,4,,2026-01-06,Toulouse,8700065,43.611406,1.453939,Vienna,8103000,48.185101,16.377113,1715041.4194945204,False
8700065,8800004,Toulouse-Matabiau,Bruxelles Midi,417,2,,2026-01-06,Toulouse,8700065,43.611406,1.453939,Brussels,8800004,50.835376,4.335694,1026318.8718420508,False
8700065,8800007,Toulouse-Matabiau,Antwerpen Centraal,487,2,,2026-01-06,Toulouse,8700065,43.611406,1.453939,Antwerp,8800007,51.215811,4.421168,1073754.2274414245,False
8700065,5400014,Toulouse-Matabiau,Praha hl.n.,1270,4,,2026-01-06,Toulouse,8700065,43.611406,1.453939,Prague,5400014,50.083062,14.436039,1667129.7352512493,False
8700065,8011160,Toulouse-Matabiau,Berlin Hbf,846,4,,2026-01-06,Toulouse,8700065,43.611406,1.453939,Berlin,8011160,52.525592,13.369545,1713570.9791131334,False
8700065,8000096,Toulouse-Matabiau,Stuttgart Hbf,524,2,,2026-01-06,Toulouse,8700065,43.611406,1.453939,Stuttgart,8000096,48.78478,9.182757,1151148.4179310745,False
8700065,8000261,Toulouse-Matabiau,München Hbf,680,4,,2026-01-06,Toulouse,8700065,43.611406,1.453939,Munich,8000261,48.140232,11.558335,1295871.4293248465,False
8700065,8002549,Toulouse-Matabiau,Hamburg Hbf,835,4,,2026-01-06,Toulouse,8700065,43.611406,1.453939,Hamburg,8002549,53.552736,10.006909,1596535.8582077045,False
8700065,8003368,Toulouse-Matabiau,Köln Messe/Deutz,546,4,,2026-01-06,Toulouse,8700065,43.611406,1.453939,Cologne,8003368,50.940874,6.975001,1199491.4547893414,False
8700065,8000105,Toulouse-Matabiau,Frankfurt(Main)Hbf,568,4,,2026-01-06,Toulouse,8700065,43.611406,1.453939,Frankfurt,8000105,50.1066819,8.66282825,1204717.4986388416,False
8700065,8000085,Toulouse-Matabiau,Düsseldorf Hbf,561,2,,2026-01-06,Toulouse,8700065,43.611406,1.453939,Düsseldorf,8000085,51.219962,6.794319,1217614.0146567237,False
8700065,8010205,Toulouse-Matabiau,Leipzig Hbf,769,6,,2026-01-06,Toulouse,8700065,43.611406,1.453939,Leipzig,8010205,51.3454712,12.3820639,1574582.6920476058,False
8700065,8000080,Toulouse-Matabiau,Dortmund Hbf,621,2,,2026-01-06,Toulouse,8700065,43.611406,1.453939,Dortmund,8000080,51.517896,7.45929,1286830.2350312986,False
8700065,8000098,Toulouse-Matabiau,Essen Hbf,595,2,,2026-01-06,Toulouse,8700065,43.611406,1.453939,Essen,8000098,51.451355,7.014793,1253218.612052746,False
8700065,8000050,Toulouse-Matabiau,Bremen Hbf,774,4,,2026-01-06,Toulouse,8700065,43.611406,1.453939,Bremen,8000050,53.083481,8.813834,1497028.08668518,False
8700065,8010085,Toulouse-Matabiau,Dresden Hbf,1039,8,,2026-01-06,Toulouse,8700065,43.611406,1.453939,Dresden,8010085,51.040563,13.732035,1690380.767571896,False
8700065,8000152,Toulouse-Matabiau,Hannover Hbf,728,4,,2026-01-06,Toulouse,8700065,43.611406,1.453939,Hannover,8000152,52.376761,9.741021,1494154.6217018182,False
8700065,8000284,Toulouse-Matabiau,Nürnberg Hbf,718,4,,2026-01-06,Toulouse,8700065,43.611406,1.453939,Nuremberg,8000284,49.445616,11.082989,1323143.494250698,False
8700065,8000086,Toulouse-Matabiau,Duisburg Hbf,578,2,,2026-01-06,Toulouse,8700065,43.611406,1.453939,Duisburg,8000086,51.429785,6.775903,1233991.6938547357,False
8700065,8601242,Toulouse-Matabiau,Koebenhavns Lufthavn st,1273,6,,2026-01-06,Toulouse,8700065,43.611406,1.453939,Copenhagen,8601242,55.629605,12.649382,2107070.545842202,False
8700065,7100064,Toulouse-Matabiau,Barcelona Sants,219,2,,2026-01-06,Toulouse,8700065,43.611406,1.453939,Barcelona,7100064,41.378914,2.140369,393213.6444981308,False
8700065,8700047,Toulouse-Matabiau,Bordeaux-St-Jean,140,0,,2026-01-06,Toulouse,8700065,43.611406,1.453939,Bordeaux,8700047,44.826486,-0.55592,257419.43959618369,False
8700065,8700074,Toulouse-Matabiau,Marseille-St-Charles,232,0,,2026-01-06,Toulouse,8700065,43.611406,1.453939,Marseille,8700074,43.303812,5.38195,416523.0464988549,False
8700065,8700152,Toulouse-Matabiau,Lyon Part Dieu,307,2,,2026-01-06,Toulouse,8700065,43.611406,1.453939,Lyon,8700152,45.760564,4.85999,549488.2650507741,False
8700065,7800020,Toulouse-Matabiau,Zagreb Glavni kolodvor,1335,8,,2026-01-06,Toulouse,8700065,43.611406,1.453939,Zagreb,7800020,45.8044381,15.9787052,1583439.984485373,False
8700065,5500728,Toulouse-Matabiau,Budapest-Nyugati,1294,9,,2026-01-06,Toulouse,8700065,43.611406,1.453939,Budapest,5500728,47.510706,19.057466,1914098.0564498424,False
8700065,8300262,Toulouse-Matabiau,Roma Tiburtina,1150,8,,2026-01-06,Toulouse,8700065,43.611406,1.453939,Rome,8300262,41.91107,12.53146,1307627.5641913805,False
8700065,8300047,Toulouse-Matabiau,Milano Porta Garibaldi,667,6,,2026-01-06,Toulouse,8700065,43.611406,1.453939,Milan,8300047,45.484437,9.18729699,923019.8164602016,False
8700065,8300522,Toulouse-Matabiau,Torino Porta Susa,580,6,,2026-01-06,Toulouse,8700065,43.611406,1.453939,Turin,8300522,45.071833,7.665169,783691.6476365128,False
8700065,8300153,Toulouse-Matabiau,Genova Piazza Principe,701,6,,2026-01-06,Toulouse,8700065,43.611406,1.453939,Genoa,8300153,44.417504,8.922075,814681.2015161343,False
8700065,8200100,Toulouse-Matabiau,Luxembourg,458,2,,2026-01-06,Toulouse,8700065,43.611406,1.453939,Luxembourg,8200100,49.599714,6.134396,1010808.7829479608,False
8700065,8400597,Toulouse-Matabiau,Tilburg,563,6,,2026-01-06,Toulouse,8700065,43.611406,1.453939,Tilburg,8400597,51.56061,5.083787,1151332.9921737576,False
8700065,8400058,Toulouse-Matabiau,Amsterdam Centraal,570,2,,2026-01-06,Toulouse,8700065,43.611406,1.453939,Amsterdam,8400058,52.37919,4.899431,1237899.8175248068,False
8700065,8400530,Toulouse-Matabiau,Rotterdam Centraal,522,2,,2026-01-06,Toulouse,8700065,43.611406,1.453939,Rotterdam,8400530,51.924802,4.468769,1168076.797348963,False
8700065,5100065,Toulouse-Matabiau,Warszawa Centralna,1365,8,,2026-01-06,Toulouse,8700065,43.611406,1.453939,Warsaw,5100065,52.22886,21.003234,2235038.5127352956,False
8700065,5100028,Toulouse-Matabiau,Krakow Glowny,1551,8,,2026-01-06,Toulouse,8700065,43.611406,1.453939,Kraków,5100028,50.067194,19.947426,2132295.2387738456,False
8700065,5100069,Toulouse-Matabiau,Wroclaw Glowny,1246,8,,2026-01-06,Toulouse,8700065,43.611406,1.453939,Wrocław,5100069,51.098078,17.037088,1926326.6185128305,False
8700065,5100081,Toulouse-Matabiau,Poznan Glowny,1091,8,,2026-01-06,Toulouse,8700065,43.611406,1.453939,Poznań,5100081,52.401993,16.91087,1936238.038976001,False
8700065,7400002,Toulouse-Matabiau,Stockholm Central,1655,6,,2026-01-06,Toulouse,8700065,43.611406,1.453939,Stockholm,7400002,59.330014,18.05763,2733379.30194024,False
8700065,7900003,Toulouse-Matabiau,Ljubljana,1174,8,,2026-01-06,Toulouse,8700065,43.611406,1.453939,Ljubljana,7900003,46.058691,14.512937,1442198.128172357,False
8700065,5600207,Toulouse-Matabiau,Bratislava hl.st.,1190,6,,2026-01-06,Toulouse,8700065,43.611406,1.453939,Bratislava,5600207,48.15891,17.106466,1780103.5063075835,False
7800020,8103000,Zagreb Glavni kolodvor,Wien Hbf,393,6,,2026-01-06,Zagreb,7800020,45.8044381,15.9787052,Vienna,8103000,48.185101,16.377113,365342.78558496665,False
7800020,8800004,Zagreb Glavni kolodvor,Bruxelles Midi,1076,4,,2026-01-06,Zagreb,7800020,45.8044381,15.9787052,Brussels,8800004,50.835376,4.335694,1333319.525184156,False
7800020,8800007,Zagreb Glavni kolodvor,Antwerpen Centraal,1107,6,,2026-01-06,Zagreb,7800020,45.8044381,15.9787052,Antwerp,8800007,51.215811,4.421168,1336807.662119991,False
7800020,5400014,Zagreb Glavni kolodvor,Praha hl.n.,684,8,,2026-01-06,Zagreb,7800020,45.8044381,15.9787052,Prague,5400014,50.083062,14.436039,706639.9772488952,False
7800020,8011160,Zagreb Glavni kolodvor,Berlin Hbf,841,8,,2026-01-06,Zagreb,7800020,45.8044381,15.9787052,Berlin,8011160,52.525592,13.369545,1046889.9142077764,False
7800020,8000096,Zagreb Glavni kolodvor,Stuttgart Hbf,652,6,,2026-01-06,Zagreb,7800020,45.8044381,15.9787052,Stuttgart,8000096,48.78478,9.182757,804508.0096183296,False
7800020,8000261,Zagreb Glavni kolodvor,München Hbf,531,4,,2026-01-06,Zagreb,7800020,45.8044381,15.9787052,Munich,8000261,48.140232,11.558335,572944.7061705987,False
7800020,8002549,Zagreb Glavni kolodvor,Hamburg Hbf,917,4,,2026-01-06,Zagreb,7800020,45.8044381,15.9787052,Hamburg,8002549,53.552736,10.006909,1288268.2424292895,False
7800020,8000105,Zagreb Glavni kolodvor,Frankfurt(Main)Hbf,764,6,,2026-01-06,Zagreb,7800020,45.8044381,15.9787052,Frankfurt,8000105,50.1066819,8.66282825,937066.8450059436,False
7800020,8000085,Zagreb Glavni kolodvor,Düsseldorf Hbf,914,2,,2026-01-06,Zagreb,7800020,45.8044381,15.9787052,Düsseldorf,8000085,51.219962,6.794319,1146397.2629960545,False
7800020,8010205,Zagreb Glavni kolodvor,Leipzig Hbf,776,6,,2026-01-06,Zagreb,7800020,45.8044381,15.9787052,Leipzig,8010205,51.3454712,12.3820639,944174.5250320158,False
7800020,8000080,Zagreb Glavni kolodvor,Dortmund Hbf,968,2,,2026-01-06,Zagreb,7800020,45.8044381,15.9787052,Dortmund,8000080,51.517896,7.45929,1165909.4803199524,False
7800020,8000098,Zagreb Glavni kolodvor,Essen Hbf,943,2,,2026-01-06,Zagreb,7800020,45.8044381,15.9787052,Essen,8000098,51.451355,7.014793,1180031.4481393634,False
7800020,8000050,Zagreb Glavni kolodvor,Bremen Hbf,967,6,,2026-01-06,Zagreb,7800020,45.8044381,15.9787052,Bremen,8000050,53.083481,8.813834,1253242.135929362,False
7800020,8010085,Zagreb Glavni kolodvor,Dresden Hbf,949,4,,2026-01-06,Zagreb,7800020,45.8044381,15.9787052,Dresden,8010085,51.040563,13.732035,867344.9415566202,False
7800020,8000152,Zagreb Glavni kolodvor,Hannover Hbf,832,4,,2026-01-06,Zagreb,7800020,45.8044381,15.9787052,Hannover,8000152,52.376761,9.741021,1131027.6350856775,False
7800020,8000284,Zagreb Glavni kolodvor,Nürnberg Hbf,623,6,,2026-01-06,Zagreb,7800020,45.8044381,15.9787052,Nuremberg,8000284,49.445616,11.082989,710588.2406962186,False
7800020,8000086,Zagreb Glavni kolodvor,Duisburg Hbf,930,2,,2026-01-06,Zagreb,7800020,45.8044381,15.9787052,Duisburg,8000086,51.429785,6.775903,1168583.8905908545,False
7800020,8601242,Zagreb Glavni kolodvor,Koebenhavns Lufthavn st,1369,8,,2026-01-06,Zagreb,7800020,45.8044381,15.9787052,Copenhagen,8601242,55.629605,12.649382,1798802.9300637892,False
7800020,7100064,Zagreb Glavni kolodvor,Barcelona Sants,2457,6,,2026-01-06,Zagreb,7800020,45.8044381,15.9787052,Barcelona,7100064,41.378914,2.140369,1679984.0372334863,False
7800020,8700047,Zagreb Glavni kolodvor,Bordeaux-St-Jean,1231,4,,2026-01-06,Zagreb,7800020,45.8044381,15.9787052,Bordeaux,8700047,44.826486,-0.55592,1727949.8626621694,False
7800020,8700074,Zagreb Glavni kolodvor,Marseille-St-Charles,1446,4,,2026-01-06,Zagreb,7800020,45.8044381,15.9787052,Marseille,8700074,43.303812,5.38195,1184471.6541632328,False
7800020,8700152,Zagreb Glavni kolodvor,Lyon Part Dieu,1205,8,,2026-01-06,Zagreb,7800020,45.8044381,15.9787052,Lyon,8700152,45.760564,4.85999,1109645.135861972,False
7800020,8700065,Zagreb Glavni kolodvor,Toulouse-Matabiau,1441,4,,2026-01-06,Zagreb,7800020,45.8044381,15.9787052,Toulouse,8700065,43.611406,1.453939,1583439.9844853615,False
7800020,5500728,Zagreb Glavni kolodvor,Budapest-Nyugati,384,1,,2026-01-06,Zagreb,7800020,45.8044381,15.9787052,Budapest,5500728,47.510706,19.057466,364224.75694533257,False
7800020,8300262,Zagreb Glavni kolodvor,Roma Tiburtina,795,4,,2026-01-06,Zagreb,7800020,45.8044381,15.9787052,Rome,8300262,41.91107,12.53146,902563.9915787989,False
7800020,8300522,Zagreb Glavni kolodvor,Torino Porta Susa,869,4,,2026-01-06,Zagreb,7800020,45.8044381,15.9787052,Turin,8300522,45.071833,7.665169,799965.991087261,False
7800020,8300153,Zagreb Glavni kolodvor,Genova Piazza Principe,905,6,,2026-01-06,Zagreb,7800020,45.8044381,15.9787052,Genoa,8300153,44.417504,8.922075,789656.9070847123,False
7800020,8200100,Zagreb Glavni kolodvor,Luxembourg,1021,6,,2026-01-06,Zagreb,7800020,45.8044381,15.9787052,Luxembourg,8200100,49.599714,6.134396,1138792.939685793,False
7800020,8400597,Zagreb Glavni kolodvor,Tilburg,1097,6,,2026-01-06,Zagreb,7800020,45.8044381,15.9787052,Tilburg,8400597,51.56061,5.083787,1284357.2122781794,False
7800020,8400058,Zagreb Glavni kolodvor,Amsterdam Centraal,1070,4,,2026-01-06,Zagreb,7800020,45.8044381,15.9787052,Amsterdam,8400058,52.37919,4.899431,1362892.0777594391,False
7800020,8400530,Zagreb Glavni kolodvor,Rotterdam Centraal,1081,6,,2026-01-06,Zagreb,7800020,45.8044381,15.9787052,Rotterdam,8400530,51.924802,4.468769,1351536.6785095616,False
7800020,5100065,Zagreb Glavni kolodvor,Warszawa Centralna,1150,4,,2026-01-06,Zagreb,7800020,45.8044381,15.9787052,Warsaw,5100065,52.22886,21.003234,1015733.4749876484,False
7800020,5100028,Zagreb Glavni kolodvor,Krakow Glowny,1066,6,,2026-01-06,Zagreb,7800020,45.8044381,15.9787052,Kraków,5100028,50.067194,19.947426,773880.0236214553,False
7800020,5100069,Zagreb Glavni kolodvor,Wroclaw Glowny,836,2,,2026-01-06,Zagreb,7800020,45.8044381,15.9787052,Wrocław,5100069,51.098078,17.037088,781406.0795636674,False
7800020,5100081,Zagreb Glavni kolodvor,Poznan Glowny,915,2,,2026-01-06,Zagreb,7800020,45.8044381,15.9787052,Poznań,5100081,52.401993,16.91087,946001.986139007,False
7800020,7400002,Zagreb Glavni kolodvor,Stockholm Central,2227,8,,2026-01-06,Zagreb,7800020,45.8044381,15.9787052,Stockholm,7400002,59.330014,18.05763,2425111.686161829,False
7800020,7900003,Zagreb Glavni kolodvor,Ljubljana,141,0,,2026-01-06,Zagreb,7800020,45.8044381,15.9787052,Ljubljana,7900003,46.058691,14.512937,141242.31773211525,False
7800020,5600207,Zagreb Glavni kolodvor,Bratislava hl.st.,456,8,,2026-01-06,Zagreb,7800020,45.8044381,15.9787052,Bratislava,5600207,48.15891,17.106466,381888.8137206164,False
5500728,8103000,Budapest-Nyugati,Wien Hbf,190,1,,2026-01-06,Budapest,5500728,47.510706,19.057466,Vienna,8103000,48.185101,16.377113,252019.30731396176,False
5500728,8800004,Budapest-Nyugati,Bruxelles Midi,865,5,,2026-01-06,Budapest,5500728,47.510706,19.057466,Brussels,8800004,50.835376,4.335694,1383204.0460724009,False
5500728,8800007,Budapest-Nyugati,Antwerpen Centraal,943,7,,2026-01-06,Budapest,5500728,47.510706,19.057466,Antwerp,8800007,51.215811,4.421168,1386692.1830082356,False
5500728,5400014,Budapest-Nyugati,Praha hl.n.,413,0,,2026-01-06,Budapest,5500728,47.510706,19.057466,Prague,5400014,50.083062,14.436039,591500.9840282634,False
5500728,8011160,Budapest-Nyugati,Berlin Hbf,659,2,,2026-01-06,Budapest,5500728,47.510706,19.057466,Berlin,8011160,52.525592,13.369545,893152.6224393124,False
5500728,8000096,Budapest-Nyugati,Stuttgart Hbf,609,7,,2026-01-06,Budapest,5500728,47.510706,19.057466,Stuttgart,8000096,48.78478,9.182757,904450.531201694,False
5500728,8000261,Budapest-Nyugati,München Hbf,451,5,,2026-01-06,Budapest,5500728,47.510706,19.057466,Munich,8000261,48.140232,11.558335,672887.2277539631,False
5500728,8002549,Budapest-Nyugati,Hamburg Hbf,767,5,,2026-01-06,Budapest,5500728,47.510706,19.057466,Hamburg,8002549,53.552736,10.006909,1176120.4340382847,False
5500728,8000105,Budapest-Nyugati,Frankfurt(Main)Hbf,627,3,,2026-01-06,Budapest,5500728,47.510706,19.057466,Frankfurt,8000105,50.1066819,8.66282825,986951.3658941892,False
5500728,8000085,Budapest-Nyugati,Düsseldorf Hbf,746,5,,2026-01-06,Budapest,5500728,47.510706,19.057466,Düsseldorf,8000085,51.219962,6.794319,1196281.783884299,False
5500728,8000080,Budapest-Nyugati,Dortmund Hbf,806,5,,2026-01-06,Budapest,5500728,47.510706,19.057466,Dortmund,8000080,51.517896,7.45929,1215794.0012082,False
5500728,8000098,Budapest-Nyugati,Essen Hbf,795,7,,2026-01-06,Budapest,5500728,47.510706,19.057466,Essen,8000098,51.451355,7.014793,1229915.9690276082,False
5500728,8000050,Budapest-Nyugati,Bremen Hbf,760,7,,2026-01-06,Budapest,5500728,47.510706,19.057466,Bremen,8000050,53.083481,8.813834,1212713.3644328143,False
5500728,8010085,Budapest-Nyugati,Dresden Hbf,560,2,,2026-01-06,Budapest,5500728,47.510706,19.057466,Dresden,8010085,51.040563,13.732035,729121.2627853205,False
5500728,8000152,Budapest-Nyugati,Hannover Hbf,682,5,,2026-01-06,Budapest,5500728,47.510706,19.057466,Hannover,8000152,52.376761,9.741021,1090508.7522668666,False
5500728,8000284,Budapest-Nyugati,Nürnberg Hbf,499,3,,2026-01-06,Budapest,5500728,47.510706,19.057466,Nuremberg,8000284,49.445616,11.082989,760472.7615844642,False
5500728,8000086,Budapest-Nyugati,Duisburg Hbf,759,5,,2026-01-06,Budapest,5500728,47.510706,19.057466,Duisburg,8000086,51.429785,6.775903,1218468.4114790992,False
5500728,8601242,Budapest-Nyugati,Koebenhavns Lufthavn st,1217,5,,2026-01-06,Budapest,5500728,47.510706,19.057466,Copenhagen,8601242,55.629605,12.649382,1670530.4872905265,False
5500728,7100064,Budapest-Nyugati,Barcelona Sants,1393,9,,2026-01-06,Budapest,5500728,47.510706,19.057466,Barcelona,7100064,41.378914,2.140369,2010642.1091979505,False
5500728,8700047,Budapest-Nyugati,Bordeaux-St-Jean,1200,5,,2026-01-06,Budapest,5500728,47.510706,19.057466,Bordeaux,8700047,44.826486,-0.55592,2005059.8865762353,False
5500728,8700074,Budapest-Nyugati,Marseille-St-Charles,1146,9,,2026-01-06,Budapest,5500728,47.510706,19.057466,Marseille,8700074,43.303812,5.38195,1515129.7261277072,False
5500728,8700152,Budapest-Nyugati,Lyon Part Dieu,1186,9,,2026-01-06,Budapest,5500728,47.510706,19.057466,Lyon,8700152,45.760564,4.85999,1415987.9370708934,False
5500728,8700065,Budapest-Nyugati,Toulouse-Matabiau,1358,9,,2026-01-06,Budapest,5500728,47.510706,19.057466,Toulouse,8700065,43.611406,1.453939,1914098.056449826,False
5500728,7800020,Budapest-Nyugati,Zagreb Glavni kolodvor,418,1,,2026-01-06,Budapest,5500728,47.510706,19.057466,Zagreb,7800020,45.8044381,15.9787052,364224.75694533275,False
5500728,8300262,Budapest-Nyugati,Roma Tiburtina,971,7,,2026-01-06,Budapest,5500728,47.510706,19.057466,Rome,8300262,41.91107,12.53146,1242598.0004979817,False
5500728,8300522,Budapest-Nyugati,Torino Porta Susa,1045,7,,2026-01-06,Budapest,5500728,47.510706,19.057466,Turin,8300522,45.071833,7.665169,1130624.0630517309,False
5500728,8300153,Budapest-Nyugati,Genova Piazza Principe,1081,9,,2026-01-06,Budapest,5500728,47.510706,19.057466,Genoa,8300153,44.417504,8.922075,1120314.9790491762,False
5500728,8200100,Budapest-Nyugati,Luxembourg,880,9,,2026-01-06,Budapest,5500728,47.510706,19.057466,Luxembourg,8200100,49.599714,6.134396,1238735.461269155,False
5500728,8400597,Budapest-Nyugati,Tilburg,1046,7,,2026-01-06,Budapest,5500728,47.510706,19.057466,Tilburg,8400597,51.56061,5.083787,1334241.733166424,False
5500728,8400058,Budapest-Nyugati,Amsterdam Centraal,1059,3,,2026-01-06,Budapest,5500728,47.510706,19.057466,Amsterdam,8400058,52.37919,4.899431,1412776.598647684,False
5500728,8400530,Budapest-Nyugati,Rotterdam Centraal,1084,7,,2026-01-06,Budapest,5500728,47.510706,19.057466,Rotterdam,8400530,51.924802,4.468769,1401421.1993978063,False
5500728,5100065,Budapest-Nyugati,Warszawa Centralna,634,4,,2026-01-06,Budapest,5500728,47.510706,19.057466,Warsaw,5100065,52.22886,21.003234,751277.2858353379,False
5500728,5100028,Budapest-Nyugati,Krakow Glowny,480,2,,2026-01-06,Budapest,5500728,47.510706,19.057466,Kraków,5100028,50.067194,19.947426,499135.7083662685,False
5500728,5100069,Budapest-Nyugati,Wroclaw Glowny,476,2,,2026-01-06,Budapest,5500728,47.510706,19.057466,Wrocław,5100069,51.098078,17.037088,579066.5606228594,False
5500728,5100081,Budapest-Nyugati,Poznan Glowny,555,2,,2026-01-06,Budapest,5500728,47.510706,19.057466,Poznań,5100081,52.401993,16.91087,741067.8680873588,False
5500728,7400002,Budapest-Nyugati,Stockholm Central,1546,7,,2026-01-06,Budapest,5500728,47.510706,19.057466,Stockholm,7400002,59.330014,18.05763,2296839.243388558,False
5500728,7900003,Budapest-Nyugati,Ljubljana,539,5,,2026-01-06,Budapest,5500728,47.510706,19.057466,Ljubljana,7900003,46.058691,14.512937,481276.3266512979,False
5500728,5600207,Budapest-Nyugati,Bratislava hl.st.,145,0,,2026-01-06,Budapest,5500728,47.510706,19.057466,Bratislava,5600207,48.15891,17.106466,198432.62674205264,False
8300262,8103000,Roma Tiburtina,Wien Hbf,692,6,,2026-01-06,Rome,8300262,41.91107,12.53146,Vienna,8103000,48.185101,16.377113,1081616.1328340385,False
8300262,8800004,Roma Tiburtina,Bruxelles Midi,1065,9,,2026-01-06,Rome,8300262,41.91107,12.53146,Brussels,8800004,50.835376,4.335694,1450710.0030044662,True
8300262,8800007,Roma Tiburtina,Antwerpen Centraal,1116,8,,2026-01-06,Rome,8300262,41.91107,12.53146,Antwerp,8800007,51.215811,4.421168,1485862.0707883972,True
8300262,5400014,Roma Tiburtina,Praha hl.n.,1054,8,,2026-01-06,Rome,8300262,41.91107,12.53146,Prague,5400014,50.083062,14.436039,1281588.6114145815,False
8300262,8011160,Roma Tiburtina,Berlin Hbf,995,6,,2026-01-06,Rome,8300262,41.91107,12.53146,Berlin,8011160,52.525592,13.369545,1481578.398795719,True
8300262,8000096,Roma Tiburtina,Stuttgart Hbf,612,4,,2026-01-06,Rome,8300262,41.91107,12.53146,Stuttgart,8000096,48.78478,9.182757,1039456.4619152268,True
8300262,8002549,Roma Tiburtina,Hamburg Hbf,1102,6,,2026-01-06,Rome,8300262,41.91107,12.53146,Hamburg,8002549,53.552736,10.006909,1608593.5581215348,False
8300262,8000105,Roma Tiburtina,Frankfurt(Main)Hbf,709,6,,2026-01-06,Rome,8300262,41.91107,12.53146,Frankfurt,8000105,50.1066819,8.66282825,1195846.4146938385,True
8300262,8000085,Roma Tiburtina,Düsseldorf Hbf,796,8,,2026-01-06,Rome,8300262,41.91107,12.53146,Düsseldorf,8000085,51.219962,6.794319,1394176.5509271629,True
8300262,8010205,Roma Tiburtina,Leipzig Hbf,765,4,,2026-01-06,Rome,8300262,41.91107,12.53146,Leipzig,8010205,51.3454712,12.3820639,1342590.1117301916,False
8300262,8000080,Roma Tiburtina,Dortmund Hbf,856,8,,2026-01-06,Rome,8300262,41.91107,12.53146,Dortmund,8000080,51.517896,7.45929,1449818.323810634,True
8300262,8000098,Roma Tiburtina,Essen Hbf,847,8,,2026-01-06,Rome,8300262,41.91107,12.53146,Essen,8000098,51.451355,7.014793,1427810.736070472,True
8300262,8000050,Roma Tiburtina,Bremen Hbf,1082,5,,2026-01-06,Rome,8300262,41.91107,12.53146,Bremen,8000050,53.083481,8.813834,1565935.4583250503,True
8300262,8010085,Roma Tiburtina,Dresden Hbf,1094,6,,2026-01-06,Rome,8300262,41.91107,12.53146,Dresden,8010085,51.040563,13.732035,1406249.9126771917,False
8300262,8000152,Roma Tiburtina,Hannover Hbf,906,8,,2026-01-06,Rome,8300262,41.91107,12.53146,Hannover,8000152,52.376761,9.741021,1443720.957481366,True
8300262,8000284,Roma Tiburtina,Nürnberg Hbf,637,4,,2026-01-06,Rome,8300262,41.91107,12.53146,Nuremberg,8000284,49.445616,11.082989,1038060.0148634046,False
8300262,8000086,Roma Tiburtina,Duisburg Hbf,809,8,,2026-01-06,Rome,8300262,41.91107,12.53146,Duisburg,8000086,51.429785,6.775903,1416363.1785219628,True
8300262,8601242,Roma Tiburtina,Koebenhavns Lufthavn st,1327,6,,2026-01-06,Rome,8300262,41.91107,12.53146,Copenhagen,8601242,55.629605,12.649382,2119128.245756034,False
8300262,7100064,Roma Tiburtina,Barcelona Sants,1403,4,,2026-01-06,Rome,8300262,41.91107,12.53146,Barcelona,7100064,41.378914,2.140369,1404171.616939499,False
8300262,8700012,Roma Tiburtina,Paris Gare de Lyon,644,4,,2026-01-06,Rome,8300262,41.91107,12.53146,Paris,8700012,48.844841,2.374072,1341182.769095092,True
8300262,8700047,Roma Tiburtina,Bordeaux-St-Jean,1163,8,,2026-01-06,Rome,8300262,41.91107,12.53146,Bordeaux,8700047,44.826486,-0.55592,1565043.0176871156,False
8300262,8700074,Roma Tiburtina,Marseille-St-Charles,703,6,,2026-01-06,Rome,8300262,41.91107,12.53146,Marseille,8700074,43.303812,5.38195,893339.7677890732,False
8300262,8700152,Roma Tiburtina,Lyon Part Dieu,520,4,,2026-01-06,Rome,8300262,41.91107,12.53146,Lyon,8700152,45.760564,4.85999,959012.5249611964,False
8300262,8700065,Roma Tiburtina,Toulouse-Matabiau,959,8,,2026-01-06,Rome,8300262,41.91107,12.53146,Toulouse,8700065,43.611406,1.453939,1307627.5641913742,False
8300262,7800020,Roma Tiburtina,Zagreb Glavni kolodvor,815,4,,2026-01-06,Rome,8300262,41.91107,12.53146,Zagreb,7800020,45.8044381,15.9787052,902563.9915787972,False
8300262,5500728,Roma Tiburtina,Budapest-Nyugati,914,9,,2026-01-06,Rome,8300262,41.91107,12.53146,Budapest,5500728,47.510706,19.057466,1242598.000497979,False
8300262,8300047,Roma Tiburtina,Milano Porta Garibaldi,217,0,,2026-01-06,Rome,8300262,41.91107,12.53146,Milan,8300047,45.484437,9.18729699,563630.658388702,True
8300262,8300522,Roma Tiburtina,Torino Porta Susa,269,0,,2026-01-06,Rome,8300262,41.91107,12.53146,Turin,8300522,45.071833,7.665169,653517.9843756374,False
8300262,8300153,Roma Tiburtina,Genova Piazza Principe,304,4,,2026-01-06,Rome,8300262,41.91107,12.53146,Genoa,8300153,44.417504,8.922075,492957.13302264526,False
8300262,8200100,Roma Tiburtina,Luxembourg,749,6,,2026-01-06,Rome,8300262,41.91107,12.53146,Luxembourg,8200100,49.599714,6.134396,1221971.5230257888,True
8300262,8400597,Roma Tiburtina,Tilburg,1066,9,,2026-01-06,Rome,8300262,41.91107,12.53146,Tilburg,8400597,51.56061,5.083787,1532136.500209288,True
8300262,8400058,Roma Tiburtina,Amsterdam Centraal,1115,9,,2026-01-06,Rome,8300262,41.91107,12.53146,Amsterdam,8400058,52.37919,4.899431,1610671.3656905475,True
8300262,8400530,Roma Tiburtina,Rotterdam Centraal,1104,9,,2026-01-06,Rome,8300262,41.91107,12.53146,Rotterdam,8400530,51.924802,4.468769,1580184.640695936,True
8300262,5100065,Roma Tiburtina,Warszawa Centralna,1260,8,,2026-01-06,Rome,8300262,41.91107,12.53146,Warsaw,5100065,52.22886,21.003234,1735592.2418269406,False
8300262,5100028,Roma Tiburtina,Krakow Glowny,1215,8,,2026-01-06,Rome,8300262,41.91107,12.53146,Kraków,5100028,50.067194,19.947426,1496807.2785617835,False
8300262,5100069,Roma Tiburtina,Wroclaw Glowny,1126,8,,2026-01-06,Rome,8300262,41.91107,12.53146,Wrocław,5100069,51.098078,17.037088,1501264.846402971,False
8300262,5100081,Roma Tiburtina,Poznan Glowny,1308,8,,2026-01-06,Rome,8300262,41.91107,12.53146,Poznań,5100081,52.401993,16.91087,1665860.752978314,False
8300262,7900003,Roma Tiburtina,Ljubljana,603,5,,2026-01-06,Rome,8300262,41.91107,12.53146,Ljubljana,7900003,46.058691,14.512937,761322.1352657838,True
8300262,5600207,Roma Tiburtina,Bratislava hl.st.,790,8,,2026-01-06,Rome,8300262,41.91107,12.53146,Bratislava,5600207,48.15891,17.106466,1139226.2108263555,False
8300047,8800004,Milano Porta Garibaldi,Bruxelles Midi,608,8,,2026-01-06,Milan,8300047,45.484437,9.18729699,Brussels,8800004,50.835376,4.335694,891990.3962153869,False
8300047,8800007,Milano Porta Garibaldi,Antwerpen Centraal,648,8,,2026-01-06,Milan,8300047,45.484437,9.18729699,Antwerp,8800007,51.215811,4.421168,927142.4639993162,False
8300047,5400014,Milano Porta Garibaldi,Praha hl.n.,789,4,,2026-01-06,Milan,8300047,45.484437,9.18729699,Prague,5400014,50.083062,14.436039,945804.8508311008,False
8300047,8011160,Milano Porta Garibaldi,Berlin Hbf,712,8,,2026-01-06,Milan,8300047,45.484437,9.18729699,Berlin,8011160,52.525592,13.369545,1075650.6520086862,False
8300047,8000096,Milano Porta Garibaldi,Stuttgart Hbf,413,4,,2026-01-06,Milan,8300047,45.484437,9.18729699,Stuttgart,8000096,48.78478,9.182757,480736.85512613936,False
8300047,8000261,Milano Porta Garibaldi,München Hbf,434,2,,2026-01-06,Milan,8300047,45.484437,9.18729699,Munich,8000261,48.140232,11.558335,546409.3430245791,False
8300047,8002549,Milano Porta Garibaldi,Hamburg Hbf,710,8,,2026-01-06,Milan,8300047,45.484437,9.18729699,Hamburg,8002549,53.552736,10.006909,1134066.8929554548,False
8300047,8000105,Milano Porta Garibaldi,Frankfurt(Main)Hbf,458,8,,2026-01-06,Milan,8300047,45.484437,9.18729699,Frankfurt,8000105,50.1066819,8.66282825,637126.8079047629,False
8300047,8000085,Milano Porta Garibaldi,Düsseldorf Hbf,541,6,,2026-01-06,Milan,8300047,45.484437,9.18729699,Düsseldorf,8000085,51.219962,6.794319,835456.9441380812,True
8300047,8010205,Milano Porta Garibaldi,Leipzig Hbf,638,8,,2026-01-06,Milan,8300047,45.484437,9.18729699,Leipzig,8010205,51.3454712,12.3820639,936662.3649431508,False
8300047,8000080,Milano Porta Garibaldi,Dortmund Hbf,590,6,,2026-01-06,Milan,8300047,45.484437,9.18729699,Dortmund,8000080,51.517896,7.45929,891098.7170215565,False
8300047,8000098,Milano Porta Garibaldi,Essen Hbf,567,6,,2026-01-06,Milan,8300047,45.484437,9.18729699,Essen,8000098,51.451355,7.014793,869091.1292813979,False
8300047,8000050,Milano Porta Garibaldi,Bremen Hbf,706,6,,2026-01-06,Milan,8300047,45.484437,9.18729699,Bremen,8000050,53.083481,8.813834,1091408.7931589698,False
8300047,8010085,Milano Porta Garibaldi,Dresden Hbf,752,6,,2026-01-06,Milan,8300047,45.484437,9.18729699,Dresden,8010085,51.040563,13.732035,1019464.0378264894,False
8300047,8000152,Milano Porta Garibaldi,Hannover Hbf,626,8,,2026-01-06,Milan,8300047,45.484437,9.18729699,Hannover,8000152,52.376761,9.741021,969194.2923152852,False
8300047,8000284,Milano Porta Garibaldi,Nürnberg Hbf,524,4,,2026-01-06,Milan,8300047,45.484437,9.18729699,Nuremberg,8000284,49.445616,11.082989,632132.2680763593,False
8300047,8000086,Milano Porta Garibaldi,Duisburg Hbf,554,6,,2026-01-06,Milan,8300047,45.484437,9.18729699,Duisburg,8000086,51.429785,6.775903,857643.5717328821,False
8300047,8601242,Milano Porta Garibaldi,Koebenhavns Lufthavn st,1124,8,,2026-01-06,Milan,8300047,45.484437,9.18729699,Copenhagen,8601242,55.629605,12.649382,1644601.5805899545,False
8300047,8700012,Milano Porta Garibaldi,Paris Gare de Lyon,419,2,,2026-01-06,Milan,8300047,45.484437,9.18729699,Paris,8700012,48.844841,2.374072,781400.7230814561,False
8300047,8700047,Milano Porta Garibaldi,Bordeaux-St-Jean,668,8,,2026-01-06,Milan,8300047,45.484437,9.18729699,Bordeaux,8700047,44.826486,-0.55592,1067529.6946369903,False
8300047,8700074,Milano Porta Garibaldi,Marseille-St-Charles,494,4,,2026-01-06,Milan,8300047,45.484437,9.18729699,Marseille,8700074,43.303812,5.38195,538389.3086566036,False
8300047,8700152,Milano Porta Garibaldi,Lyon Part Dieu,361,2,,2026-01-06,Milan,8300047,45.484437,9.18729699,Lyon,8700152,45.760564,4.85999,449224.96783679805,False
8300047,5500728,Milano Porta Garibaldi,Budapest-Nyugati,816,7,,2026-01-06,Milan,8300047,45.484437,9.18729699,Budapest,5500728,47.510706,19.057466,993901.5071443018,False
8300047,8300262,Milano Porta Garibaldi,Roma Tiburtina,215,0,,2026-01-06,Milan,8300047,45.484437,9.18729699,Rome,8300262,41.91107,12.53146,563630.658388703,True
8300047,8300522,Milano Porta Garibaldi,Torino Porta Susa,50,0,,2026-01-06,Milan,8300047,45.484437,9.18729699,Turin,8300522,45.071833,7.665169,139545.8230620872,True
8300047,8200100,Milano Porta Garibaldi,Luxembourg,550,6,,2026-01-06,Milan,8300047,45.484437,9.18729699,Luxembourg,8200100,49.599714,6.134396,663251.9162367092,True
8300047,8400597,Milano Porta Garibaldi,Tilburg,797,6,,2026-01-06,Milan,8300047,45.484437,9.18729699,Tilburg,8400597,51.56061,5.083787,973416.8934202133,False
8300047,8400058,Milano Porta Garibaldi,Amsterdam Centraal,731,8,,2026-01-06,Milan,8300047,45.484437,9.18729699,Amsterdam,8400058,52.37919,4.899431,1051951.7589014696,False
8300047,8400530,Milano Porta Garibaldi,Rotterdam Centraal,683,8,,2026-01-06,Milan,8300047,45.484437,9.18729699,Rotterdam,8400530,51.924802,4.468769,1021465.0339068604,False
8300047,5100028,Milano Porta Garibaldi,Krakow Glowny,1197,8,,2026-01-06,Milan,8300047,45.484437,9.18729699,Kraków,5100028,50.067194,19.947426,1243507.866718534,False
8300047,5100069,Milano Porta Garibaldi,Wroclaw Glowny,1220,8,,2026-01-06,Milan,8300047,45.484437,9.18729699,Wrocław,5100069,51.098078,17.037088,1236935.578061462,False
8300047,5100081,Milano Porta Garibaldi,Poznan Glowny,1082,8,,2026-01-06,Milan,8300047,45.484437,9.18729699,Poznań,5100081,52.401993,16.91087,1298317.71187155,False
8300047,7400002,Milano Porta Garibaldi,Stockholm Central,1506,8,,2026-01-06,Milan,8300047,45.484437,9.18729699,Stockholm,7400002,59.330014,18.05763,2270910.3366879895,False
8300047,5600207,Milano Porta Garibaldi,Bratislava hl.st.,717,6,,2026-01-06,Milan,8300047,45.484437,9.18729699,Bratislava,5600207,48.15891,17.106466,885926.7989831093,False
8300522,8103000,Torino Porta Susa,Wien Hbf,657,6,,2026-01-06,Turin,8300522,45.071833,7.665169,Vienna,8103000,48.185101,16.377113,965039.2768982288,False
8300522,8800004,Torino Porta Susa,Bruxelles Midi,694,6,,2026-01-06,Turin,8300522,45.071833,7.665169,Brussels,8800004,50.835376,4.335694,974927.7700574608,False
8300522,8800007,Torino Porta Susa,Antwerpen Centraal,531,2,,2026-01-06,Turin,8300522,45.071833,7.665169,Antwerp,8800007,51.215811,4.421168,1010079.8378413902,False
8300522,5400014,Torino Porta Susa,Praha hl.n.,1019,8,,2026-01-06,Turin,8300522,45.071833,7.665169,Prague,5400014,50.083062,14.436039,1053510.2704793827,False
8300522,8011160,Torino Porta Susa,Berlin Hbf,804,8,,2026-01-06,Turin,8300522,45.071833,7.665169,Berlin,8011160,52.525592,13.369545,1183356.071656965,False
8300522,8000096,Torino Porta Susa,Stuttgart Hbf,452,4,,2026-01-06,Turin,8300522,45.071833,7.665169,Stuttgart,8000096,48.78478,9.182757,588442.2747744208,False
8300522,8000261,Torino Porta Susa,München Hbf,508,4,,2026-01-06,Turin,8300522,45.071833,7.665169,Munich,8000261,48.140232,11.558335,654114.7626728602,False
8300522,8002549,Torino Porta Susa,Hamburg Hbf,789,6,,2026-01-06,Turin,8300522,45.071833,7.665169,Hamburg,8002549,53.552736,10.006909,1234332.4908392895,False
8300522,8000105,Torino Porta Susa,Frankfurt(Main)Hbf,539,8,,2026-01-06,Turin,8300522,45.071833,7.665169,Frankfurt,8000105,50.1066819,8.66282825,737392.405788599,False
8300522,8000085,Torino Porta Susa,Düsseldorf Hbf,612,8,,2026-01-06,Turin,8300522,45.071833,7.665169,Düsseldorf,8000085,51.219962,6.794319,935722.5420219172,False
8300522,8010205,Torino Porta Susa,Leipzig Hbf,764,8,,2026-01-06,Turin,8300522,45.071833,7.665169,Leipzig,8010205,51.3454712,12.3820639,1044367.7845914332,False
8300522,8000080,Torino Porta Susa,Dortmund Hbf,661,8,,2026-01-06,Turin,8300522,45.071833,7.665169,Dortmund,8000080,51.517896,7.45929,991364.3149053926,False
8300522,8000098,Torino Porta Susa,Essen Hbf,638,8,,2026-01-06,Turin,8300522,45.071833,7.665169,Essen,8000098,51.451355,7.014793,969356.727165234,False
8300522,8000050,Torino Porta Susa,Bremen Hbf,777,8,,2026-01-06,Turin,8300522,45.071833,7.665169,Bremen,8000050,53.083481,8.813834,1191674.391042805,False
8300522,8010085,Torino Porta Susa,Dresden Hbf,865,6,,2026-01-06,Turin,8300522,45.071833,7.665169,Dresden,8010085,51.040563,13.732035,1127169.4574747668,False
8300522,8000152,Torino Porta Susa,Hannover Hbf,705,6,,2026-01-06,Turin,8300522,45.071833,7.665169,Hannover,8000152,52.376761,9.741021,1069459.8901991206,False
8300522,8000284,Torino Porta Susa,Nürnberg Hbf,617,8,,2026-01-06,Turin,8300522,45.071833,7.665169,Nuremberg,8000284,49.445616,11.082989,739837.6877246415,False
8300522,8000086,Torino Porta Susa,Duisburg Hbf,625,8,,2026-01-06,Turin,8300522,45.071833,7.665169,Duisburg,8000086,51.429785,6.775903,957909.1696167182,False
8300522,8601242,Torino Porta Susa,Koebenhavns Lufthavn st,1217,8,,2026-01-06,Turin,8300522,45.071833,7.665169,Copenhagen,8601242,55.629605,12.649382,1744867.178473789,False
8300522,7100064,Torino Porta Susa,Barcelona Sants,707,4,,2026-01-06,Turin,8300522,45.071833,7.665169,Barcelona,7100064,41.378914,2.140369,880235.7003846357,True
8300522,8700012,Torino Porta Susa,Paris Gare de Lyon,333,0,,2026-01-06,Turin,8300522,45.071833,7.665169,Paris,8700012,48.844841,2.374072,722376.7710103408,True
8300522,8700047,Torino Porta Susa,Bordeaux-St-Jean,518,4,,2026-01-06,Turin,8300522,45.071833,7.665169,Bordeaux,8700047,44.826486,-0.55592,928201.5258133004,False
8300522,8700074,Torino Porta Susa,Marseille-St-Charles,403,4,,2026-01-06,Turin,8300522,45.071833,7.665169,Marseille,8700074,43.303812,5.38195,432323.5496015216,False
8300522,8700152,Torino Porta Susa,Lyon Part Dieu,232,0,,2026-01-06,Turin,8300522,45.071833,7.665169,Lyon,8700152,45.760564,4.85999,309896.79901310935,False
8300522,8700065,Torino Porta Susa,Toulouse-Matabiau,549,2,,2026-01-06,Turin,8300522,45.071833,7.665169,Toulouse,8700065,43.611406,1.453939,783691.6476365147,False
8300522,7800020,Torino Porta Susa,Zagreb Glavni kolodvor,800,6,,2026-01-06,Turin,8300522,45.071833,7.665169,Zagreb,7800020,45.8044381,15.9787052,799965.9910872593,False
8300522,5500728,Torino Porta Susa,Budapest-Nyugati,879,9,,2026-01-06,Turin,8300522,45.071833,7.665169,Budapest,5500728,47.510706,19.057466,1130624.0630517255,False
8300522,8300262,Torino Porta Susa,Roma Tiburtina,270,0,,2026-01-06,Turin,8300522,45.071833,7.665169,Rome,8300262,41.91107,12.53146,653517.9843756363,False
8300522,8300047,Torino Porta Susa,Milano Porta Garibaldi,50,0,,2026-01-06,Turin,8300522,45.071833,7.665169,Milan,8300047,45.484437,9.18729699,139545.82306208753,True
8300522,8300153,Torino Porta Susa,Genova Piazza Principe,108,2,,2026-01-06,Turin,8300522,45.071833,7.665169,Genoa,8300153,44.417504,8.922075,160566.2242601137,False
8300522,8200100,Torino Porta Susa,Luxembourg,589,6,,2026-01-06,Turin,8300522,45.071833,7.665169,Luxembourg,8200100,49.599714,6.134396,746189.2900787832,False
8300522,8400597,Torino Porta Susa,Tilburg,876,8,,2026-01-06,Turin,8300522,45.071833,7.665169,Tilburg,8400597,51.56061,5.083787,1070012.4495897773,False
8300522,8400058,Torino Porta Susa,Amsterdam Centraal,849,6,,2026-01-06,Turin,8300522,45.071833,7.665169,Amsterdam,8400058,52.37919,4.899431,1152217.3567853048,False
8300522,8400530,Torino Porta Susa,Rotterdam Centraal,566,2,,2026-01-06,Turin,8300522,45.071833,7.665169,Rotterdam,8400530,51.924802,4.468769,1104402.407748932,False
8300522,5100065,Torino Porta Susa,Warszawa Centralna,1310,8,,2026-01-06,Turin,8300522,45.071833,7.665169,Warsaw,5100065,52.22886,21.003234,1619015.385891124,False
8300522,5100028,Torino Porta Susa,Krakow Glowny,1265,8,,2026-01-06,Turin,8300522,45.071833,7.665169,Kraków,5100028,50.067194,19.947426,1380230.422625967,False
8300522,5100069,Torino Porta Susa,Wroclaw Glowny,1211,4,,2026-01-06,Turin,8300522,45.071833,7.665169,Wrocław,5100069,51.098078,17.037088,1344640.9977097386,False
8300522,5100081,Torino Porta Susa,Poznan Glowny,1173,6,,2026-01-06,Turin,8300522,45.071833,7.665169,Poznań,5100081,52.401993,16.91087,1406023.131519834,False
8300522,7900003,Torino Porta Susa,Ljubljana,554,6,,2026-01-06,Turin,8300522,45.071833,7.665169,Ljubljana,7900003,46.058691,14.512937,658724.1347742457,False
8300522,5600207,Torino Porta Susa,Bratislava hl.st.,769,6,,2026-01-06,Turin,8300522,45.071833,7.665169,Bratislava,5600207,48.15891,17.106466,1022649.3548905416,False
8300153,8103000,Genova Piazza Principe,Wien Hbf,708,4,,2026-01-06,Genoa,8300153,44.417504,8.922075,Vienna,8103000,48.185101,16.377113,954730.1928956816,False
8300153,8800004,Genova Piazza Principe,Bruxelles Midi,709,6,,2026-01-06,Genoa,8300153,44.417504,8.922075,Brussels,8800004,50.835376,4.335694,1015883.26923894,False
8300153,8800007,Genova Piazza Principe,Antwerpen Centraal,828,8,,2026-01-06,Genoa,8300153,44.417504,8.922075,Antwerp,8800007,51.215811,4.421168,1051035.3370228682,False
8300153,5400014,Genova Piazza Principe,Praha hl.n.,1071,8,,2026-01-06,Genoa,8300153,44.417504,8.922075,Prague,5400014,50.083062,14.436039,1083984.8477361316,False
8300153,8011160,Genova Piazza Principe,Berlin Hbf,856,8,,2026-01-06,Genoa,8300153,44.417504,8.922075,Berlin,8011160,52.525592,13.369545,1213830.6489137115,False
8300153,8000096,Genova Piazza Principe,Stuttgart Hbf,553,4,,2026-01-06,Genoa,8300153,44.417504,8.922075,Stuttgart,8000096,48.78478,9.182757,618916.8520311681,False
8300153,8000261,Genova Piazza Principe,München Hbf,549,4,,2026-01-06,Genoa,8300153,44.417504,8.922075,Munich,8000261,48.140232,11.558335,684589.3399296061,False
8300153,8002549,Genova Piazza Principe,Hamburg Hbf,851,6,,2026-01-06,Genoa,8300153,44.417504,8.922075,Hamburg,8002549,53.552736,10.006909,1272246.8898604785,False
8300153,8000105,Genova Piazza Principe,Frankfurt(Main)Hbf,590,8,,2026-01-06,Genoa,8300153,44.417504,8.922075,Frankfurt,8000105,50.1066819,8.66282825,775306.8048097889,False
8300153,8000085,Genova Piazza Principe,Düsseldorf Hbf,695,8,,2026-01-06,Genoa,8300153,44.417504,8.922075,Düsseldorf,8000085,51.219962,6.794319,973636.9410431072,False
8300153,8010205,Genova Piazza Principe,Leipzig Hbf,770,8,,2026-01-06,Genoa,8300153,44.417504,8.922075,Leipzig,8010205,51.3454712,12.3820639,1074842.3618481795,False
8300153,8000080,Genova Piazza Principe,Dortmund Hbf,763,8,,2026-01-06,Genoa,8300153,44.417504,8.922075,Dortmund,8000080,51.517896,7.45929,1029278.7139265824,False
8300153,8000098,Genova Piazza Principe,Essen Hbf,724,8,,2026-01-06,Genoa,8300153,44.417504,8.922075,Essen,8000098,51.451355,7.014793,1007271.126186424,False
8300153,8000050,Genova Piazza Principe,Bremen Hbf,869,8,,2026-01-06,Genoa,8300153,44.417504,8.922075,Bremen,8000050,53.083481,8.813834,1229588.790063994,False
8300153,8010085,Genova Piazza Principe,Dresden Hbf,975,8,,2026-01-06,Genoa,8300153,44.417504,8.922075,Dresden,8010085,51.040563,13.732035,1157644.0347315122,False
8300153,8000152,Genova Piazza Principe,Hannover Hbf,767,6,,2026-01-06,Genoa,8300153,44.417504,8.922075,Hannover,8000152,52.376761,9.741021,1107374.2892203096,False
8300153,8000284,Genova Piazza Principe,Nürnberg Hbf,654,6,,2026-01-06,Genoa,8300153,44.417504,8.922075,Nuremberg,8000284,49.445616,11.082989,770312.2649813881,False
8300153,8000086,Genova Piazza Principe,Duisburg Hbf,711,8,,2026-01-06,Genoa,8300153,44.417504,8.922075,Duisburg,8000086,51.429785,6.775903,995823.568637908,False
8300153,8601242,Genova Piazza Principe,Koebenhavns Lufthavn st,1222,8,,2026-01-06,Genoa,8300153,44.417504,8.922075,Copenhagen,8601242,55.629605,12.649382,1782781.577494978,False
8300153,7100064,Genova Piazza Principe,Barcelona Sants,754,8,,2026-01-06,Genoa,8300153,44.417504,8.922075,Barcelona,7100064,41.378914,2.140369,911225.2542642584,False
8300153,8700012,Genova Piazza Principe,Paris Gare de Lyon,525,2,,2026-01-06,Genoa,8300153,44.417504,8.922075,Paris,8700012,48.844841,2.374072,878540.7368429026,False
8300153,8700047,Genova Piazza Principe,Bordeaux-St-Jean,773,6,,2026-01-06,Genoa,8300153,44.417504,8.922075,Bordeaux,8700047,44.826486,-0.55592,1072096.6550118811,False
8300153,8700074,Genova Piazza Principe,Marseille-St-Charles,365,4,,2026-01-06,Genoa,8300153,44.417504,8.922075,Marseille,8700074,43.303812,5.38195,400393.4051138263,False
8300153,8700152,Genova Piazza Principe,Lyon Part Dieu,401,2,,2026-01-06,Genoa,8300153,44.417504,8.922075,Lyon,8700152,45.760564,4.85999,466060.76484567166,False
8300153,8700065,Genova Piazza Principe,Toulouse-Matabiau,618,6,,2026-01-06,Genoa,8300153,44.417504,8.922075,Toulouse,8700065,43.611406,1.453939,814681.2015161376,False
8300153,7800020,Genova Piazza Principe,Zagreb Glavni kolodvor,955,4,,2026-01-06,Genoa,8300153,44.417504,8.922075,Zagreb,7800020,45.8044381,15.9787052,789656.9070847104,False
8300153,5500728,Genova Piazza Principe,Budapest-Nyugati,931,9,,2026-01-06,Genoa,8300153,44.417504,8.922075,Budapest,5500728,47.510706,19.057466,1120314.9790491804,False
8300153,8300262,Genova Piazza Principe,Roma Tiburtina,309,4,,2026-01-06,Genoa,8300153,44.417504,8.922075,Rome,8300262,41.91107,12.53146,492957.1330226443,False
8300153,8300522,Genova Piazza Principe,Torino Porta Susa,113,2,,2026-01-06,Genoa,8300153,44.417504,8.922075,Turin,8300522,45.071833,7.665169,160566.2242601135,False
8300153,8200100,Genova Piazza Principe,Luxembourg,690,6,,2026-01-06,Genoa,8300153,44.417504,8.922075,Luxembourg,8200100,49.599714,6.134396,787144.7892602622,False
8300153,8400597,Genova Piazza Principe,Tilburg,849,8,,2026-01-06,Genoa,8300153,44.417504,8.922075,Tilburg,8400597,51.56061,5.083787,1110967.9487712528,False
8300153,8400058,Genova Piazza Principe,Amsterdam Centraal,1026,8,,2026-01-06,Genoa,8300153,44.417504,8.922075,Amsterdam,8400058,52.37919,4.899431,1190131.7558064929,False
8300153,8400530,Genova Piazza Principe,Rotterdam Centraal,1015,8,,2026-01-06,Genoa,8300153,44.417504,8.922075,Rotterdam,8400530,51.924802,4.468769,1145357.906930407,False
8300153,5100065,Genova Piazza Principe,Warszawa Centralna,1361,8,,2026-01-06,Genoa,8300153,44.417504,8.922075,Warsaw,5100065,52.22886,21.003234,1608706.3018885755,False
8300153,5100028,Genova Piazza Principe,Krakow Glowny,1276,6,,2026-01-06,Genoa,8300153,44.417504,8.922075,Kraków,5100028,50.067194,19.947426,1369921.3386234187,False
8300153,5100069,Genova Piazza Principe,Wroclaw Glowny,1211,8,,2026-01-06,Genoa,8300153,44.417504,8.922075,Wrocław,5100069,51.098078,17.037088,1374378.9064646054,False
8300153,5100081,Genova Piazza Principe,Poznan Glowny,1214,8,,2026-01-06,Genoa,8300153,44.417504,8.922075,Poznań,5100081,52.401993,16.91087,1436497.70877658,False
8300153,7400002,Genova Piazza Principe,Stockholm Central,1600,8,,2026-01-06,Genoa,8300153,44.417504,8.922075,Stockholm,7400002,59.330014,18.05763,2409090.3335930184,False
8300153,7900003,Genova Piazza Principe,Ljubljana,590,6,,2026-01-06,Genoa,8300153,44.417504,8.922075,Ljubljana,7900003,46.058691,14.512937,648415.0507716968,False
8300153,5600207,Genova Piazza Principe,Bratislava hl.st.,805,6,,2026-01-06,Genoa,8300153,44.417504,8.922075,Bratislava,5600207,48.15891,17.106466,1012340.2708879944,False
8200100,8103000,Luxembourg,Wien Hbf,653,8,,2026-01-06,Luxembourg,8200100,49.599714,6.134396,Vienna,8103000,48.185101,16.377113,988301.2667447678,False
8200100,8800004,Luxembourg,Bruxelles Midi,197,0,,2026-01-06,Luxembourg,8200100,49.599714,6.134396,Brussels,8800004,50.835376,4.335694,229947.46502648504,False
8200100,8800007,Luxembourg,Antwerpen Centraal,235,2,,2026-01-06,Luxembourg,8200100,49.599714,6.134396,Antwerp,8800007,51.215811,4.421168,265099.5328104154,False
8200100,5400014,Luxembourg,Praha hl.n.,712,8,,2026-01-06,Luxembourg,8200100,49.599714,6.134396,Prague,5400014,50.083062,14.436039,850437.4116519123,False
8200100,8011160,Luxembourg,Berlin Hbf,502,4,,2026-01-06,Luxembourg,8200100,49.599714,6.134396,Berlin,8011160,52.525592,13.369545,777153.0728270289,False
8200100,8000096,Luxembourg,Stuttgart Hbf,236,4,,2026-01-06,Luxembourg,8200100,49.599714,6.134396,Stuttgart,8000096,48.78478,9.182757,339683.4274001046,False
8200100,8000261,Luxembourg,München Hbf,357,4,,2026-01-06,Luxembourg,8200100,49.599714,6.134396,Munich,8000261,48.140232,11.558335,569119.4506627839,False
8200100,8002549,Luxembourg,Hamburg Hbf,494,4,,2026-01-06,Luxembourg,8200100,49.599714,6.134396,Hamburg,8002549,53.552736,10.006909,646283.461352573,False
8200100,8003368,Luxembourg,Köln Messe/Deutz,226,4,,2026-01-06,Luxembourg,8200100,49.599714,6.134396,Cologne,8003368,50.940874,6.975001,231424.48428585107,False
8200100,8000105,Luxembourg,Frankfurt(Main)Hbf,234,4,,2026-01-06,Luxembourg,8200100,49.599714,6.134396,Frankfurt,8000105,50.1066819,8.66282825,283522.317269021,False
8200100,8000085,Luxembourg,Düsseldorf Hbf,247,4,,2026-01-06,Luxembourg,8200100,49.599714,6.134396,Düsseldorf,8000085,51.219962,6.794319,270203.62345026684,False
8200100,8010205,Luxembourg,Leipzig Hbf,436,4,,2026-01-06,Luxembourg,8200100,49.599714,6.134396,Leipzig,8010205,51.3454712,12.3820639,655718.2985431204,False
8200100,8000080,Luxembourg,Dortmund Hbf,289,2,,2026-01-06,Luxembourg,8200100,49.599714,6.134396,Dortmund,8000080,51.517896,7.45929,325845.39633374213,False
8200100,8000098,Luxembourg,Essen Hbf,280,2,,2026-01-06,Luxembourg,8200100,49.599714,6.134396,Essen,8000098,51.451355,7.014793,303837.80859358,False
8200100,8000050,Luxembourg,Bremen Hbf,461,4,,2026-01-06,Luxembourg,8200100,49.599714,6.134396,Bremen,8000050,53.083481,8.813834,553383.8657670162,False
8200100,8010085,Luxembourg,Dresden Hbf,508,4,,2026-01-06,Luxembourg,8200100,49.599714,6.134396,Dresden,8010085,51.040563,13.732035,771516.3740674094,False
8200100,8000152,Luxembourg,Hannover Hbf,406,4,,2026-01-06,Luxembourg,8200100,49.599714,6.134396,Hannover,8000152,52.376761,9.741021,526543.7459446634,False
8200100,8000284,Luxembourg,Nürnberg Hbf,403,4,,2026-01-06,Luxembourg,8200100,49.599714,6.134396,Nuremberg,8000284,49.445616,11.082989,506448.4830415828,False
8200100,8000086,Luxembourg,Duisburg Hbf,265,4,,2026-01-06,Luxembourg,8200100,49.599714,6.134396,Duisburg,8000086,51.429785,6.775903,292390.2510450669,False
8200100,8601242,Luxembourg,Koebenhavns Lufthavn st,823,8,,2026-01-06,Luxembourg,8200100,49.599714,6.134396,Copenhagen,8601242,55.629605,12.649382,1156818.1489870718,False
8200100,7100064,Luxembourg,Barcelona Sants,684,2,,2026-01-06,Luxembourg,8200100,49.599714,6.134396,Barcelona,7100064,41.378914,2.140369,1156687.3282601377,False
8200100,8700047,Luxembourg,Bordeaux-St-Jean,304,2,,2026-01-06,Luxembourg,8200100,49.599714,6.134396,Bordeaux,8700047,44.826486,-0.55592,908009.5156384758,True
8200100,8700074,Luxembourg,Marseille-St-Charles,426,2,,2026-01-06,Luxembourg,8200100,49.599714,6.134396,Marseille,8700074,43.303812,5.38195,830528.1983759312,False
8200100,8700152,Luxembourg,Lyon Part Dieu,348,2,,2026-01-06,Luxembourg,8200100,49.599714,6.134396,Lyon,8700152,45.760564,4.85999,510655.5985639852,False
8200100,8700065,Luxembourg,Toulouse-Matabiau,546,2,,2026-01-06,Luxembourg,8200100,49.599714,6.134396,Toulouse,8700065,43.611406,1.453939,1010808.7829479568,False
8200100,7800020,Luxembourg,Zagreb Glavni kolodvor,1050,6,,2026-01-06,Luxembourg,8200100,49.599714,6.134396,Zagreb,7800020,45.8044381,15.9787052,1138792.939685801,False
8200100,5500728,Luxembourg,Budapest-Nyugati,916,7,,2026-01-06,Luxembourg,8200100,49.599714,6.134396,Budapest,5500728,47.510706,19.057466,1238735.4612691633,False
8200100,8300262,Luxembourg,Roma Tiburtina,781,8,,2026-01-06,Luxembourg,8200100,49.599714,6.134396,Rome,8300262,41.91107,12.53146,1221971.5230257923,True
8200100,8300047,Luxembourg,Milano Porta Garibaldi,582,8,,2026-01-06,Luxembourg,8200100,49.599714,6.134396,Milan,8300047,45.484437,9.18729699,663251.9162367048,True
8200100,8300522,Luxembourg,Torino Porta Susa,615,2,,2026-01-06,Luxembourg,8200100,49.599714,6.134396,Turin,8300522,45.071833,7.665169,746189.2900787791,False
8200100,8300153,Luxembourg,Genova Piazza Principe,665,8,,2026-01-06,Luxembourg,8200100,49.599714,6.134396,Genoa,8300153,44.417504,8.922075,787144.7892602592,False
8200100,8400597,Luxembourg,Tilburg,319,6,,2026-01-06,Luxembourg,8200100,49.599714,6.134396,Tilburg,8400597,51.56061,5.083787,323823.1595109965,False
8200100,8400058,Luxembourg,Amsterdam Centraal,339,2,,2026-01-06,Luxembourg,8200100,49.599714,6.134396,Amsterdam,8400058,52.37919,4.899431,406671.57837157784,False
8200100,8400530,Luxembourg,Rotterdam Centraal,291,2,,2026-01-06,Luxembourg,8200100,49.599714,6.134396,Rotterdam,8400530,51.924802,4.468769,359422.1027179607,False
8200100,5100065,Luxembourg,Warszawa Centralna,825,6,,2026-01-06,Luxembourg,8200100,49.599714,6.134396,Warsaw,5100065,52.22886,21.003234,1314978.2319398348,False
8200100,5100028,Luxembourg,Krakow Glowny,1095,8,,2026-01-06,Luxembourg,8200100,49.599714,6.134396,Kraków,5100028,50.067194,19.947426,1262508.2067254533,False
8200100,5100069,Luxembourg,Wroclaw Glowny,767,8,,2026-01-06,Luxembourg,8200100,49.599714,6.134396,Wrocław,5100069,51.098078,17.037088,1006776.9944151704,False
8200100,5100081,Luxembourg,Poznan Glowny,678,6,,2026-01-06,Luxembourg,8200100,49.599714,6.134396,Poznań,5100081,52.401993,16.91087,1016177.75818053,False
8200100,7400002,Luxembourg,Stockholm Central,1241,6,,2026-01-06,Luxembourg,8200100,49.599714,6.134396,Stockholm,7400002,59.330014,18.05763,1783126.9050851166,False
8200100,7900003,Luxembourg,Ljubljana,804,6,,2026-01-06,Luxembourg,8200100,49.599714,6.134396,Ljubljana,7900003,46.058691,14.512937,997552.2947316624,False
8200100,5600207,Luxembourg,Bratislava hl.st.,756,8,,2026-01-06,Luxembourg,8200100,49.599714,6.134396,Bratislava,5600207,48.15891,17.106466,1053363.353557834,False
8400597,8103000,Tilburg,Wien Hbf,652,8,,2026-01-06,Tilburg,8400597,51.56061,5.083787,Vienna,8103000,48.185101,16.377113,1083807.5386420314,False
8400597,8800004,Tilburg,Bruxelles Midi,109,4,,2026-01-06,Tilburg,8400597,51.56061,5.083787,Brussels,8800004,50.835376,4.335694,125022.4147550749,False
8400597,8800007,Tilburg,Antwerpen Centraal,59,2,,2026-01-06,Tilburg,8400597,51.56061,5.083787,Antwerp,8800007,51.215811,4.421168,80736.91667723759,True
8400597,5400014,Tilburg,Praha hl.n.,681,6,,2026-01-06,Tilburg,8400597,51.56061,5.083787,Prague,5400014,50.083062,14.436039,917758.2663974068,False
8400597,8011160,Tilburg,Berlin Hbf,368,4,,2026-01-06,Tilburg,8400597,51.56061,5.083787,Berlin,8011160,52.525592,13.369545,641860.4538591908,False
8400597,8000096,Tilburg,Stuttgart Hbf,316,8,,2026-01-06,Tilburg,8400597,51.56061,5.083787,Stuttgart,8000096,48.78478,9.182757,515161.27752888366,True
8400597,8000261,Tilburg,München Hbf,431,6,,2026-01-06,Tilburg,8400597,51.56061,5.083787,Munich,8000261,48.140232,11.558335,744372.6466521631,True
8400597,8002549,Tilburg,Hamburg Hbf,319,8,,2026-01-06,Tilburg,8400597,51.56061,5.083787,Hamburg,8002549,53.552736,10.006909,475425.9310005894,False
8400597,8003368,Tilburg,Köln Messe/Deutz,166,6,,2026-01-06,Tilburg,8400597,51.56061,5.083787,Cologne,8003368,50.940874,6.975001,173415.15014067892,False
8400597,8000105,Tilburg,Frankfurt(Main)Hbf,236,6,,2026-01-06,Tilburg,8400597,51.56061,5.083787,Frankfurt,8000105,50.1066819,8.66282825,352401.60901002656,True
8400597,8000085,Tilburg,Düsseldorf Hbf,134,4,,2026-01-06,Tilburg,8400597,51.56061,5.083787,Düsseldorf,8000085,51.219962,6.794319,147353.6760101783,False
8400597,8010205,Tilburg,Leipzig Hbf,434,8,,2026-01-06,Tilburg,8400597,51.56061,5.083787,Leipzig,8010205,51.3454712,12.3820639,610728.4100430255,False
8400597,8000080,Tilburg,Dortmund Hbf,168,8,,2026-01-06,Tilburg,8400597,51.56061,5.083787,Dortmund,8000080,51.517896,7.45929,199673.95275150496,False
8400597,8000098,Tilburg,Essen Hbf,139,6,,2026-01-06,Tilburg,8400597,51.56061,5.083787,Essen,8000098,51.451355,7.014793,165740.76446885904,False
8400597,8000050,Tilburg,Bremen Hbf,280,6,,2026-01-06,Tilburg,8400597,51.56061,5.083787,Bremen,8000050,53.083481,8.813834,372281.668050921,False
8400597,8010085,Tilburg,Dresden Hbf,530,8,,2026-01-06,Tilburg,8400597,51.56061,5.083787,Dresden,8010085,51.040563,13.732035,726526.4855673146,False
8400597,8000152,Tilburg,Hannover Hbf,267,4,,2026-01-06,Tilburg,8400597,51.56061,5.083787,Hannover,8000152,52.376761,9.741021,386585.0292082612,False
8400597,8000284,Tilburg,Nürnberg Hbf,363,6,,2026-01-06,Tilburg,8400597,51.56061,5.083787,Nuremberg,8000284,49.445616,11.082989,573769.3377870775,False
8400597,8000086,Tilburg,Duisburg Hbf,124,6,,2026-01-06,Tilburg,8400597,51.56061,5.083787,Duisburg,8000086,51.429785,6.775903,146513.84627085028,False
8400597,8601242,Tilburg,Koebenhavns Lufthavn st,709,8,,2026-01-06,Tilburg,8400597,51.56061,5.083787,Copenhagen,8601242,55.629605,12.649382,985960.6186350898,False
8400597,7100064,Tilburg,Barcelona Sants,735,6,,2026-01-06,Tilburg,8400597,51.56061,5.083787,Barcelona,7100064,41.378914,2.140369,1480510.4877711348,False
8400597,8700047,Tilburg,Bordeaux-St-Jean,413,6,,2026-01-06,Tilburg,8400597,51.56061,5.083787,Bordeaux,8700047,44.826486,-0.55592,979706.1576866526,True
8400597,8700074,Tilburg,Marseille-St-Charles,467,4,,2026-01-06,Tilburg,8400597,51.56061,5.083787,Marseille,8700074,43.303812,5.38195,1154351.3578869312,False
8400597,8700152,Tilburg,Lyon Part Dieu,371,4,,2026-01-06,Tilburg,8400597,51.56061,5.083787,Lyon,8700152,45.760564,4.85999,834478.7580749828,False
8400597,8700065,Tilburg,Toulouse-Matabiau,571,6,,2026-01-06,Tilburg,8400597,51.56061,5.083787,Toulouse,8700065,43.611406,1.453939,1151332.9921737562,False
8400597,7800020,Tilburg,Zagreb Glavni kolodvor,1106,8,,2026-01-06,Tilburg,8400597,51.56061,5.083787,Zagreb,7800020,45.8044381,15.9787052,1284357.2122781863,False
8400597,5500728,Tilburg,Budapest-Nyugati,1065,9,,2026-01-06,Tilburg,8400597,51.56061,5.083787,Budapest,5500728,47.510706,19.057466,1334241.7331664292,False
8400597,8300262,Tilburg,Roma Tiburtina,1051,6,,2026-01-06,Tilburg,8400597,51.56061,5.083787,Rome,8300262,41.91107,12.53146,1532136.500209289,True
8400597,8300047,Tilburg,Milano Porta Garibaldi,677,8,,2026-01-06,Tilburg,8400597,51.56061,5.083787,Milan,8300047,45.484437,9.18729699,973416.8934202044,False
8400597,8300522,Tilburg,Torino Porta Susa,603,6,,2026-01-06,Tilburg,8400597,51.56061,5.083787,Turin,8300522,45.071833,7.665169,1070012.449589779,False
8400597,8300153,Tilburg,Genova Piazza Principe,853,8,,2026-01-06,Tilburg,8400597,51.56061,5.083787,Genoa,8300153,44.417504,8.922075,1110967.9487712537,False
8400597,8200100,Tilburg,Luxembourg,298,4,,2026-01-06,Tilburg,8400597,51.56061,5.083787,Luxembourg,8200100,49.599714,6.134396,323823.1595109971,False
8400597,8400058,Tilburg,Amsterdam Centraal,81,2,,2026-01-06,Tilburg,8400597,51.56061,5.083787,Amsterdam,8400058,52.37919,4.899431,109980.01174276765,False
8400597,8400530,Tilburg,Rotterdam Centraal,37,0,,2026-01-06,Tilburg,8400597,51.56061,5.083787,Rotterdam,8400530,51.924802,4.468769,67179.46623138362,False
8400597,5100065,Tilburg,Warszawa Centralna,686,6,,2026-01-06,Tilburg,8400597,51.56061,5.083787,Warsaw,5100065,52.22886,21.003234,1205901.0663064967,False
8400597,5100028,Tilburg,Krakow Glowny,820,8,,2026-01-06,Tilburg,8400597,51.56061,5.083787,Kraków,5100028,50.067194,19.947426,1207633.4007483234,False
8400597,5100069,Tilburg,Wroclaw Glowny,644,8,,2026-01-06,Tilburg,8400597,51.56061,5.083787,Wrocław,5100069,51.098078,17.037088,951902.188438039,False
8400597,5100081,Tilburg,Poznan Glowny,539,6,,2026-01-06,Tilburg,8400597,51.56061,5.083787,Poznań,5100081,52.401993,16.91087,907100.5925471986,False
8400597,7400002,Tilburg,Stockholm Central,1102,8,,2026-01-06,Tilburg,8400597,51.56061,5.083787,Stockholm,7400002,59.330014,18.05763,1612269.37473313,False
8400597,7900003,Tilburg,Ljubljana,872,8,,2026-01-06,Tilburg,8400597,51.56061,5.083787,Ljubljana,7900003,46.058691,14.512937,1143116.5673240505,False
8400597,5600207,Tilburg,Bratislava hl.st.,788,8,,2026-01-06,Tilburg,8400597,51.56061,5.083787,Bratislava,5600207,48.15891,17.106466,1148869.6254550945,False
8400058,8103000,Amsterdam Centraal,Wien Hbf,676,4,,2026-01-06,Amsterdam,8400058,52.37919,4.899431,Vienna,8103000,48.185101,16.377113,1162342.4041232902,False
8400058,8800004,Amsterdam Centraal,Bruxelles Midi,116,0,,2026-01-06,Amsterdam,8400058,52.37919,4.899431,Brussels,8800004,50.835376,4.335694,211589.24010612993,False
8400058,8800007,Amsterdam Centraal,Antwerpen Centraal,80,0,,2026-01-06,Amsterdam,8400058,52.37919,4.899431,Antwerp,8800007,51.215811,4.421168,167303.74202829212,False
8400058,5400014,Amsterdam Centraal,Praha hl.n.,626,2,,2026-01-06,Amsterdam,8400058,52.37919,4.899431,Prague,5400014,50.083062,14.436039,932045.8438641676,False
8400058,8011160,Amsterdam Centraal,Berlin Hbf,342,0,,2026-01-06,Amsterdam,8400058,52.37919,4.899431,Berlin,8011160,52.525592,13.369545,633713.6706792306,False
8400058,8000096,Amsterdam Centraal,Stuttgart Hbf,295,2,,2026-01-06,Amsterdam,8400058,52.37919,4.899431,Stuttgart,8000096,48.78478,9.182757,593696.1430101414,True
8400058,8000261,Amsterdam Centraal,München Hbf,429,2,,2026-01-06,Amsterdam,8400058,52.37919,4.899431,Munich,8000261,48.140232,11.558335,822907.5121334221,False
8400058,8002549,Amsterdam Centraal,Hamburg Hbf,315,2,,2026-01-06,Amsterdam,8400058,52.37919,4.899431,Hamburg,8002549,53.552736,10.006909,467279.1478206288,False
8400058,8000105,Amsterdam Centraal,Frankfurt(Main)Hbf,247,0,,2026-01-06,Amsterdam,8400058,52.37919,4.899431,Frankfurt,8000105,50.1066819,8.66282825,430936.4744912836,False
8400058,8000085,Amsterdam Centraal,Düsseldorf Hbf,136,0,,2026-01-06,Amsterdam,8400058,52.37919,4.899431,Düsseldorf,8000085,51.219962,6.794319,217908.09034970045,False
8400058,8010205,Amsterdam Centraal,Leipzig Hbf,436,2,,2026-01-06,Amsterdam,8400058,52.37919,4.899431,Leipzig,8010205,51.3454712,12.3820639,628245.4887984883,False
8400058,8000080,Amsterdam Centraal,Dortmund Hbf,175,2,,2026-01-06,Amsterdam,8400058,52.37919,4.899431,Dortmund,8000080,51.517896,7.45929,231773.87027369376,False
8400058,8000098,Amsterdam Centraal,Essen Hbf,144,2,,2026-01-06,Amsterdam,8400058,52.37919,4.899431,Essen,8000098,51.451355,7.014793,201410.20410157333,False
8400058,8000050,Amsterdam Centraal,Bremen Hbf,254,2,,2026-01-06,Amsterdam,8400058,52.37919,4.899431,Bremen,8000050,53.083481,8.813834,364134.88487096055,False
8400058,8010085,Amsterdam Centraal,Dresden Hbf,507,2,,2026-01-06,Amsterdam,8400058,52.37919,4.899431,Dresden,8010085,51.040563,13.732035,735943.2142256,False
8400058,8000152,Amsterdam Centraal,Hannover Hbf,241,0,,2026-01-06,Amsterdam,8400058,52.37919,4.899431,Hannover,8000152,52.376761,9.741021,378438.24602830113,False
8400058,8000284,Amsterdam Centraal,Nürnberg Hbf,387,2,,2026-01-06,Amsterdam,8400058,52.37919,4.899431,Nuremberg,8000284,49.445616,11.082989,652304.2032683365,False
8400058,8000086,Amsterdam Centraal,Duisburg Hbf,128,0,,2026-01-06,Amsterdam,8400058,52.37919,4.899431,Duisburg,8000086,51.429785,6.775903,194313.0407618764,False
8400058,8601242,Amsterdam Centraal,Koebenhavns Lufthavn st,683,4,,2026-01-06,Amsterdam,8400058,52.37919,4.899431,Copenhagen,8601242,55.629605,12.649382,977813.8354551294,False
8400058,7100064,Amsterdam Centraal,Barcelona Sants,673,4,,2026-01-06,Amsterdam,8400058,52.37919,4.899431,Barcelona,7100064,41.378914,2.140369,1563358.9066317142,False
8400058,8700047,Amsterdam Centraal,Bordeaux-St-Jean,418,2,,2026-01-06,Amsterdam,8400058,52.37919,4.899431,Bordeaux,8700047,44.826486,-0.55592,1066272.983037711,True
8400058,8700074,Amsterdam Centraal,Marseille-St-Charles,464,2,,2026-01-06,Amsterdam,8400058,52.37919,4.899431,Marseille,8700074,43.303812,5.38195,1237199.7767475103,False
8400058,8700152,Amsterdam Centraal,Lyon Part Dieu,368,2,,2026-01-06,Amsterdam,8400058,52.37919,4.899431,Lyon,8700152,45.760564,4.85999,917327.1769355626,False
8400058,8700065,Amsterdam Centraal,Toulouse-Matabiau,582,2,,2026-01-06,Amsterdam,8400058,52.37919,4.899431,Toulouse,8700065,43.611406,1.453939,1237899.817524811,False
8400058,7800020,Amsterdam Centraal,Zagreb Glavni kolodvor,1072,6,,2026-01-06,Amsterdam,8400058,52.37919,4.899431,Zagreb,7800020,45.8044381,15.9787052,1362892.077759446,False
8400058,5500728,Amsterdam Centraal,Budapest-Nyugati,1031,7,,2026-01-06,Amsterdam,8400058,52.37919,4.899431,Budapest,5500728,47.510706,19.057466,1412776.598647688,False
8400058,8300262,Amsterdam Centraal,Roma Tiburtina,1151,8,,2026-01-06,Amsterdam,8400058,52.37919,4.899431,Rome,8300262,41.91107,12.53146,1610671.3656905422,True
8400058,8300047,Amsterdam Centraal,Milano Porta Garibaldi,684,4,,2026-01-06,Amsterdam,8400058,52.37919,4.899431,Milan,8300047,45.484437,9.18729699,1051951.7589014613,False
8400058,8300522,Amsterdam Centraal,Torino Porta Susa,610,2,,2026-01-06,Amsterdam,8400058,52.37919,4.899431,Turin,8300522,45.071833,7.665169,1152217.356785303,False
8400058,8300153,Amsterdam Centraal,Genova Piazza Principe,806,8,,2026-01-06,Amsterdam,8400058,52.37919,4.899431,Genoa,8300153,44.417504,8.922075,1190131.7558064845,False
8400058,8200100,Amsterdam Centraal,Luxembourg,339,2,,2026-01-06,Amsterdam,8400058,52.37919,4.899431,Luxembourg,8200100,49.599714,6.134396,406671.5783715763,False
8400058,8400597,Amsterdam Centraal,Tilburg,81,4,,2026-01-06,Amsterdam,8400058,52.37919,4.899431,Tilburg,8400597,51.56061,5.083787,109980.01174276804,False
8400058,8400530,Amsterdam Centraal,Rotterdam Centraal,42,0,,2026-01-06,Amsterdam,8400058,52.37919,4.899431,Rotterdam,8400530,51.924802,4.468769,70088.82870797908,True
8400058,5100065,Amsterdam Centraal,Warszawa Centralna,660,2,,2026-01-06,Amsterdam,8400058,52.37919,4.899431,Warsaw,5100065,52.22886,21.003234,1197754.2831265377,False
8400058,5100028,Amsterdam Centraal,Krakow Glowny,820,8,,2026-01-06,Amsterdam,8400058,52.37919,4.899431,Kraków,5100028,50.067194,19.947426,1199486.617568364,False
8400058,5100069,Amsterdam Centraal,Wroclaw Glowny,644,8,,2026-01-06,Amsterdam,8400058,52.37919,4.899431,Wrocław,5100069,51.098078,17.037088,943755.4052580796,False
8400058,5100081,Amsterdam Centraal,Poznan Glowny,513,2,,2026-01-06,Amsterdam,8400058,52.37919,4.899431,Poznań,5100081,52.401993,16.91087,898953.8093672384,False
8400058,7400002,Amsterdam Centraal,Stockholm Central,1056,8,,2026-01-06,Amsterdam,8400058,52.37919,4.899431,Stockholm,7400002,59.330014,18.05763,1604122.5915531688,False
8400058,7900003,Amsterdam Centraal,Ljubljana,838,6,,2026-01-06,Amsterdam,8400058,52.37919,4.899431,Ljubljana,7900003,46.058691,14.512937,1221651.4328053102,False
8400058,5600207,Amsterdam Centraal,Bratislava hl.st.,761,6,,2026-01-06,Amsterdam,8400058,52.37919,4.899431,Bratislava,5600207,48.15891,17.106466,1227404.490936353,False
8400530,8103000,Rotterdam Centraal,Wien Hbf,687,6,,2026-01-06,Rotterdam,8400530,51.924802,4.468769,Vienna,8103000,48.185101,16.377113,1150987.0048734164,False
8400530,8800004,Rotterdam Centraal,Bruxelles Midi,68,0,,2026-01-06,Rotterdam,8400530,51.924802,4.468769,Brussels,8800004,50.835376,4.335694,141766.2199302833,False
8400530,8800007,Rotterdam Centraal,Antwerpen Centraal,32,0,,2026-01-06,Rotterdam,8400530,51.924802,4.468769,Antwerp,8800007,51.215811,4.421168,97480.721852446,False
8400530,5400014,Rotterdam Centraal,Praha hl.n.,665,6,,2026-01-06,Rotterdam,8400530,51.924802,4.468769,Prague,5400014,50.083062,14.436039,963712.2451070624,False
8400530,8011160,Rotterdam Centraal,Berlin Hbf,367,4,,2026-01-06,Rotterdam,8400530,51.924802,4.468769,Berlin,8011160,52.525592,13.369545,665380.0719221261,False
8400530,8000096,Rotterdam Centraal,Stuttgart Hbf,313,4,,2026-01-06,Rotterdam,8400530,51.924802,4.468769,Stuttgart,8000096,48.78478,9.182757,582340.7437602682,True
8400530,8000261,Rotterdam Centraal,München Hbf,440,4,,2026-01-06,Rotterdam,8400530,51.924802,4.468769,Munich,8000261,48.140232,11.558335,811552.1128835486,True
8400530,8002549,Rotterdam Centraal,Hamburg Hbf,340,6,,2026-01-06,Rotterdam,8400530,51.924802,4.468769,Hamburg,8002549,53.552736,10.006909,498945.5490635252,False
8400530,8000105,Rotterdam Centraal,Frankfurt(Main)Hbf,265,2,,2026-01-06,Rotterdam,8400530,51.924802,4.468769,Frankfurt,8000105,50.1066819,8.66282825,419581.07524140977,False
8400530,8000085,Rotterdam Centraal,Düsseldorf Hbf,154,2,,2026-01-06,Rotterdam,8400530,51.924802,4.468769,Düsseldorf,8000085,51.219962,6.794319,214533.142241562,False
8400530,8010205,Rotterdam Centraal,Leipzig Hbf,461,4,,2026-01-06,Rotterdam,8400530,51.924802,4.468769,Leipzig,8010205,51.3454712,12.3820639,656640.4956116746,False
8400530,8000080,Rotterdam Centraal,Dortmund Hbf,186,4,,2026-01-06,Rotterdam,8400530,51.924802,4.468769,Dortmund,8000080,51.517896,7.45929,244527.97155129243,False
8400530,8000098,Rotterdam Centraal,Essen Hbf,162,4,,2026-01-06,Rotterdam,8400530,51.924802,4.468769,Essen,8000098,51.451355,7.014793,214164.30537917197,False
8400530,8000050,Rotterdam Centraal,Bremen Hbf,279,6,,2026-01-06,Rotterdam,8400530,51.924802,4.468769,Bremen,8000050,53.083481,8.813834,395801.2861138572,False
8400530,8010085,Rotterdam Centraal,Dresden Hbf,527,6,,2026-01-06,Rotterdam,8400530,51.924802,4.468769,Dresden,8010085,51.040563,13.732035,767609.6154684951,False
8400530,8000152,Rotterdam Centraal,Hannover Hbf,266,4,,2026-01-06,Rotterdam,8400530,51.924802,4.468769,Hannover,8000152,52.376761,9.741021,410104.6472711969,False
8400530,8000284,Rotterdam Centraal,Nürnberg Hbf,398,4,,2026-01-06,Rotterdam,8400530,51.924802,4.468769,Nuremberg,8000284,49.445616,11.082989,640948.804018463,False
8400530,8000086,Rotterdam Centraal,Duisburg Hbf,139,2,,2026-01-06,Rotterdam,8400530,51.924802,4.468769,Duisburg,8000086,51.429785,6.775903,207067.14203947503,False
8400530,8601242,Rotterdam Centraal,Koebenhavns Lufthavn st,708,8,,2026-01-06,Rotterdam,8400530,51.924802,4.468769,Copenhagen,8601242,55.629605,12.649382,1009480.2366980253,False
8400530,7100064,Rotterdam Centraal,Barcelona Sants,625,4,,2026-01-06,Rotterdam,8400530,51.924802,4.468769,Barcelona,7100064,41.378914,2.140369,1513985.2259319848,True
8400530,8700047,Rotterdam Centraal,Bordeaux-St-Jean,348,2,,2026-01-06,Rotterdam,8400530,51.924802,4.468769,Bordeaux,8700047,44.826486,-0.55592,996449.9628618612,True
8400530,8700074,Rotterdam Centraal,Marseille-St-Charles,416,2,,2026-01-06,Rotterdam,8400530,51.924802,4.468769,Marseille,8700074,43.303812,5.38195,1187826.0960477814,True
8400530,8700152,Rotterdam Centraal,Lyon Part Dieu,320,2,,2026-01-06,Rotterdam,8400530,51.924802,4.468769,Lyon,8700152,45.760564,4.85999,867953.4962358336,True
8400530,8700065,Rotterdam Centraal,Toulouse-Matabiau,510,2,,2026-01-06,Rotterdam,8400530,51.924802,4.468769,Toulouse,8700065,43.611406,1.453939,1168076.7973489636,False
8400530,7800020,Rotterdam Centraal,Zagreb Glavni kolodvor,1090,8,,2026-01-06,Rotterdam,8400530,51.924802,4.468769,Zagreb,7800020,45.8044381,15.9787052,1351536.6785095732,False
8400530,5500728,Rotterdam Centraal,Budapest-Nyugati,951,7,,2026-01-06,Rotterdam,8400530,51.924802,4.468769,Budapest,5500728,47.510706,19.057466,1401421.1993978142,False
8400530,8300262,Rotterdam Centraal,Roma Tiburtina,882,4,,2026-01-06,Rotterdam,8400530,51.924802,4.468769,Rome,8300262,41.91107,12.53146,1580184.6406959384,True
8400530,8300047,Rotterdam Centraal,Milano Porta Garibaldi,636,4,,2026-01-06,Rotterdam,8400530,51.924802,4.468769,Milan,8300047,45.484437,9.18729699,1021465.0339068548,False
8400530,8300522,Rotterdam Centraal,Torino Porta Susa,557,2,,2026-01-06,Rotterdam,8400530,51.924802,4.468769,Turin,8300522,45.071833,7.665169,1104402.407748934,False
8400530,8300153,Rotterdam Centraal,Genova Piazza Principe,692,4,,2026-01-06,Rotterdam,8400530,51.924802,4.468769,Genoa,8300153,44.417504,8.922075,1145357.906930409,False
8400530,8200100,Rotterdam Centraal,Luxembourg,291,2,,2026-01-06,Rotterdam,8400530,51.924802,4.468769,Luxembourg,8200100,49.599714,6.134396,359422.1027179601,False
8400530,8400597,Rotterdam Centraal,Tilburg,38,0,,2026-01-06,Rotterdam,8400530,51.924802,4.468769,Tilburg,8400597,51.56061,5.083787,67179.4662313836,False
8400530,8400058,Rotterdam Centraal,Amsterdam Centraal,43,0,,2026-01-06,Rotterdam,8400530,51.924802,4.468769,Amsterdam,8400058,52.37919,4.899431,70088.82870797909,True
8400530,5100065,Rotterdam Centraal,Warszawa Centralna,685,6,,2026-01-06,Rotterdam,8400530,51.924802,4.468769,Warsaw,5100065,52.22886,21.003234,1229420.6843694318,False
8400530,5100028,Rotterdam Centraal,Krakow Glowny,834,8,,2026-01-06,Rotterdam,8400530,51.924802,4.468769,Kraków,5100028,50.067194,19.947426,1231153.0188112594,False
8400530,5100069,Rotterdam Centraal,Wroclaw Glowny,658,8,,2026-01-06,Rotterdam,8400530,51.924802,4.468769,Wrocław,5100069,51.098078,17.037088,975421.8065009748,False
8400530,5100081,Rotterdam Centraal,Poznan Glowny,538,6,,2026-01-06,Rotterdam,8400530,51.924802,4.468769,Poznań,5100081,52.401993,16.91087,930620.210610134,False
8400530,7400002,Rotterdam Centraal,Stockholm Central,1101,8,,2026-01-06,Rotterdam,8400530,51.924802,4.468769,Stockholm,7400002,59.330014,18.05763,1635788.9927960658,False
8400530,7900003,Rotterdam Centraal,Ljubljana,856,8,,2026-01-06,Rotterdam,8400530,51.924802,4.468769,Ljubljana,7900003,46.058691,14.512937,1210296.033555437,False
8400530,5600207,Rotterdam Centraal,Bratislava hl.st.,772,8,,2026-01-06,Rotterdam,8400530,51.924802,4.468769,Bratislava,5600207,48.15891,17.106466,1216049.0916864795,False
5100065,8103000,Warszawa Centralna,Wien Hbf,465,0,,2026-01-06,Warsaw,5100065,52.22886,21.003234,Vienna,8103000,48.185101,16.377113,657068.3706274994,False
5100065,8800004,Warszawa Centralna,Bruxelles Midi,755,4,,2026-01-06,Warsaw,5100065,52.22886,21.003234,Brussels,8800004,50.835376,4.335694,1308773.6881371178,False
5100065,8800007,Warszawa Centralna,Antwerpen Centraal,786,6,,2026-01-06,Warsaw,5100065,52.22886,21.003234,Antwerp,8800007,51.215811,4.421168,1280285.292823756,False
5100065,5400014,Warszawa Centralna,Praha hl.n.,486,2,,2026-01-06,Warsaw,5100065,52.22886,21.003234,Prague,5400014,50.083062,14.436039,658214.3548005589,False
5100065,8011160,Warszawa Centralna,Berlin Hbf,316,0,,2026-01-06,Warsaw,5100065,52.22886,21.003234,Berlin,8011160,52.525592,13.369545,567013.4417007208,False
5100065,8000096,Warszawa Centralna,Stuttgart Hbf,653,4,,2026-01-06,Warsaw,5100065,52.22886,21.003234,Stuttgart,8000096,48.78478,9.182757,1154852.4087667845,False
5100065,8000261,Warszawa Centralna,München Hbf,575,2,,2026-01-06,Warsaw,5100065,52.22886,21.003234,Munich,8000261,48.140232,11.558335,1068088.535488965,False
5100065,8002549,Warszawa Centralna,Hamburg Hbf,481,2,,2026-01-06,Warsaw,5100065,52.22886,21.003234,Hamburg,8002549,53.552736,10.006909,850390.9614117469,False
5100065,8003368,Warszawa Centralna,Köln Messe/Deutz,626,4,,2026-01-06,Warsaw,5100065,52.22886,21.003234,Cologne,8003368,50.940874,6.975001,1114785.789474411,False
5100065,8000105,Warszawa Centralna,Frankfurt(Main)Hbf,584,2,,2026-01-06,Warsaw,5100065,52.22886,21.003234,Frankfurt,8000105,50.1066819,8.66282825,1035850.4708146132,False
5100065,8000085,Warszawa Centralna,Düsseldorf Hbf,610,2,,2026-01-06,Warsaw,5100065,52.22886,21.003234,Düsseldorf,8000085,51.219962,6.794319,1095856.6541640745,False
5100065,8010205,Warszawa Centralna,Leipzig Hbf,406,2,,2026-01-06,Warsaw,5100065,52.22886,21.003234,Leipzig,8010205,51.3454712,12.3820639,664062.2064281292,False
5100065,8000080,Warszawa Centralna,Dortmund Hbf,551,2,,2026-01-06,Warsaw,5100065,52.22886,21.003234,Dortmund,8000080,51.517896,7.45929,1026645.0541583603,False
5100065,8000098,Warszawa Centralna,Essen Hbf,577,2,,2026-01-06,Warsaw,5100065,52.22886,21.003234,Essen,8000098,51.451355,7.014793,1060588.8111516642,False
5100065,8000050,Warszawa Centralna,Bremen Hbf,530,4,,2026-01-06,Warsaw,5100065,52.22886,21.003234,Bremen,8000050,53.083481,8.813834,902314.5982371814,False
5100065,8010085,Warszawa Centralna,Dresden Hbf,447,2,,2026-01-06,Warsaw,5100065,52.22886,21.003234,Dresden,8010085,51.040563,13.732035,631692.4539160726,False
5100065,8000152,Warszawa Centralna,Hannover Hbf,440,2,,2026-01-06,Warsaw,5100065,52.22886,21.003234,Hannover,8000152,52.376761,9.741021,819350.6359625445,False
5100065,8000284,Warszawa Centralna,Nürnberg Hbf,502,2,,2026-01-06,Warsaw,5100065,52.22886,21.003234,Nuremberg,8000284,49.445616,11.082989,968450.7735520516,False
5100065,8000086,Warszawa Centralna,Duisburg Hbf,591,2,,2026-01-06,Warsaw,5100065,52.22886,21.003234,Duisburg,8000086,51.429785,6.775903,1079848.8128842372,False
5100065,8601242,Warszawa Centralna,Koebenhavns Lufthavn st,863,4,,2026-01-06,Warsaw,5100065,52.22886,21.003234,Copenhagen,8601242,55.629605,12.649382,1299218.9190537354,False
5100065,7100064,Warszawa Centralna,Barcelona Sants,1583,8,,2026-01-06,Warsaw,5100065,52.22886,21.003234,Barcelona,7100064,41.378914,2.140369,2340016.350087865,False
5100065,8700047,Warszawa Centralna,Bordeaux-St-Jean,1091,8,,2026-01-06,Warsaw,5100065,52.22886,21.003234,Bordeaux,8700047,44.826486,-0.55592,2141843.824312969,False
5100065,8700074,Warszawa Centralna,Marseille-St-Charles,1259,8,,2026-01-06,Warsaw,5100065,52.22886,21.003234,Marseille,8700074,43.303812,5.38195,2003521.0489671149,False
5100065,8700152,Warszawa Centralna,Lyon Part Dieu,1013,8,,2026-01-06,Warsaw,5100065,52.22886,21.003234,Lyon,8700152,45.760564,4.85999,1693984.6203917123,False
5100065,8700065,Warszawa Centralna,Toulouse-Matabiau,1368,6,,2026-01-06,Warsaw,5100065,52.22886,21.003234,Toulouse,8700065,43.611406,1.453939,2235038.5127352956,False
5100065,7800020,Warszawa Centralna,Zagreb Glavni kolodvor,1226,4,,2026-01-06,Warsaw,5100065,52.22886,21.003234,Zagreb,7800020,45.8044381,15.9787052,1015733.4749876496,False
5100065,5500728,Warszawa Centralna,Budapest-Nyugati,636,2,,2026-01-06,Warsaw,5100065,52.22886,21.003234,Budapest,5500728,47.510706,19.057466,751277.2858353363,False
5100065,8300262,Warszawa Centralna,Roma Tiburtina,1270,8,,2026-01-06,Warsaw,5100065,52.22886,21.003234,Rome,8300262,41.91107,12.53146,1735592.2418269485,False
5100065,8300047,Warszawa Centralna,Milano Porta Garibaldi,1221,8,,2026-01-06,Warsaw,5100065,52.22886,21.003234,Milan,8300047,45.484437,9.18729699,1482292.8299837057,False
5100065,8300522,Warszawa Centralna,Torino Porta Susa,1259,8,,2026-01-06,Warsaw,5100065,52.22886,21.003234,Turin,8300522,45.071833,7.665169,1619015.3858911395,False
5100065,8300153,Warszawa Centralna,Genova Piazza Principe,1299,8,,2026-01-06,Warsaw,5100065,52.22886,21.003234,Genoa,8300153,44.417504,8.922075,1608706.301888584,False
5100065,8200100,Warszawa Centralna,Luxembourg,825,6,,2026-01-06,Warsaw,5100065,52.22886,21.003234,Luxembourg,8200100,49.599714,6.134396,1314978.231939826,False
5100065,8400597,Warszawa Centralna,Tilburg,766,8,,2026-01-06,Warsaw,5100065,52.22886,21.003234,Tilburg,8400597,51.56061,5.083787,1205901.0663064888,False
5100065,8400058,Warszawa Centralna,Amsterdam Centraal,749,4,,2026-01-06,Warsaw,5100065,52.22886,21.003234,Amsterdam,8400058,52.37919,4.899431,1197754.283126528,False
5100065,8400530,Warszawa Centralna,Rotterdam Centraal,760,6,,2026-01-06,Warsaw,5100065,52.22886,21.003234,Rotterdam,8400530,51.924802,4.468769,1229420.6843694225,False
5100065,5100028,Warszawa Centralna,Krakow Glowny,152,0,,2026-01-06,Warsaw,5100065,52.22886,21.003234,Kraków,5100028,50.067194,19.947426,292956.0238095939,False
5100065,5100069,Warszawa Centralna,Wroclaw Glowny,228,2,,2026-01-06,Warsaw,5100065,52.22886,21.003234,Wrocław,5100069,51.098078,17.037088,392878.4487920078,False
5100065,5100081,Warszawa Centralna,Poznan Glowny,144,0,,2026-01-06,Warsaw,5100065,52.22886,21.003234,Poznań,5100081,52.401993,16.91087,300875.1171315176,False
5100065,7400002,Warszawa Centralna,Stockholm Central,1428,6,,2026-01-06,Warsaw,5100065,52.22886,21.003234,Stockholm,7400002,59.330014,18.05763,1925527.67515178,False
5100065,7900003,Warszawa Centralna,Ljubljana,964,8,,2026-01-06,Warsaw,5100065,52.22886,21.003234,Ljubljana,7900003,46.058691,14.512937,1085387.0972790446,False
5100065,5600207,Warszawa Centralna,Bratislava hl.st.,478,2,,2026-01-06,Warsaw,5100065,52.22886,21.003234,Bratislava,5600207,48.15891,17.106466,635552.5782178919,False
5100028,8103000,Krakow Glowny,Wien Hbf,328,0,,2026-01-06,Kraków,5100028,50.067194,19.947426,Vienna,8103000,48.185101,16.377113,418283.40736233245,False
5100028,8800004,Krakow Glowny,Bruxelles Midi,865,4,,2026-01-06,Kraków,5100028,50.067194,19.947426,Brussels,8800004,50.835376,4.335694,1298342.7423794202,False
5100028,8800007,Krakow Glowny,Antwerpen Centraal,916,8,,2026-01-06,Kraków,5100028,50.067194,19.947426,Antwerp,8800007,51.215811,4.421168,1269854.3470660583,False
5100028,5400014,Krakow Glowny,Praha hl.n.,357,2,,2026-01-06,Kraków,5100028,50.067194,19.947426,Prague,5400014,50.083062,14.436039,478177.2555274201,False
5100028,8011160,Krakow Glowny,Berlin Hbf,441,0,,2026-01-06,Kraków,5100028,50.067194,19.947426,Berlin,8011160,52.525592,13.369545,591230.152792367,False
5100028,8000096,Krakow Glowny,Stuttgart Hbf,718,6,,2026-01-06,Kraków,5100028,50.067194,19.947426,Stuttgart,8000096,48.78478,9.182757,1012317.0654631868,False
5100028,8000261,Krakow Glowny,München Hbf,595,4,,2026-01-06,Kraków,5100028,50.067194,19.947426,Munich,8000261,48.140232,11.558335,839706.8525088853,False
5100028,8002549,Krakow Glowny,Hamburg Hbf,616,4,,2026-01-06,Kraków,5100028,50.067194,19.947426,Hamburg,8002549,53.552736,10.006909,874607.6725033931,False
5100028,8003368,Krakow Glowny,Köln Messe/Deutz,717,6,,2026-01-06,Kraków,5100028,50.067194,19.947426,Cologne,8003368,50.940874,6.975001,1097583.468207536,False
5100028,8000105,Krakow Glowny,Frankfurt(Main)Hbf,642,2,,2026-01-06,Kraków,5100028,50.067194,19.947426,Frankfurt,8000105,50.1066819,8.66282825,982869.7889024224,False
5100028,8000085,Krakow Glowny,Düsseldorf Hbf,732,4,,2026-01-06,Kraków,5100028,50.067194,19.947426,Düsseldorf,8000085,51.219962,6.794319,1079903.8296316294,False
5100028,8010205,Krakow Glowny,Leipzig Hbf,429,0,,2026-01-06,Kraków,5100028,50.067194,19.947426,Leipzig,8010205,51.3454712,12.3820639,608657.7729517707,False
5100028,8000080,Krakow Glowny,Dortmund Hbf,675,4,,2026-01-06,Kraków,5100028,50.067194,19.947426,Dortmund,8000080,51.517896,7.45929,1019433.0695228014,False
5100028,8000098,Krakow Glowny,Essen Hbf,700,4,,2026-01-06,Kraków,5100028,50.067194,19.947426,Essen,8000098,51.451355,7.014793,1050157.865393967,False
5100028,8000050,Krakow Glowny,Bremen Hbf,652,4,,2026-01-06,Kraków,5100028,50.067194,19.947426,Bremen,8000050,53.083481,8.813834,926531.3093288277,False
5100028,8010085,Krakow Glowny,Dresden Hbf,432,4,,2026-01-06,Kraków,5100028,50.067194,19.947426,Dresden,8010085,51.040563,13.732035,525756.7778357469,False
5100028,8000152,Krakow Glowny,Hannover Hbf,573,4,,2026-01-06,Kraków,5100028,50.067194,19.947426,Hannover,8000152,52.376761,9.741021,824931.403105857,False
5100028,8000284,Krakow Glowny,Nürnberg Hbf,567,4,,2026-01-06,Kraków,5100028,50.067194,19.947426,Nuremberg,8000284,49.445616,11.082989,822161.6911631235,False
5100028,8000086,Krakow Glowny,Duisburg Hbf,713,4,,2026-01-06,Kraków,5100028,50.067194,19.947426,Duisburg,8000086,51.429785,6.775903,1069417.8671265396,False
5100028,8601242,Krakow Glowny,Koebenhavns Lufthavn st,978,6,,2026-01-06,Kraków,5100028,50.067194,19.947426,Copenhagen,8601242,55.629605,12.649382,1369017.7257556303,False
5100028,7100064,Krakow Glowny,Barcelona Sants,1750,8,,2026-01-06,Kraków,5100028,50.067194,19.947426,Barcelona,7100064,41.378914,2.140369,2228839.291521951,False
5100028,8700047,Krakow Glowny,Bordeaux-St-Jean,1235,4,,2026-01-06,Kraków,5100028,50.067194,19.947426,Bordeaux,8700047,44.826486,-0.55592,2104038.3770281416,True
5100028,8700074,Krakow Glowny,Marseille-St-Charles,1328,4,,2026-01-06,Kraków,5100028,50.067194,19.947426,Marseille,8700074,43.303812,5.38195,1764736.0857019413,False
5100028,8700152,Krakow Glowny,Lyon Part Dieu,1142,6,,2026-01-06,Kraków,5100028,50.067194,19.947426,Lyon,8700152,45.760564,4.85999,1582807.5618258005,False
5100028,8700065,Krakow Glowny,Toulouse-Matabiau,1451,4,,2026-01-06,Kraków,5100028,50.067194,19.947426,Toulouse,8700065,43.611406,1.453939,2132295.238773834,False
5100028,7800020,Krakow Glowny,Zagreb Glavni kolodvor,1124,6,,2026-01-06,Kraków,5100028,50.067194,19.947426,Zagreb,7800020,45.8044381,15.9787052,773880.0236214596,False
5100028,5500728,Krakow Glowny,Budapest-Nyugati,487,2,,2026-01-06,Kraków,5100028,50.067194,19.947426,Budapest,5500728,47.510706,19.057466,499135.7083662695,False
5100028,8300262,Krakow Glowny,Roma Tiburtina,1134,6,,2026-01-06,Kraków,5100028,50.067194,19.947426,Rome,8300262,41.91107,12.53146,1496807.278561777,False
5100028,8300047,Krakow Glowny,Milano Porta Garibaldi,1141,8,,2026-01-06,Kraków,5100028,50.067194,19.947426,Milan,8300047,45.484437,9.18729699,1243507.866718532,False
5100028,8300522,Krakow Glowny,Torino Porta Susa,1197,8,,2026-01-06,Kraków,5100028,50.067194,19.947426,Turin,8300522,45.071833,7.665169,1380230.422625966,False
5100028,8300153,Krakow Glowny,Genova Piazza Principe,1244,8,,2026-01-06,Kraków,5100028,50.067194,19.947426,Genoa,8300153,44.417504,8.922075,1369921.3386234103,False
5100028,8200100,Krakow Glowny,Luxembourg,1228,8,,2026-01-06,Kraków,5100028,50.067194,19.947426,Luxembourg,8200100,49.599714,6.134396,1262508.206725456,False
5100028,8400597,Krakow Glowny,Tilburg,979,6,,2026-01-06,Kraków,5100028,50.067194,19.947426,Tilburg,8400597,51.56061,5.083787,1207633.4007483192,False
5100028,8400058,Krakow Glowny,Amsterdam Centraal,1159,6,,2026-01-06,Kraków,5100028,50.067194,19.947426,Amsterdam,8400058,52.37919,4.899431,1199486.6175683583,False
5100028,8400530,Krakow Glowny,Rotterdam Centraal,915,8,,2026-01-06,Kraków,5100028,50.067194,19.947426,Rotterdam,8400530,51.924802,4.468769,1231153.018811253,False
5100028,5100065,Krakow Glowny,Warszawa Centralna,148,0,,2026-01-06,Kraków,5100028,50.067194,19.947426,Warsaw,5100065,52.22886,21.003234,292956.0238095944,False
5100028,5100069,Krakow Glowny,Wroclaw Glowny,180,0,,2026-01-06,Kraków,5100028,50.067194,19.947426,Wrocław,5100069,51.098078,17.037088,255738.37404857852,False
5100028,5100081,Krakow Glowny,Poznan Glowny,291,0,,2026-01-06,Kraków,5100028,50.067194,19.947426,Poznań,5100081,52.401993,16.91087,390867.8250336833,False
5100028,7400002,Krakow Glowny,Stockholm Central,1438,8,,2026-01-06,Kraków,5100028,50.067194,19.947426,Stockholm,7400002,59.330014,18.05763,1995326.481853675,False
5100028,7900003,Krakow Glowny,Ljubljana,708,4,,2026-01-06,Kraków,5100028,50.067194,19.947426,Ljubljana,7900003,46.058691,14.512937,846602.1340138789,False
5100028,5600207,Krakow Glowny,Bratislava hl.st.,341,2,,2026-01-06,Kraków,5100028,50.067194,19.947426,Bratislava,5600207,48.15891,17.106466,396767.61495272344,False
5100069,8103000,Wroclaw Glowny,Wien Hbf,334,0,,2026-01-06,Wrocław,5100069,51.098078,17.037088,Vienna,8103000,48.185101,16.377113,422740.9752035208,False
5100069,8800004,Wroclaw Glowny,Bruxelles Midi,662,6,,2026-01-06,Wrocław,5100069,51.098078,17.037088,Brussels,8800004,50.835376,4.335694,1042611.5300691312,False
5100069,8800007,Wroclaw Glowny,Antwerpen Centraal,714,8,,2026-01-06,Wrocław,5100069,51.098078,17.037088,Antwerp,8800007,51.215811,4.421168,1014123.1347557724,False
5100069,5400014,Wroclaw Glowny,Praha hl.n.,241,0,,2026-01-06,Wrocław,5100069,51.098078,17.037088,Prague,5400014,50.083062,14.436039,291135.38256327325,False
5100069,8011160,Wroclaw Glowny,Berlin Hbf,239,2,,2026-01-06,Wrocław,5100069,51.098078,17.037088,Berlin,8011160,52.525592,13.369545,335498.9404820828,False
5100069,8000096,Wroclaw Glowny,Stuttgart Hbf,500,6,,2026-01-06,Wrocław,5100069,51.098078,17.037088,Stuttgart,8000096,48.78478,9.182757,808631.7888551897,False
5100069,8000261,Wroclaw Glowny,München Hbf,424,4,,2026-01-06,Wrocław,5100069,51.098078,17.037088,Munich,8000261,48.140232,11.558335,701009.5632516834,False
5100069,8002549,Wroclaw Glowny,Hamburg Hbf,398,4,,2026-01-06,Wrocław,5100069,51.098078,17.037088,Hamburg,8002549,53.552736,10.006909,618876.4601931047,False
5100069,8000105,Wroclaw Glowny,Frankfurt(Main)Hbf,424,2,,2026-01-06,Wrocław,5100069,51.098078,17.037088,Frankfurt,8000105,50.1066819,8.66282825,727138.5765921406,False
5100069,8000085,Wroclaw Glowny,Düsseldorf Hbf,514,4,,2026-01-06,Wrocław,5100069,51.098078,17.037088,Düsseldorf,8000085,51.219962,6.794319,824172.6173213413,False
5100069,8010205,Wroclaw Glowny,Leipzig Hbf,211,0,,2026-01-06,Wrocław,5100069,51.098078,17.037088,Leipzig,8010205,51.3454712,12.3820639,352926.56064148585,False
5100069,8000080,Wroclaw Glowny,Dortmund Hbf,457,4,,2026-01-06,Wrocław,5100069,51.098078,17.037088,Dortmund,8000080,51.517896,7.45929,763701.8572125126,False
5100069,8000098,Wroclaw Glowny,Essen Hbf,482,4,,2026-01-06,Wrocław,5100069,51.098078,17.037088,Essen,8000098,51.451355,7.014793,794426.6530836781,False
5100069,8000050,Wroclaw Glowny,Bremen Hbf,432,4,,2026-01-06,Wrocław,5100069,51.098078,17.037088,Bremen,8000050,53.083481,8.813834,670800.0970185418,False
5100069,8010085,Wroclaw Glowny,Dresden Hbf,191,2,,2026-01-06,Wrocław,5100069,51.098078,17.037088,Dresden,8010085,51.040563,13.732035,270025.5655254639,False
5100069,8000152,Wroclaw Glowny,Hannover Hbf,355,4,,2026-01-06,Wrocław,5100069,51.098078,17.037088,Hannover,8000152,52.376761,9.741021,569200.190795572,False
5100069,8000284,Wroclaw Glowny,Nürnberg Hbf,349,4,,2026-01-06,Wrocław,5100069,51.098078,17.037088,Nuremberg,8000284,49.445616,11.082989,618477.6830867844,False
5100069,8000086,Wroclaw Glowny,Duisburg Hbf,495,4,,2026-01-06,Wrocław,5100069,51.098078,17.037088,Duisburg,8000086,51.429785,6.775903,813686.6548162508,False
5100069,8601242,Wroclaw Glowny,Koebenhavns Lufthavn st,775,8,,2026-01-06,Wrocław,5100069,51.098078,17.037088,Copenhagen,8601242,55.629605,12.649382,1113286.5134453457,False
5100069,7100064,Wroclaw Glowny,Barcelona Sants,1690,8,,2026-01-06,Wrocław,5100069,51.098078,17.037088,Barcelona,7100064,41.378914,2.140369,2031304.455865398,False
5100069,8700047,Wroclaw Glowny,Bordeaux-St-Jean,1038,4,,2026-01-06,Wrocław,5100069,51.098078,17.037088,Bordeaux,8700047,44.826486,-0.55592,1848307.1647178545,True
5100069,8700074,Wroclaw Glowny,Marseille-St-Charles,1290,7,,2026-01-06,Wrocław,5100069,51.098078,17.037088,Marseille,8700074,43.303812,5.38195,1705145.3259811944,False
5100069,8700152,Wroclaw Glowny,Lyon Part Dieu,1191,8,,2026-01-06,Wrocław,5100069,51.098078,17.037088,Lyon,8700152,45.760564,4.85999,1385272.726169245,False
5100069,8700065,Wroclaw Glowny,Toulouse-Matabiau,1254,4,,2026-01-06,Wrocław,5100069,51.098078,17.037088,Toulouse,8700065,43.611406,1.453939,1926326.6185128205,False
5100069,7800020,Wroclaw Glowny,Zagreb Glavni kolodvor,787,6,,2026-01-06,Wrocław,5100069,51.098078,17.037088,Zagreb,7800020,45.8044381,15.9787052,781406.0795636713,False
5100069,5500728,Wroclaw Glowny,Budapest-Nyugati,487,2,,2026-01-06,Wrocław,5100069,51.098078,17.037088,Budapest,5500728,47.510706,19.057466,579066.5606228601,False
5100069,8300262,Wroclaw Glowny,Roma Tiburtina,1119,6,,2026-01-06,Wrocław,5100069,51.098078,17.037088,Rome,8300262,41.91107,12.53146,1501264.8464029653,False
5100069,8300522,Wroclaw Glowny,Torino Porta Susa,1190,6,,2026-01-06,Wrocław,5100069,51.098078,17.037088,Turin,8300522,45.071833,7.665169,1344640.997709745,False
5100069,8300153,Wroclaw Glowny,Genova Piazza Principe,1229,8,,2026-01-06,Wrocław,5100069,51.098078,17.037088,Genoa,8300153,44.417504,8.922075,1374378.9064645988,False
5100069,8200100,Wroclaw Glowny,Luxembourg,677,8,,2026-01-06,Wrocław,5100069,51.098078,17.037088,Luxembourg,8200100,49.599714,6.134396,1006776.9944151666,False
5100069,8400597,Wroclaw Glowny,Tilburg,653,6,,2026-01-06,Wrocław,5100069,51.098078,17.037088,Tilburg,8400597,51.56061,5.083787,951902.1884380396,False
5100069,8400058,Wroclaw Glowny,Amsterdam Centraal,628,4,,2026-01-06,Wrocław,5100069,51.098078,17.037088,Amsterdam,8400058,52.37919,4.899431,943755.4052580812,False
5100069,8400530,Wroclaw Glowny,Rotterdam Centraal,652,8,,2026-01-06,Wrocław,5100069,51.098078,17.037088,Rotterdam,8400530,51.924802,4.468769,975421.806500976,False
5100069,5100065,Wroclaw Glowny,Warszawa Centralna,230,2,,2026-01-06,Wrocław,5100069,51.098078,17.037088,Warsaw,5100065,52.22886,21.003234,392878.4487920083,False
5100069,5100028,Wroclaw Glowny,Krakow Glowny,169,0,,2026-01-06,Wrocław,5100069,51.098078,17.037088,Kraków,5100028,50.067194,19.947426,255738.37404857855,False
5100069,5100081,Wroclaw Glowny,Poznan Glowny,79,0,,2026-01-06,Wrocław,5100069,51.098078,17.037088,Poznań,5100081,52.401993,16.91087,164603.06831363533,False
5100069,7400002,Wroclaw Glowny,Stockholm Central,1226,6,,2026-01-06,Wrocław,5100069,51.098078,17.037088,Stockholm,7400002,59.330014,18.05763,1739595.2695433905,False
5100069,7900003,Wroclaw Glowny,Ljubljana,683,6,,2026-01-06,Wrocław,5100069,51.098078,17.037088,Ljubljana,7900003,46.058691,14.512937,851059.7018550676,False
5100069,5600207,Wroclaw Glowny,Bratislava hl.st.,347,2,,2026-01-06,Wrocław,5100069,51.098078,17.037088,Bratislava,5600207,48.15891,17.106466,415473.3302253556,False
5100081,8103000,Poznan Glowny,Wien Hbf,434,6,,2026-01-06,Poznań,5100081,52.401993,16.91087,Vienna,8103000,48.185101,16.377113,587336.8817788585,False
5100081,8800004,Poznan Glowny,Bruxelles Midi,608,4,,2026-01-06,Poznań,5100081,52.401993,16.91087,Brussels,8800004,50.835376,4.335694,1009973.2143778153,False
5100081,8800007,Poznan Glowny,Antwerpen Centraal,639,6,,2026-01-06,Poznań,5100081,52.401993,16.91087,Antwerp,8800007,51.215811,4.421168,981484.8190644562,False
5100081,5400014,Poznan Glowny,Praha hl.n.,339,2,,2026-01-06,Poznań,5100081,52.401993,16.91087,Prague,5400014,50.083062,14.436039,440814.22769159894,False
5100081,8011160,Poznan Glowny,Berlin Hbf,169,0,,2026-01-06,Poznań,5100081,52.401993,16.91087,Berlin,8011160,52.525592,13.369545,268212.9679414181,False
5100081,8000096,Poznan Glowny,Stuttgart Hbf,506,4,,2026-01-06,Poznań,5100081,52.401993,16.91087,Stuttgart,8000096,48.78478,9.182757,856051.9350074861,False
5100081,8000261,Poznan Glowny,München Hbf,424,2,,2026-01-06,Poznań,5100081,52.401993,16.91087,Munich,8000261,48.140232,11.558335,835488.8367714126,False
5100081,8002549,Poznan Glowny,Hamburg Hbf,344,2,,2026-01-06,Poznań,5100081,52.401993,16.91087,Hamburg,8002549,53.552736,10.006909,551590.4876524392,True
5100081,8003368,Poznan Glowny,Köln Messe/Deutz,476,4,,2026-01-06,Poznań,5100081,52.401993,16.91087,Cologne,8003368,50.940874,6.975001,815985.315715109,False
5100081,8000105,Poznan Glowny,Frankfurt(Main)Hbf,437,2,,2026-01-06,Poznań,5100081,52.401993,16.91087,Frankfurt,8000105,50.1066819,8.66282825,737049.9970553139,False
5100081,8000085,Poznan Glowny,Düsseldorf Hbf,460,2,,2026-01-06,Poznań,5100081,52.401993,16.91087,Düsseldorf,8000085,51.219962,6.794319,797056.1804047733,False
5100081,8010205,Poznan Glowny,Leipzig Hbf,255,2,,2026-01-06,Poznań,5100081,52.401993,16.91087,Leipzig,8010205,51.3454712,12.3820639,365261.7326688273,False
5100081,8000080,Poznan Glowny,Dortmund Hbf,403,2,,2026-01-06,Poznań,5100081,52.401993,16.91087,Dortmund,8000080,51.517896,7.45929,727844.5803990581,False
5100081,8000098,Poznan Glowny,Essen Hbf,428,2,,2026-01-06,Poznań,5100081,52.401993,16.91087,Essen,8000098,51.451355,7.014793,761788.337392362,False
5100081,8000050,Poznan Glowny,Bremen Hbf,378,2,,2026-01-06,Poznań,5100081,52.401993,16.91087,Bremen,8000050,53.083481,8.813834,603514.1244778773,False
5100081,8010085,Poznan Glowny,Dresden Hbf,280,2,,2026-01-06,Poznań,5100081,52.401993,16.91087,Dresden,8010085,51.040563,13.732035,332891.98015677265,False
5100081,8000152,Poznan Glowny,Hannover Hbf,293,2,,2026-01-06,Poznań,5100081,52.401993,16.91087,Hannover,8000152,52.376761,9.741021,520550.1622032418,False
5100081,8000284,Poznan Glowny,Nürnberg Hbf,355,2,,2026-01-06,Poznań,5100081,52.401993,16.91087,Nuremberg,8000284,49.445616,11.082989,669650.2997927504,False
5100081,8000086,Poznan Glowny,Duisburg Hbf,441,2,,2026-01-06,Poznań,5100081,52.401993,16.91087,Duisburg,8000086,51.429785,6.775903,781048.3391249346,False
5100081,8601242,Poznan Glowny,Koebenhavns Lufthavn st,716,4,,2026-01-06,Poznań,5100081,52.401993,16.91087,Copenhagen,8601242,55.629605,12.649382,1000422.2463727738,False
5100081,7100064,Poznan Glowny,Barcelona Sants,1436,8,,2026-01-06,Poznań,5100081,52.401993,16.91087,Barcelona,7100064,41.378914,2.140369,2041215.8763285717,False
5100081,8700047,Poznan Glowny,Bordeaux-St-Jean,1067,6,,2026-01-06,Poznań,5100081,52.401993,16.91087,Bordeaux,8700047,44.826486,-0.55592,1843043.350553661,True
5100081,8700074,Poznan Glowny,Marseille-St-Charles,1296,7,,2026-01-06,Poznań,5100081,52.401993,16.91087,Marseille,8700074,43.303812,5.38195,1715056.746444368,False
5100081,8700152,Poznan Glowny,Lyon Part Dieu,824,4,,2026-01-06,Poznań,5100081,52.401993,16.91087,Lyon,8700152,45.760564,4.85999,1395184.1466324187,False
5100081,8700065,Poznan Glowny,Toulouse-Matabiau,1109,4,,2026-01-06,Poznań,5100081,52.401993,16.91087,Toulouse,8700065,43.611406,1.453939,1936238.0389759936,False
5100081,7800020,Poznan Glowny,Zagreb Glavni kolodvor,995,6,,2026-01-06,Poznań,5100081,52.401993,16.91087,Zagreb,7800020,45.8044381,15.9787052,946001.9861390088,False
5100081,5500728,Poznan Glowny,Budapest-Nyugati,566,2,,2026-01-06,Poznań,5100081,52.401993,16.91087,Budapest,5500728,47.510706,19.057466,741067.8680873562,False
5100081,8300262,Poznan Glowny,Roma Tiburtina,1222,8,,2026-01-06,Poznań,5100081,52.401993,16.91087,Rome,8300262,41.91107,12.53146,1665860.752978305,False
5100081,8300047,Poznan Glowny,Milano Porta Garibaldi,1160,8,,2026-01-06,Poznań,5100081,52.401993,16.91087,Milan,8300047,45.484437,9.18729699,1298317.7118715534,False
5100081,8300522,Poznan Glowny,Torino Porta Susa,1216,8,,2026-01-06,Poznań,5100081,52.401993,16.91087,Turin,8300522,45.071833,7.665169,1406023.131519839,False
5100081,8300153,Poznan Glowny,Genova Piazza Principe,1157,8,,2026-01-06,Poznań,5100081,52.401993,16.91087,Genoa,8300153,44.417504,8.922075,1436497.708776577,False
5100081,8200100,Poznan Glowny,Luxembourg,678,6,,2026-01-06,Poznań,5100081,52.401993,16.91087,Luxembourg,8200100,49.599714,6.134396,1016177.7581805268,False
5100081,8400597,Poznan Glowny,Tilburg,599,4,,2026-01-06,Poznań,5100081,52.401993,16.91087,Tilburg,8400597,51.56061,5.083787,907100.5925471928,False
5100081,8400058,Poznan Glowny,Amsterdam Centraal,574,2,,2026-01-06,Poznań,5100081,52.401993,16.91087,Amsterdam,8400058,52.37919,4.899431,898953.8093672344,False
5100081,8400530,Poznan Glowny,Rotterdam Centraal,598,6,,2026-01-06,Poznań,5100081,52.401993,16.91087,Rotterdam,8400530,51.924802,4.468769,930620.2106101288,False
5100081,5100065,Poznan Glowny,Warszawa Centralna,137,0,,2026-01-06,Poznań,5100081,52.401993,16.91087,Warsaw,5100065,52.22886,21.003234,300875.1171315177,False
5100081,5100028,Poznan Glowny,Krakow Glowny,268,2,,2026-01-06,Poznań,5100081,52.401993,16.91087,Kraków,5100028,50.067194,19.947426,390867.82503368275,False
5100081,5100069,Poznan Glowny,Wroclaw Glowny,77,0,,2026-01-06,Poznań,5100081,52.401993,16.91087,Wrocław,5100069,51.098078,17.037088,164603.0683136349,False
5100081,7400002,Poznan Glowny,Stockholm Central,1497,6,,2026-01-06,Poznań,5100081,52.401993,16.91087,Stockholm,7400002,59.330014,18.05763,1626731.0024708146,False
5100081,7900003,Poznan Glowny,Ljubljana,809,8,,2026-01-06,Poznań,5100081,52.401993,16.91087,Ljubljana,7900003,46.058691,14.512937,1015655.608430404,False
5100081,5600207,Poznan Glowny,Bratislava hl.st.,451,4,,2026-01-06,Poznań,5100081,52.401993,16.91087,Bratislava,5600207,48.15891,17.106466,580069.2368006957,False
7400002,8103000,Stockholm Central,Wien Hbf,1279,4,,2026-01-06,Stockholm,7400002,59.330014,18.05763,Vienna,8103000,48.185101,16.377113,2090854.0435658311,False
7400002,8800004,Stockholm Central,Bruxelles Midi,1207,4,,2026-01-06,Stockholm,7400002,59.330014,18.05763,Brussels,8800004,50.835376,4.335694,1728360.7659732092,False
7400002,8800007,Stockholm Central,Antwerpen Centraal,1238,6,,2026-01-06,Stockholm,7400002,59.330014,18.05763,Antwerp,8800007,51.215811,4.421168,1693006.291410358,False
7400002,5400014,Stockholm Central,Praha hl.n.,1197,6,,2026-01-06,Stockholm,7400002,59.330014,18.05763,Prague,5400014,50.083062,14.436039,1781211.0351286973,False
7400002,8011160,Stockholm Central,Berlin Hbf,894,6,,2026-01-06,Stockholm,7400002,59.330014,18.05763,Berlin,8011160,52.525592,13.369545,1407069.1583147126,False
7400002,8000096,Stockholm Central,Stuttgart Hbf,1123,4,,2026-01-06,Stockholm,7400002,59.330014,18.05763,Stuttgart,8000096,48.78478,9.182757,1804222.1380833408,False
7400002,8000261,Stockholm Central,München Hbf,1094,2,,2026-01-06,Stockholm,7400002,59.330014,18.05763,Munich,8000261,48.140232,11.558335,1885127.120535796,False
7400002,8002549,Stockholm Central,Hamburg Hbf,702,4,,2026-01-06,Stockholm,7400002,59.330014,18.05763,Hamburg,8002549,53.552736,10.006909,1136872.6602440483,False
7400002,8003368,Stockholm Central,Köln Messe/Deutz,1016,6,,2026-01-06,Stockholm,7400002,59.330014,18.05763,Cologne,8003368,50.940874,6.975001,1552052.9115166191,False
7400002,8000105,Stockholm Central,Frankfurt(Main)Hbf,1006,2,,2026-01-06,Stockholm,7400002,59.330014,18.05763,Frankfurt,8000105,50.1066819,8.66282825,1639312.985501377,False
7400002,8000085,Stockholm Central,Düsseldorf Hbf,999,4,,2026-01-06,Stockholm,7400002,59.330014,18.05763,Düsseldorf,8000085,51.219962,6.794319,1522987.5112666204,False
7400002,8010205,Stockholm Central,Leipzig Hbf,1007,4,,2026-01-06,Stockholm,7400002,59.330014,18.05763,Leipzig,8010205,51.3454712,12.3820639,1498782.6470939843,False
7400002,8000080,Stockholm Central,Dortmund Hbf,942,4,,2026-01-06,Stockholm,7400002,59.330014,18.05763,Dortmund,8000080,51.517896,7.45929,1463893.9850659764,False
7400002,8000098,Stockholm Central,Essen Hbf,967,4,,2026-01-06,Stockholm,7400002,59.330014,18.05763,Essen,8000098,51.451355,7.014793,1491166.766482835,False
7400002,8000050,Stockholm Central,Bremen Hbf,787,6,,2026-01-06,Stockholm,7400002,59.330014,18.05763,Bremen,8000050,53.083481,8.813834,1252118.5323841372,False
7400002,8010085,Stockholm Central,Dresden Hbf,1059,6,,2026-01-06,Stockholm,7400002,59.330014,18.05763,Dresden,8010085,51.040563,13.732035,1585108.405490132,False
7400002,8000152,Stockholm Central,Hannover Hbf,814,6,,2026-01-06,Stockholm,7400002,59.330014,18.05763,Hannover,8000152,52.376761,9.741021,1301739.2752485075,False
7400002,8000284,Stockholm Central,Nürnberg Hbf,1017,2,,2026-01-06,Stockholm,7400002,59.330014,18.05763,Nuremberg,8000284,49.445616,11.082989,1714523.8116707215,False
7400002,8000086,Stockholm Central,Duisburg Hbf,981,4,,2026-01-06,Stockholm,7400002,59.330014,18.05763,Duisburg,8000086,51.429785,6.775903,1499392.4616787962,False
7400002,8601242,Stockholm Central,Koebenhavns Lufthavn st,357,2,,2026-01-06,Stockholm,7400002,59.330014,18.05763,Copenhagen,8601242,55.629605,12.649382,626383.9221028254,True
7400002,7100064,Stockholm Central,Barcelona Sants,2588,6,,2026-01-06,Stockholm,7400002,59.330014,18.05763,Barcelona,7100064,41.378914,2.140369,2926862.134001498,False
7400002,8700047,Stockholm Central,Bordeaux-St-Jean,1426,6,,2026-01-06,Stockholm,7400002,59.330014,18.05763,Bordeaux,8700047,44.826486,-0.55592,2561752.4674531375,True
7400002,8700074,Stockholm Central,Marseille-St-Charles,1501,6,,2026-01-06,Stockholm,7400002,59.330014,18.05763,Marseille,8700074,43.303812,5.38195,2600703.004117286,False
7400002,8700152,Stockholm Central,Lyon Part Dieu,1408,6,,2026-01-06,Stockholm,7400002,59.330014,18.05763,Lyon,8700152,45.760564,4.85999,2280830.404305343,False
7400002,8700065,Stockholm Central,Toulouse-Matabiau,1572,6,,2026-01-06,Stockholm,7400002,59.330014,18.05763,Toulouse,8700065,43.611406,1.453939,2733379.3019402293,False
7400002,7800020,Stockholm Central,Zagreb Glavni kolodvor,1732,6,,2026-01-06,Stockholm,7400002,59.330014,18.05763,Zagreb,7800020,45.8044381,15.9787052,2425111.6861617956,False
7400002,5500728,Stockholm Central,Budapest-Nyugati,1521,7,,2026-01-06,Stockholm,7400002,59.330014,18.05763,Budapest,5500728,47.510706,19.057466,2296839.2433885564,False
7400002,8300047,Stockholm Central,Milano Porta Garibaldi,1493,8,,2026-01-06,Stockholm,7400002,59.330014,18.05763,Milan,8300047,45.484437,9.18729699,2270910.336687968,False
7400002,8300522,Stockholm Central,Torino Porta Susa,1586,8,,2026-01-06,Stockholm,7400002,59.330014,18.05763,Turin,8300522,45.071833,7.665169,2371175.934571811,False
7400002,8300153,Stockholm Central,Genova Piazza Principe,1576,8,,2026-01-06,Stockholm,7400002,59.330014,18.05763,Genoa,8300153,44.417504,8.922075,2409090.333593005,False
7400002,8200100,Stockholm Central,Luxembourg,1247,6,,2026-01-06,Stockholm,7400002,59.330014,18.05763,Luxembourg,8200100,49.599714,6.134396,1783126.905085096,False
7400002,8400597,Stockholm Central,Tilburg,1138,6,,2026-01-06,Stockholm,7400002,59.330014,18.05763,Tilburg,8400597,51.56061,5.083787,1612269.374733123,False
7400002,8400058,Stockholm Central,Amsterdam Centraal,1111,4,,2026-01-06,Stockholm,7400002,59.330014,18.05763,Amsterdam,8400058,52.37919,4.899431,1604122.591553162,False
7400002,8400530,Stockholm Central,Rotterdam Centraal,1152,8,,2026-01-06,Stockholm,7400002,59.330014,18.05763,Rotterdam,8400530,51.924802,4.468769,1635788.9927960564,False
7400002,5100065,Stockholm Central,Warszawa Centralna,1451,6,,2026-01-06,Stockholm,7400002,59.330014,18.05763,Warsaw,5100065,52.22886,21.003234,1925527.675151784,False
7400002,5100028,Stockholm Central,Krakow Glowny,1467,8,,2026-01-06,Stockholm,7400002,59.330014,18.05763,Kraków,5100028,50.067194,19.947426,1995326.481853664,False
7400002,5100069,Stockholm Central,Wroclaw Glowny,1261,6,,2026-01-06,Stockholm,7400002,59.330014,18.05763,Wrocław,5100069,51.098078,17.037088,1739595.2695433805,False
7400002,5100081,Stockholm Central,Poznan Glowny,1560,6,,2026-01-06,Stockholm,7400002,59.330014,18.05763,Poznań,5100081,52.401993,16.91087,1626731.002470815,False
7400002,7900003,Stockholm Central,Ljubljana,1481,6,,2026-01-06,Stockholm,7400002,59.330014,18.05763,Ljubljana,7900003,46.058691,14.512937,2283871.041207671,False
7400002,5600207,Stockholm Central,Bratislava hl.st.,1362,6,,2026-01-06,Stockholm,7400002,59.330014,18.05763,Bratislava,5600207,48.15891,17.106466,2101205.8972603455,False
7900003,8103000,Ljubljana,Wien Hbf,332,2,,2026-01-06,Ljubljana,7900003,46.058691,14.512937,Vienna,8103000,48.185101,16.377113,431410.9882861345,False
7900003,8800004,Ljubljana,Bruxelles Midi,840,4,,2026-01-06,Ljubljana,7900003,46.058691,14.512937,Brussels,8800004,50.835376,4.335694,1192078.8802300254,False
7900003,8800007,Ljubljana,Antwerpen Centraal,864,6,,2026-01-06,Ljubljana,7900003,46.058691,14.512937,Antwerp,8800007,51.215811,4.421168,1195567.017165864,False
7900003,5400014,Ljubljana,Praha hl.n.,588,2,,2026-01-06,Ljubljana,7900003,46.058691,14.512937,Prague,5400014,50.083062,14.436039,692595.8873928391,False
7900003,8011160,Ljubljana,Berlin Hbf,647,4,,2026-01-06,Ljubljana,7900003,46.058691,14.512937,Berlin,8011160,52.525592,13.369545,965526.8183016132,False
7900003,8000096,Ljubljana,Stuttgart Hbf,490,4,,2026-01-06,Ljubljana,7900003,46.058691,14.512937,Stuttgart,8000096,48.78478,9.182757,663267.3646641993,False
7900003,8000261,Ljubljana,München Hbf,366,2,,2026-01-06,Ljubljana,7900003,46.058691,14.512937,Munich,8000261,48.140232,11.558335,431704.0612164669,False
7900003,8002549,Ljubljana,Hamburg Hbf,742,4,,2026-01-06,Ljubljana,7900003,46.058691,14.512937,Hamburg,8002549,53.552736,10.006909,1147027.5974751592,False
7900003,8000105,Ljubljana,Frankfurt(Main)Hbf,588,4,,2026-01-06,Ljubljana,7900003,46.058691,14.512937,Frankfurt,8000105,50.1066819,8.66282825,795826.2000518123,False
7900003,8010205,Ljubljana,Leipzig Hbf,601,8,,2026-01-06,Ljubljana,7900003,46.058691,14.512937,Leipzig,8010205,51.3454712,12.3820639,802933.8800778852,False
7900003,8000080,Ljubljana,Dortmund Hbf,738,6,,2026-01-06,Ljubljana,7900003,46.058691,14.512937,Dortmund,8000080,51.517896,7.45929,1024668.835365826,False
7900003,8000098,Ljubljana,Essen Hbf,707,4,,2026-01-06,Ljubljana,7900003,46.058691,14.512937,Essen,8000098,51.451355,7.014793,1038790.8031852376,False
7900003,8000050,Ljubljana,Bremen Hbf,735,6,,2026-01-06,Ljubljana,7900003,46.058691,14.512937,Bremen,8000050,53.083481,8.813834,1112001.490975233,False
7900003,8010085,Ljubljana,Dresden Hbf,730,6,,2026-01-06,Ljubljana,7900003,46.058691,14.512937,Dresden,8010085,51.040563,13.732035,865488.8292278014,False
7900003,8000152,Ljubljana,Hannover Hbf,657,4,,2026-01-06,Ljubljana,7900003,46.058691,14.512937,Hannover,8000152,52.376761,9.741021,989786.990131548,False
7900003,8000284,Ljubljana,Nürnberg Hbf,447,4,,2026-01-06,Ljubljana,7900003,46.058691,14.512937,Nuremberg,8000284,49.445616,11.082989,569347.5957420873,False
7900003,8000086,Ljubljana,Duisburg Hbf,694,4,,2026-01-06,Ljubljana,7900003,46.058691,14.512937,Duisburg,8000086,51.429785,6.775903,1027343.2456367216,False
7900003,8601242,Ljubljana,Koebenhavns Lufthavn st,1175,6,,2026-01-06,Ljubljana,7900003,46.058691,14.512937,Copenhagen,8601242,55.629605,12.649382,1657562.2851096587,False
7900003,8700047,Ljubljana,Bordeaux-St-Jean,932,6,,2026-01-06,Ljubljana,7900003,46.058691,14.512937,Bordeaux,8700047,44.826486,-0.55592,1586708.0063491503,False
7900003,8700074,Ljubljana,Marseille-St-Charles,1434,8,,2026-01-06,Ljubljana,7900003,46.058691,14.512937,Marseille,8700074,43.303812,5.38195,1043229.7978502144,False
7900003,8700152,Ljubljana,Lyon Part Dieu,952,8,,2026-01-06,Ljubljana,7900003,46.058691,14.512937,Lyon,8700152,45.760564,4.85999,968403.2795489536,False
7900003,8700065,Ljubljana,Toulouse-Matabiau,1290,4,,2026-01-06,Ljubljana,7900003,46.058691,14.512937,Toulouse,8700065,43.611406,1.453939,1442198.128172346,False
7900003,7800020,Ljubljana,Zagreb Glavni kolodvor,150,0,,2026-01-06,Ljubljana,7900003,46.058691,14.512937,Zagreb,7800020,45.8044381,15.9787052,141242.31773211516,False
7900003,5500728,Ljubljana,Budapest-Nyugati,554,5,,2026-01-06,Ljubljana,7900003,46.058691,14.512937,Budapest,5500728,47.510706,19.057466,481276.32665129786,False
7900003,8300262,Ljubljana,Roma Tiburtina,644,4,,2026-01-06,Ljubljana,7900003,46.058691,14.512937,Rome,8300262,41.91107,12.53146,761322.1352657828,True
7900003,8300522,Ljubljana,Torino Porta Susa,669,4,,2026-01-06,Ljubljana,7900003,46.058691,14.512937,Turin,8300522,45.071833,7.665169,658724.1347742422,False
7900003,8300153,Ljubljana,Genova Piazza Principe,729,6,,2026-01-06,Ljubljana,7900003,46.058691,14.512937,Genoa,8300153,44.417504,8.922075,648415.0507716924,False
7900003,8200100,Ljubljana,Luxembourg,790,8,,2026-01-06,Ljubljana,7900003,46.058691,14.512937,Luxembourg,8200100,49.599714,6.134396,997552.2947316658,False
7900003,8400597,Ljubljana,Tilburg,854,8,,2026-01-06,Ljubljana,7900003,46.058691,14.512937,Tilburg,8400597,51.56061,5.083787,1143116.5673240507,False
7900003,8400058,Ljubljana,Amsterdam Centraal,834,6,,2026-01-06,Ljubljana,7900003,46.058691,14.512937,Amsterdam,8400058,52.37919,4.899431,1221651.4328053067,False
7900003,8400530,Ljubljana,Rotterdam Centraal,838,8,,2026-01-06,Ljubljana,7900003,46.058691,14.512937,Rotterdam,8400530,51.924802,4.468769,1210296.033555433,False
7900003,5100065,Ljubljana,Warszawa Centralna,873,4,,2026-01-06,Ljubljana,7900003,46.058691,14.512937,Warsaw,5100065,52.22886,21.003234,1085387.09727904,False
7900003,5100028,Ljubljana,Krakow Glowny,715,4,,2026-01-06,Ljubljana,7900003,46.058691,14.512937,Kraków,5100028,50.067194,19.947426,846602.1340138708,False
7900003,5100069,Ljubljana,Wroclaw Glowny,711,4,,2026-01-06,Ljubljana,7900003,46.058691,14.512937,Wrocław,5100069,51.098078,17.037088,851059.7018550624,False
7900003,5100081,Ljubljana,Poznan Glowny,790,4,,2026-01-06,Ljubljana,7900003,46.058691,14.512937,Poznań,5100081,52.401993,16.91087,1015655.608430402,False
7900003,7400002,Ljubljana,Stockholm Central,1553,6,,2026-01-06,Ljubljana,7900003,46.058691,14.512937,Stockholm,7400002,59.330014,18.05763,2283871.0412076907,False
7900003,5600207,Ljubljana,Bratislava hl.st.,395,4,,2026-01-06,Ljubljana,7900003,46.058691,14.512937,Bratislava,5600207,48.15891,17.106466,489021.06627845025,False
5600207,8103000,Bratislava hl.st.,Wien Hbf,56,0,,2026-01-06,Bratislava,5600207,48.15891,17.106466,Vienna,8103000,48.185101,16.377113,65102.07315193946,False
5600207,8800004,Bratislava hl.st.,Bruxelles Midi,705,4,,2026-01-06,Bratislava,5600207,48.15891,17.106466,Brussels,8800004,50.835376,4.335694,1197831.9383610769,False
5600207,8800007,Bratislava hl.st.,Antwerpen Centraal,736,6,,2026-01-06,Bratislava,5600207,48.15891,17.106466,Antwerp,8800007,51.215811,4.421168,1201320.0752969135,False
5600207,5400014,Bratislava hl.st.,Praha hl.n.,265,0,,2026-01-06,Bratislava,5600207,48.15891,17.106466,Prague,5400014,50.083062,14.436039,395867.63790004177,False
5600207,8011160,Bratislava hl.st.,Berlin Hbf,511,0,,2026-01-06,Bratislava,5600207,48.15891,17.106466,Berlin,8011160,52.525592,13.369545,697519.2763110902,False
5600207,8000096,Bratislava hl.st.,Stuttgart Hbf,473,6,,2026-01-06,Bratislava,5600207,48.15891,17.106466,Stuttgart,8000096,48.78478,9.182757,719078.4234903662,False
5600207,8000261,Bratislava hl.st.,München Hbf,346,4,,2026-01-06,Bratislava,5600207,48.15891,17.106466,Munich,8000261,48.140232,11.558335,487515.1200426359,False
5600207,8002549,Bratislava hl.st.,Hamburg Hbf,607,4,,2026-01-06,Bratislava,5600207,48.15891,17.106466,Hamburg,8002549,53.552736,10.006909,980487.0879100668,False
5600207,8000105,Bratislava hl.st.,Frankfurt(Main)Hbf,467,2,,2026-01-06,Bratislava,5600207,48.15891,17.106466,Frankfurt,8000105,50.1066819,8.66282825,801579.258182862,False
5600207,8000085,Bratislava hl.st.,Düsseldorf Hbf,582,4,,2026-01-06,Bratislava,5600207,48.15891,17.106466,Düsseldorf,8000085,51.219962,6.794319,1010909.6761729704,False
5600207,8010205,Bratislava hl.st.,Leipzig Hbf,461,6,,2026-01-06,Bratislava,5600207,48.15891,17.106466,Leipzig,8010205,51.3454712,12.3820639,650468.1160761022,False
5600207,8000080,Bratislava hl.st.,Dortmund Hbf,629,6,,2026-01-06,Bratislava,5600207,48.15891,17.106466,Dortmund,8000080,51.517896,7.45929,1030421.8934968758,False
5600207,8000098,Bratislava hl.st.,Essen Hbf,608,4,,2026-01-06,Bratislava,5600207,48.15891,17.106466,Essen,8000098,51.451355,7.014793,1044543.8613162872,False
5600207,8000050,Bratislava hl.st.,Bremen Hbf,597,6,,2026-01-06,Bratislava,5600207,48.15891,17.106466,Bremen,8000050,53.083481,8.813834,1017080.0183045936,False
5600207,8010085,Bratislava hl.st.,Dresden Hbf,412,0,,2026-01-06,Bratislava,5600207,48.15891,17.106466,Dresden,8010085,51.040563,13.732035,533487.9166571,False
5600207,8000152,Bratislava hl.st.,Hannover Hbf,522,4,,2026-01-06,Bratislava,5600207,48.15891,17.106466,Hannover,8000152,52.376761,9.741021,894875.4061386434,False
5600207,8000284,Bratislava hl.st.,Nürnberg Hbf,335,2,,2026-01-06,Bratislava,5600207,48.15891,17.106466,Nuremberg,8000284,49.445616,11.082989,575100.653873137,False
5600207,8000086,Bratislava hl.st.,Duisburg Hbf,595,4,,2026-01-06,Bratislava,5600207,48.15891,17.106466,Duisburg,8000086,51.429785,6.775903,1033096.3037677712,False
5600207,8601242,Bratislava hl.st.,Koebenhavns Lufthavn st,993,6,,2026-01-06,Bratislava,5600207,48.15891,17.106466,Copenhagen,8601242,55.629605,12.649382,1474897.1411623072,False
5600207,7100064,Bratislava hl.st.,Barcelona Sants,1482,6,,2026-01-06,Bratislava,5600207,48.15891,17.106466,Barcelona,7100064,41.378914,2.140369,1876647.5590557123,False
5600207,8700047,Bratislava hl.st.,Bordeaux-St-Jean,1164,8,,2026-01-06,Bratislava,5600207,48.15891,17.106466,Bordeaux,8700047,44.826486,-0.55592,1819687.7788649064,False
5600207,8700074,Bratislava hl.st.,Marseille-St-Charles,1329,8,,2026-01-06,Bratislava,5600207,48.15891,17.106466,Marseille,8700074,43.303812,5.38195,1407155.0179665275,False
5600207,8700152,Bratislava hl.st.,Lyon Part Dieu,1052,8,,2026-01-06,Bratislava,5600207,48.15891,17.106466,Lyon,8700152,45.760564,4.85999,1230615.8293595596,False
5600207,8700065,Bratislava hl.st.,Toulouse-Matabiau,1370,6,,2026-01-06,Bratislava,5600207,48.15891,17.106466,Toulouse,8700065,43.611406,1.453939,1780103.5063075875,False
5600207,7800020,Bratislava hl.st.,Zagreb Glavni kolodvor,484,8,,2026-01-06,Bratislava,5600207,48.15891,17.106466,Zagreb,7800020,45.8044381,15.9787052,381888.8137206176,False
5600207,5500728,Bratislava hl.st.,Budapest-Nyugati,143,0,,2026-01-06,Bratislava,5600207,48.15891,17.106466,Budapest,5500728,47.510706,19.057466,198432.62674205293,False
5600207,8300262,Bratislava hl.st.,Roma Tiburtina,844,4,,2026-01-06,Bratislava,5600207,48.15891,17.106466,Rome,8300262,41.91107,12.53146,1139226.210826356,False
5600207,8300522,Bratislava hl.st.,Torino Porta Susa,918,4,,2026-01-06,Bratislava,5600207,48.15891,17.106466,Turin,8300522,45.071833,7.665169,1022649.354890544,False
5600207,8300153,Bratislava hl.st.,Genova Piazza Principe,954,6,,2026-01-06,Bratislava,5600207,48.15891,17.106466,Genoa,8300153,44.417504,8.922075,1012340.2708879953,False
5600207,8200100,Bratislava hl.st.,Luxembourg,720,8,,2026-01-06,Bratislava,5600207,48.15891,17.106466,Luxembourg,8200100,49.599714,6.134396,1053363.3535578314,False
5600207,8400597,Bratislava hl.st.,Tilburg,786,8,,2026-01-06,Bratislava,5600207,48.15891,17.106466,Tilburg,8400597,51.56061,5.083787,1148869.6254551008,False
5600207,8400058,Bratislava hl.st.,Amsterdam Centraal,759,6,,2026-01-06,Bratislava,5600207,48.15891,17.106466,Amsterdam,8400058,52.37919,4.899431,1227404.4909363557,False
5600207,8400530,Bratislava hl.st.,Rotterdam Centraal,770,8,,2026-01-06,Bratislava,5600207,48.15891,17.106466,Rotterdam,8400530,51.924802,4.468769,1216049.091686483,False
5600207,5100065,Bratislava hl.st.,Warszawa Centralna,486,4,,2026-01-06,Bratislava,5600207,48.15891,17.106466,Warsaw,5100065,52.22886,21.003234,635552.5782178909,False
5600207,5100028,Bratislava hl.st.,Krakow Glowny,350,2,,2026-01-06,Bratislava,5600207,48.15891,17.106466,Kraków,5100028,50.067194,19.947426,396767.6149527242,False
5600207,5100069,Bratislava hl.st.,Wroclaw Glowny,380,4,,2026-01-06,Bratislava,5600207,48.15891,17.106466,Wrocław,5100069,51.098078,17.037088,415473.3302253541,False
5600207,5100081,Bratislava hl.st.,Poznan Glowny,407,2,,2026-01-06,Bratislava,5600207,48.15891,17.106466,Poznań,5100081,52.401993,16.91087,580069.2368006951,False
5600207,7400002,Bratislava hl.st.,Stockholm Central,1386,6,,2026-01-06,Bratislava,5600207,48.15891,17.106466,Stockholm,7400002,59.330014,18.05763,2101205.8972603492,False
5600207,7900003,Bratislava hl.st.,Ljubljana,379,4,,2026-01-06,Bratislava,5600207,48.15891,17.106466,Ljubljana,7900003,46.058691,14.512937,489021.0662784536,False
