,origin_id,destination_id,origin_name,destination_name,min_duration_minutes,transfers,trains,check_date,hsr_share,uses_hsr
0,8103000,8000261,Wien Hbf,München Hbf,253,2,,2026-01-06,0.3170597534091082,False
1,8103000,8002549,Wien Hbf,Hamburg Hbf,524,2,,2026-01-06,0.04992997542054245,False
2,8103000,8003368,Wien Hbf,Köln Messe/Deutz,481,2,,2026-01-06,0.3727156147389325,False
3,8103000,8000105,Wien Hbf,Frankfurt(Main)Hbf,384,0,,2026-01-06,0.26912044969749127,False
4,8103000,8000085,Wien Hbf,Düsseldorf Hbf,499,2,,2026-01-06,0.3732503904489561,False
5,8103000,8010205,Wien Hbf,Leipzig Hbf,378,4,,2026-01-06,0.07714520310916588,False
6,8103000,8000080,Wien Hbf,Dortmund Hbf,546,4,,2026-01-06,0.20513596774068305,False
7,8103000,8000098,Wien Hbf,Essen Hbf,525,2,,2026-01-06,0.3464228012412851,False
8,8103000,8000050,Wien Hbf,Bremen Hbf,514,4,,2026-01-06,0.01325160548290704,False
9,8103000,8010085,Wien Hbf,Dresden Hbf,400,4,,2026-01-06,0.0,False
10,8103000,8000152,Wien Hbf,Hannover Hbf,439,2,,2026-01-06,0.0,False
11,8103000,8000284,Wien Hbf,Nürnberg Hbf,252,0,,2026-01-06,0.2722048526630841,False
12,8103000,8000086,Wien Hbf,Duisburg Hbf,512,2,,2026-01-06,0.3646946937377685,False
13,8103000,8601242,Wien Hbf,Koebenhavns Lufthavn st,910,4,,2026-01-06,0.16876931395984232,False
14,8103000,7100064,Wien Hbf,Barcelona Sants,1195,8,,2026-01-06,0.2702220224576929,False
15,8103000,8700012,Wien Hbf,Paris Gare de Lyon,714,6,,2026-01-06,0.5247224284834323,True
16,8103000,8700047,Wien Hbf,Bordeaux-St-Jean,1246,6,,2026-01-06,0.18359215034600124,False
17,8103000,8700074,Wien Hbf,Marseille-St-Charles,1236,8,,2026-01-06,0.009450066842001014,False
18,8103000,8700152,Wien Hbf,Lyon Part Dieu,991,8,,2026-01-06,0.17752751496643962,False
19,8103000,8700065,Wien Hbf,Toulouse-Matabiau,1160,8,,2026-01-06,0.17215180810174754,False
20,8103000,7800020,Wien Hbf,Zagreb Glavni kolodvor,421,6,,2026-01-06,0.0,False
21,8103000,5500728,Wien Hbf,Budapest-Nyugati,187,1,,2026-01-06,0.0,False
22,8103000,8300262,Wien Hbf,Roma Tiburtina,691,6,,2026-01-06,0.3045371740477016,False
23,8103000,8300047,Wien Hbf,Milano Porta Garibaldi,602,4,,2026-01-06,0.015399065651441456,False
24,8103000,8300522,Wien Hbf,Torino Porta Susa,676,6,,2026-01-06,0.13162751314899185,False
25,8103000,8300153,Wien Hbf,Genova Piazza Principe,732,6,,2026-01-06,0.013359900152714968,False
26,8103000,8200100,Wien Hbf,Luxembourg,637,6,,2026-01-06,0.2608069230644798,False
27,8103000,8400597,Wien Hbf,Tilburg,652,8,,2026-01-06,0.31301895488492615,False
28,8103000,8400058,Wien Hbf,Amsterdam Centraal,712,8,,2026-01-06,0.30372351461076963,False
29,8103000,8400530,Wien Hbf,Rotterdam Centraal,691,8,,2026-01-06,0.31271370781882435,False
30,8103000,5100065,Wien Hbf,Warszawa Centralna,474,2,,2026-01-06,0.019445630744391144,False
31,8103000,5100028,Wien Hbf,Krakow Glowny,320,0,,2026-01-06,0.0,False
32,8103000,5100069,Wien Hbf,Wroclaw Glowny,316,0,,2026-01-06,0.0,False
33,8103000,5100081,Wien Hbf,Poznan Glowny,434,6,,2026-01-06,0.0,False
34,8103000,7400002,Wien Hbf,Stockholm Central,1303,4,,2026-01-06,0.2789450529774689,False
35,8103000,7900003,Wien Hbf,Ljubljana,316,2,,2026-01-06,0.0,False
36,8103000,5600207,Wien Hbf,Bratislava hl.st.,56,0,,2026-01-06,0.0,False
37,8800004,8103000,Bruxelles Midi,Wien Hbf,622,2,,2026-01-06,0.34389364356292174,False
38,8800004,8800007,Bruxelles Midi,Antwerpen Centraal,34,0,,2026-01-06,0.0,False
39,8800004,5400014,Bruxelles Midi,Praha hl.n.,656,8,,2026-01-06,0.25934093741746517,False
40,8800004,8011160,Bruxelles Midi,Berlin Hbf,390,2,,2026-01-06,0.27225825578230406,False
41,8800004,8000096,Bruxelles Midi,Stuttgart Hbf,248,2,,2026-01-06,0.23284642521020144,False
42,8800004,8000261,Bruxelles Midi,München Hbf,375,2,,2026-01-06,0.3022938753250659,False
43,8800004,8002549,Bruxelles Midi,Hamburg Hbf,349,2,,2026-01-06,0.2669459631641696,False
44,8800004,8003368,Bruxelles Midi,Köln Messe/Deutz,119,2,,2026-01-06,0.22591242810231327,False
45,8800004,8000105,Bruxelles Midi,Frankfurt(Main)Hbf,182,0,,2026-01-06,0.4773103026786719,False
46,8800004,8000085,Bruxelles Midi,Düsseldorf Hbf,142,2,,2026-01-06,0.0,False
47,8800004,8010205,Bruxelles Midi,Leipzig Hbf,399,8,,2026-01-06,0.02127664944077057,False
48,8800004,8000080,Bruxelles Midi,Dortmund Hbf,191,2,,2026-01-06,0.0,False
49,8800004,8000098,Bruxelles Midi,Essen Hbf,168,2,,2026-01-06,0.0,False
50,8800004,8000050,Bruxelles Midi,Bremen Hbf,325,2,,2026-01-06,0.21264070026933368,False
51,8800004,8010085,Bruxelles Midi,Dresden Hbf,492,4,,2026-01-06,0.07769007831292714,False
52,8800004,8000152,Bruxelles Midi,Hannover Hbf,294,2,,2026-01-06,0.22918620048381405,False
53,8800004,8000284,Bruxelles Midi,Nürnberg Hbf,333,4,,2026-01-06,0.40259732451824615,False
54,8800004,8000086,Bruxelles Midi,Duisburg Hbf,155,2,,2026-01-06,0.0,False
55,8800004,8601242,Bruxelles Midi,Koebenhavns Lufthavn st,723,6,,2026-01-06,0.18869629719136782,False
56,8800004,7100064,Bruxelles Midi,Barcelona Sants,546,2,,2026-01-06,0.5474199723230762,True
57,8800004,8700012,Bruxelles Midi,Paris Gare de Lyon,114,4,,2026-01-06,0.1579251343485849,False
58,8800004,8700047,Bruxelles Midi,Bordeaux-St-Jean,271,2,,2026-01-06,0.6465224171265718,True
59,8103000,8800004,Wien Hbf,Bruxelles Midi,622,2,,2026-01-06,0.3438936435629233,False
60,8103000,8800007,Wien Hbf,Antwerpen Centraal,653,4,,2026-01-06,0.29962222619263124,False
63,8103000,5400014,Wien Hbf,Praha hl.n.,253,0,,2026-01-06,0.11992859023464351,False
64,8103000,8011160,Wien Hbf,Berlin Hbf,429,2,,2026-01-06,0.07460186098587752,False
65,8103000,8000096,Wien Hbf,Stuttgart Hbf,391,2,,2026-01-06,0.3703934377669014,False
66,8800004,8700074,Bruxelles Midi,Marseille-St-Charles,341,2,,2026-01-06,0.5806228232678509,True
67,8800004,8700152,Bruxelles Midi,Lyon Part Dieu,223,0,,2026-01-06,0.6411541985773087,True
68,8800004,8700065,Bruxelles Midi,Toulouse-Matabiau,435,2,,2026-01-06,0.13602094941684273,False
69,8800004,7800020,Bruxelles Midi,Zagreb Glavni kolodvor,1088,4,,2026-01-06,0.19170701761253986,False
70,8800004,5500728,Bruxelles Midi,Budapest-Nyugati,864,5,,2026-01-06,0.28160515448555234,False
71,8800004,8300262,Bruxelles Midi,Roma Tiburtina,778,4,,2026-01-06,0.3160359330465412,False
72,8800004,8300047,Bruxelles Midi,Milano Porta Garibaldi,538,4,,2026-01-06,0.0997849026489734,False
73,8800004,8300522,Bruxelles Midi,Torino Porta Susa,453,2,,2026-01-06,0.0,False
74,8800004,8300153,Bruxelles Midi,Genova Piazza Principe,588,4,,2026-01-06,0.0,False
75,8800004,8200100,Bruxelles Midi,Luxembourg,197,0,,2026-01-06,0.0,False
76,8800004,8400597,Bruxelles Midi,Tilburg,110,4,,2026-01-06,0.322445366086921,False
77,8800004,8400058,Bruxelles Midi,Amsterdam Centraal,117,0,,2026-01-06,0.18382527946855967,False
78,8800004,8400530,Bruxelles Midi,Rotterdam Centraal,69,0,,2026-01-06,0.0,False
79,8800004,5100065,Bruxelles Midi,Warszawa Centralna,755,4,,2026-01-06,0.15541233719036812,False
80,8800004,5100028,Bruxelles Midi,Krakow Glowny,859,4,,2026-01-06,0.011358792701999293,False
81,8800004,5100069,Bruxelles Midi,Wroclaw Glowny,683,4,,2026-01-06,0.014144876293781814,False
82,8800004,5100081,Bruxelles Midi,Poznan Glowny,608,4,,2026-01-06,0.20075758922622056,False
83,8800004,7400002,Bruxelles Midi,Stockholm Central,1171,4,,2026-01-06,0.3147017011169308,False
84,8800004,7900003,Bruxelles Midi,Ljubljana,833,6,,2026-01-06,0.2144209246560011,False
85,8800004,5600207,Bruxelles Midi,Bratislava hl.st.,705,4,,2026-01-06,0.3251853996413454,False
86,8800007,8103000,Antwerpen Centraal,Wien Hbf,653,4,,2026-01-06,0.2996222261926333,False
87,8800007,8800004,Antwerpen Centraal,Bruxelles Midi,33,0,,2026-01-06,0.0,False
88,8800007,5400014,Antwerpen Centraal,Praha hl.n.,691,6,,2026-01-06,0.20779817661008312,False
89,8800007,8011160,Antwerpen Centraal,Berlin Hbf,421,4,,2026-01-06,0.2830996604679005,False
90,8800007,8000096,Antwerpen Centraal,Stuttgart Hbf,317,4,,2026-01-06,0.14456007467018478,False
91,8800007,8000261,Antwerpen Centraal,München Hbf,433,4,,2026-01-06,0.23918150113061093,False
92,8800007,8002549,Antwerpen Centraal,Hamburg Hbf,380,4,,2026-01-06,0.3194144891287995,False
93,8800007,8003368,Antwerpen Centraal,Köln Messe/Deutz,152,4,,2026-01-06,0.004998010079170937,False
94,8800007,8000105,Antwerpen Centraal,Frankfurt(Main)Hbf,213,2,,2026-01-06,0.35188035159641007,False
95,8800007,8000085,Antwerpen Centraal,Düsseldorf Hbf,173,4,,2026-01-06,0.0,False
96,8800007,8010205,Antwerpen Centraal,Leipzig Hbf,435,4,,2026-01-06,0.022189667876761673,False
97,8800007,8000080,Antwerpen Centraal,Dortmund Hbf,236,6,,2026-01-06,0.0,False
98,8800007,8000098,Antwerpen Centraal,Essen Hbf,209,8,,2026-01-06,0.0,False
99,8800007,8000050,Antwerpen Centraal,Bremen Hbf,339,8,,2026-01-06,0.08947019505477913,False
100,8800007,8010085,Antwerpen Centraal,Dresden Hbf,523,6,,2026-01-06,0.08052903354397453,False
101,8800007,8000152,Antwerpen Centraal,Hannover Hbf,325,4,,2026-01-06,0.24336676582590056,False
102,8800007,8000284,Antwerpen Centraal,Nürnberg Hbf,364,4,,2026-01-06,0.32194941163084995,False
103,8800007,8000086,Antwerpen Centraal,Duisburg Hbf,189,4,,2026-01-06,0.0,False
104,8800007,8601242,Antwerpen Centraal,Koebenhavns Lufthavn st,754,8,,2026-01-06,0.21326681278652868,False
105,8800007,7100064,Antwerpen Centraal,Barcelona Sants,590,4,,2026-01-06,0.5291411978284055,True
106,8800007,8700012,Antwerpen Centraal,Paris Gare de Lyon,154,4,,2026-01-06,0.13715111933067525,False
107,8800007,8700047,Antwerpen Centraal,Bordeaux-St-Jean,313,2,,2026-01-06,0.6125525278707761,True
108,8800007,8700074,Antwerpen Centraal,Marseille-St-Charles,381,2,,2026-01-06,0.5554559897649322,True
109,8800007,8700152,Antwerpen Centraal,Lyon Part Dieu,289,2,,2026-01-06,0.6018681700455698,True
110,8800007,8700065,Antwerpen Centraal,Toulouse-Matabiau,475,2,,2026-01-06,0.13001600362625926,False
111,8800007,7800020,Antwerpen Centraal,Zagreb Glavni kolodvor,1145,6,,2026-01-06,0.15447430540135912,False
112,8800007,5500728,Antwerpen Centraal,Budapest-Nyugati,895,7,,2026-01-06,0.24548777884992456,False
113,8800007,8300262,Antwerpen Centraal,Roma Tiburtina,847,4,,2026-01-06,0.2848669669513762,False
120,8800007,8300047,Antwerpen Centraal,Milano Porta Garibaldi,601,4,,2026-01-06,0.09660078433548201,False
121,8800007,8300522,Antwerpen Centraal,Torino Porta Susa,522,2,,2026-01-06,0.0,False
122,8800007,8300153,Antwerpen Centraal,Genova Piazza Principe,657,4,,2026-01-06,0.0,False
123,8800007,8200100,Antwerpen Centraal,Luxembourg,235,2,,2026-01-06,0.0,False
124,8800007,8400597,Antwerpen Centraal,Tilburg,58,2,,2026-01-06,0.5198777977098498,True
125,8800007,8400058,Antwerpen Centraal,Amsterdam Centraal,80,0,,2026-01-06,0.23690562186324998,False
126,8800007,8400530,Antwerpen Centraal,Rotterdam Centraal,32,0,,2026-01-06,0.0,False
127,8800007,5100065,Antwerpen Centraal,Warszawa Centralna,745,8,,2026-01-06,0.15888557983357576,False
128,8800007,5100028,Antwerpen Centraal,Krakow Glowny,1020,6,,2026-01-06,0.01161390773588092,False
129,8800007,5100069,Antwerpen Centraal,Wroclaw Glowny,740,6,,2026-01-06,0.014542680266987688,False
130,8800007,5100081,Antwerpen Centraal,Poznan Glowny,598,8,,2026-01-06,0.20659135883452465,False
131,8800007,7400002,Antwerpen Centraal,Stockholm Central,1166,6,,2026-01-06,0.3329601747661143,False
132,8800007,7900003,Antwerpen Centraal,Ljubljana,924,6,,2026-01-06,0.17272387292856767,False
133,8800007,5600207,Antwerpen Centraal,Bratislava hl.st.,736,6,,2026-01-06,0.28336930516191916,False
134,5400014,8103000,Praha hl.n.,Wien Hbf,252,2,,2026-01-06,0.11992859023464418,False
135,5400014,8800004,Praha hl.n.,Bruxelles Midi,660,8,,2026-01-06,0.2593409374174651,False
136,5400014,8800007,Praha hl.n.,Antwerpen Centraal,695,6,,2026-01-06,0.20779817661008212,False
137,5400014,8011160,Praha hl.n.,Berlin Hbf,237,0,,2026-01-06,0.1361029092285304,False
138,5400014,8000096,Praha hl.n.,Stuttgart Hbf,447,4,,2026-01-06,0.0,False
139,5400014,8000261,Praha hl.n.,München Hbf,341,0,,2026-01-06,0.0,False
140,5400014,8002549,Praha hl.n.,Hamburg Hbf,400,2,,2026-01-06,0.0735370337804218,False
141,5400014,8003368,Praha hl.n.,Köln Messe/Deutz,519,4,,2026-01-06,0.26932793845339875,False
142,5400014,8000105,Praha hl.n.,Frankfurt(Main)Hbf,433,4,,2026-01-06,0.10389648273716887,False
143,5400014,8000085,Praha hl.n.,Düsseldorf Hbf,519,2,,2026-01-06,0.2746772241867157,False
144,5400014,8010205,Praha hl.n.,Leipzig Hbf,240,2,,2026-01-06,0.15348941740163824,False
145,5400014,8000080,Praha hl.n.,Dortmund Hbf,460,2,,2026-01-06,0.10844870105435206,False
146,5400014,8000098,Praha hl.n.,Essen Hbf,486,2,,2026-01-06,0.08303589835620091,False
147,5400014,8000050,Praha hl.n.,Bremen Hbf,439,4,,2026-01-06,0.019289260185861405,False
148,5400014,8010085,Praha hl.n.,Dresden Hbf,139,0,,2026-01-06,0.0,False
149,5400014,8000152,Praha hl.n.,Hannover Hbf,357,2,,2026-01-06,0.0,False
150,5400014,8000284,Praha hl.n.,Nürnberg Hbf,280,2,,2026-01-06,0.0,False
151,5400014,8000086,Praha hl.n.,Duisburg Hbf,500,2,,2026-01-06,0.08097542527074793,False
152,5400014,8601242,Praha hl.n.,Koebenhavns Lufthavn st,892,2,,2026-01-06,0.2142260273383272,False
153,5400014,7100064,Praha hl.n.,Barcelona Sants,1492,6,,2026-01-06,0.225251475217817,False
154,5400014,8700012,Praha hl.n.,Paris Gare de Lyon,921,6,,2026-01-06,0.3569727962397062,False
155,5400014,8700047,Praha hl.n.,Bordeaux-St-Jean,1063,6,,2026-01-06,0.5473583442829805,True
156,5400014,8700074,Praha hl.n.,Marseille-St-Charles,1123,6,,2026-01-06,0.1766433732185077,False
157,5400014,8700152,Praha hl.n.,Lyon Part Dieu,988,6,,2026-01-06,0.10088008668694128,False
158,5400014,8700065,Praha hl.n.,Toulouse-Matabiau,1244,8,,2026-01-06,0.12014908507900067,False
159,5400014,7800020,Praha hl.n.,Zagreb Glavni kolodvor,719,4,,2026-01-06,0.059228104468766855,False
160,5400014,5500728,Praha hl.n.,Budapest-Nyugati,411,0,,2026-01-06,0.0,False
161,5400014,8300262,Praha hl.n.,Roma Tiburtina,993,8,,2026-01-06,0.2656112524074877,False
162,5400014,8300047,Praha hl.n.,Milano Porta Garibaldi,868,6,,2026-01-06,0.03177627985220598,False
163,5400014,8300522,Praha hl.n.,Torino Porta Susa,1067,8,,2026-01-06,0.1309401319324215,False
164,5400014,8300153,Praha hl.n.,Genova Piazza Principe,1183,8,,2026-01-06,0.028118194381891806,False
174,5400014,7900003,Praha hl.n.,Ljubljana,615,6,,2026-01-06,0.07324118941990616,False
175,5400014,5600207,Praha hl.n.,Bratislava hl.st.,265,0,,2026-01-06,0.0,False
176,8011160,8103000,Berlin Hbf,Wien Hbf,431,2,,2026-01-06,0.07460186098587789,False
177,8011160,8800004,Berlin Hbf,Bruxelles Midi,391,2,,2026-01-06,0.2722582557823033,False
178,8011160,8800007,Berlin Hbf,Antwerpen Centraal,422,4,,2026-01-06,0.2830996604678995,False
179,8011160,5400014,Berlin Hbf,Praha hl.n.,237,0,,2026-01-06,0.13610290922853077,False
180,8011160,8000096,Berlin Hbf,Stuttgart Hbf,317,2,,2026-01-06,0.4647279621433669,False
181,8011160,8000261,Berlin Hbf,München Hbf,235,0,,2026-01-06,0.6493484756101154,True
182,8011160,8002549,Berlin Hbf,Hamburg Hbf,148,0,,2026-01-06,0.8536000895247157,True
183,8011160,8003368,Berlin Hbf,Köln Messe/Deutz,251,2,,2026-01-06,0.3392798945262665,False
184,8011160,8000105,Berlin Hbf,Frankfurt(Main)Hbf,231,0,,2026-01-06,0.4498311167541085,False
185,8011160,8000085,Berlin Hbf,Düsseldorf Hbf,254,2,,2026-01-06,0.3812589114117267,False
186,8011160,8010205,Berlin Hbf,Leipzig Hbf,75,0,,2026-01-06,0.7760407747158301,True
187,8011160,8000080,Berlin Hbf,Dortmund Hbf,204,0,,2026-01-06,0.43830060848838365,False
188,8011160,8000098,Berlin Hbf,Essen Hbf,229,0,,2026-01-06,0.4083384897096293,False
189,8011160,8000050,Berlin Hbf,Bremen Hbf,164,0,,2026-01-06,0.0995999131705266,False
190,8011160,8010085,Berlin Hbf,Dresden Hbf,99,0,,2026-01-06,0.2847571157518907,False
191,8011160,8000152,Berlin Hbf,Hannover Hbf,93,0,,2026-01-06,0.35479496765425395,False
192,8011160,8000284,Berlin Hbf,Nürnberg Hbf,166,0,,2026-01-06,0.658665270546178,True
193,8011160,8000086,Berlin Hbf,Duisburg Hbf,242,0,,2026-01-06,0.39309142106278977,False
194,8011160,8601242,Berlin Hbf,Koebenhavns Lufthavn st,500,4,,2026-01-06,0.2516463709524352,False
195,8011160,7100064,Berlin Hbf,Barcelona Sants,1024,4,,2026-01-06,0.36463952488000856,False
196,8011160,8700012,Berlin Hbf,Paris Gare de Lyon,531,6,,2026-01-06,0.27584371365284943,False
197,8011160,8700047,Berlin Hbf,Bordeaux-St-Jean,673,6,,2026-01-06,0.5000357930110524,True
198,8011160,8700074,Berlin Hbf,Marseille-St-Charles,730,4,,2026-01-06,0.3479897401804678,False
199,8011160,8700152,Berlin Hbf,Lyon Part Dieu,622,4,,2026-01-06,0.32199057575230344,False
200,8011160,8700065,Berlin Hbf,Toulouse-Matabiau,1068,8,,2026-01-06,0.27092346086020225,False
201,8011160,7800020,Berlin Hbf,Zagreb Glavni kolodvor,894,4,,2026-01-06,0.04883687269930619,False
202,8011160,5500728,Berlin Hbf,Budapest-Nyugati,660,2,,2026-01-06,0.0,False
203,8011160,8300262,Berlin Hbf,Roma Tiburtina,973,6,,2026-01-06,0.4396937538223521,False
204,8011160,8300047,Berlin Hbf,Milano Porta Garibaldi,722,8,,2026-01-06,0.2918152003401867,False
205,8011160,8300522,Berlin Hbf,Torino Porta Susa,833,6,,2026-01-06,0.34864867192217863,False
206,8011160,8300153,Berlin Hbf,Genova Piazza Principe,836,6,,2026-01-06,0.2633970502853571,False
207,8011160,8200100,Berlin Hbf,Luxembourg,499,4,,2026-01-06,0.10876462469143945,False
208,8011160,8400597,Berlin Hbf,Tilburg,370,2,,2026-01-06,0.19890064134802424,False
209,8011160,8400058,Berlin Hbf,Amsterdam Centraal,344,0,,2026-01-06,0.20151677827984582,False
210,8011160,8400530,Berlin Hbf,Rotterdam Centraal,369,4,,2026-01-06,0.1919413402797006,False
211,8011160,5100065,Berlin Hbf,Warszawa Centralna,306,2,,2026-01-06,0.0,False
212,8011160,5100028,Berlin Hbf,Krakow Glowny,412,0,,2026-01-06,0.0,False
213,8011160,5100069,Berlin Hbf,Wroclaw Glowny,241,0,,2026-01-06,0.0,False
214,8011160,5100081,Berlin Hbf,Poznan Glowny,161,0,,2026-01-06,0.0,False
215,8011160,7400002,Berlin Hbf,Stockholm Central,810,6,,2026-01-06,0.3781741054722432,False
216,8011160,7900003,Berlin Hbf,Ljubljana,642,6,,2026-01-06,0.13542310319803177,False
217,8011160,5600207,Berlin Hbf,Bratislava hl.st.,514,2,,2026-01-06,0.0,False
218,8000096,8103000,Stuttgart Hbf,Wien Hbf,394,2,,2026-01-06,0.3703934377668995,False
219,8000096,8800004,Stuttgart Hbf,Bruxelles Midi,286,2,,2026-01-06,0.23284642521020188,False
220,8000096,8800007,Stuttgart Hbf,Antwerpen Centraal,317,4,,2026-01-06,0.14456007467018522,False
221,8000096,5400014,Stuttgart Hbf,Praha hl.n.,441,4,,2026-01-06,0.0,False
222,8000096,8011160,Stuttgart Hbf,Berlin Hbf,314,2,,2026-01-06,0.46472796214336815,False
223,8000096,8000261,Stuttgart Hbf,München Hbf,117,0,,2026-01-06,0.46110365491652094,False
224,8000096,8002549,Stuttgart Hbf,Hamburg Hbf,306,0,,2026-01-06,0.3017719449713077,False
225,8000096,8003368,Stuttgart Hbf,Köln Messe/Deutz,123,0,,2026-01-06,0.6654649655924533,True
226,8000096,8000105,Stuttgart Hbf,Frankfurt(Main)Hbf,77,0,,2026-01-06,0.2538174285551364,False
227,8000096,8000085,Stuttgart Hbf,Düsseldorf Hbf,147,0,,2026-01-06,0.6392974086211624,True
228,8000096,8010205,Stuttgart Hbf,Leipzig Hbf,262,4,,2026-01-06,0.21882477564522892,False
229,8000096,8000080,Stuttgart Hbf,Dortmund Hbf,202,0,,2026-01-06,0.10584609919642311,False
230,8000096,8000098,Stuttgart Hbf,Essen Hbf,176,0,,2026-01-06,0.5535885102701973,True
231,8000096,8000050,Stuttgart Hbf,Bremen Hbf,316,2,,2026-01-06,0.34335646471911885,False
232,8000096,8010085,Stuttgart Hbf,Dresden Hbf,334,4,,2026-01-06,0.0,False
233,8000096,8000152,Stuttgart Hbf,Hannover Hbf,222,0,,2026-01-06,0.4007588530542607,False
234,8000096,8000284,Stuttgart Hbf,Nürnberg Hbf,129,0,,2026-01-06,0.0,False
235,8000096,8000086,Stuttgart Hbf,Duisburg Hbf,163,0,,2026-01-06,0.6037935906448137,True
236,8000096,8601242,Stuttgart Hbf,Koebenhavns Lufthavn st,665,4,,2026-01-06,0.21358509966139208,False
237,8000096,7100064,Stuttgart Hbf,Barcelona Sants,742,2,,2026-01-06,0.33006606773598074,False
238,8000096,8700012,Stuttgart Hbf,Paris Gare de Lyon,232,2,,2026-01-06,0.6864036894789861,True
239,8000096,8700047,Stuttgart Hbf,Bordeaux-St-Jean,382,2,,2026-01-06,0.8096495917994336,True
240,8000096,8700074,Stuttgart Hbf,Marseille-St-Charles,457,2,,2026-01-06,0.2912355691484724,False
241,8000096,8700152,Stuttgart Hbf,Lyon Part Dieu,351,4,,2026-01-06,0.21151794731442813,False
242,8000096,8700065,Stuttgart Hbf,Toulouse-Matabiau,528,2,,2026-01-06,0.18742617031137146,False
243,8000096,7800020,Stuttgart Hbf,Zagreb Glavni kolodvor,742,2,,2026-01-06,0.1346484234718393,False
244,8000096,5500728,Stuttgart Hbf,Budapest-Nyugati,591,5,,2026-01-06,0.2678079830333511,False
245,8000096,8300262,Stuttgart Hbf,Roma Tiburtina,626,4,,2026-01-06,0.35881670950180017,False
246,8000096,8300047,Stuttgart Hbf,Milano Porta Garibaldi,413,4,,2026-01-06,0.09116944696529088,False
247,8000096,8300522,Stuttgart Hbf,Torino Porta Susa,496,6,,2026-01-06,0.14848969220355204,False
248,8000096,8300153,Stuttgart Hbf,Genova Piazza Principe,493,6,,2026-01-06,0.07788296502133768,False
249,8000096,8200100,Stuttgart Hbf,Luxembourg,203,2,,2026-01-06,0.04554171965345423,False
250,8000096,8400597,Stuttgart Hbf,Tilburg,316,8,,2026-01-06,0.4413456512598669,False
251,8000096,8400058,Stuttgart Hbf,Amsterdam Centraal,303,2,,2026-01-06,0.40622134964470374,False
252,8000096,8400530,Stuttgart Hbf,Rotterdam Centraal,314,4,,2026-01-06,0.42598551701439064,False
253,8000096,5100065,Stuttgart Hbf,Warszawa Centralna,651,4,,2026-01-06,0.1866917112654997,False
254,8000096,5100028,Stuttgart Hbf,Krakow Glowny,732,4,,2026-01-06,0.0,False
255,8000096,5100069,Stuttgart Hbf,Wroclaw Glowny,501,4,,2026-01-06,0.0,False
256,8000096,5100081,Stuttgart Hbf,Poznan Glowny,504,4,,2026-01-06,0.2509479082579023,False
257,8000096,7400002,Stuttgart Hbf,Stockholm Central,1069,4,,2026-01-06,0.32557419012756766,False
258,8000096,7900003,Stuttgart Hbf,Ljubljana,491,2,,2026-01-06,0.163315678624875,False
259,8000096,5600207,Stuttgart Hbf,Bratislava hl.st.,475,6,,2026-01-06,0.3368341191397968,False
260,8000261,8103000,München Hbf,Wien Hbf,256,2,,2026-01-06,0.31705975340910986,False
261,8000261,8800004,München Hbf,Bruxelles Midi,403,2,,2026-01-06,0.30229387532506485,False
262,8000261,8800007,München Hbf,Antwerpen Centraal,434,4,,2026-01-06,0.23918150113060943,False
263,8000261,5400014,München Hbf,Praha hl.n.,337,0,,2026-01-06,0.0,False
264,8000261,8011160,München Hbf,Berlin Hbf,232,0,,2026-01-06,0.6493484756101212,True
265,8000261,8000096,München Hbf,Stuttgart Hbf,118,0,,2026-01-06,0.4611036549165194,False
266,8000261,8002549,München Hbf,Hamburg Hbf,335,0,,2026-01-06,0.3248401550369271,False
267,8000261,8003368,München Hbf,Köln Messe/Deutz,250,0,,2026-01-06,0.5378489192507541,True
268,8000261,8000105,München Hbf,Frankfurt(Main)Hbf,202,2,,2026-01-06,0.41827839659372557,False
269,8000261,8000085,München Hbf,Düsseldorf Hbf,274,0,,2026-01-06,0.529028159723062,True
270,8000261,8010205,München Hbf,Leipzig Hbf,184,2,,2026-01-06,0.0,False
271,8000261,8000080,München Hbf,Dortmund Hbf,328,0,,2026-01-06,0.2649175711676519,False
272,8000261,8000098,München Hbf,Essen Hbf,303,0,,2026-01-06,0.4797913086422773,False
290,5400014,8200100,Praha hl.n.,Luxembourg,674,8,,2026-01-06,0.06961352113927079,False
291,5400014,8400597,Praha hl.n.,Tilburg,675,8,,2026-01-06,0.21839208754026898,False
292,5400014,8400058,Praha hl.n.,Amsterdam Centraal,658,4,,2026-01-06,0.0,False
293,5400014,8400530,Praha hl.n.,Rotterdam Centraal,669,6,,2026-01-06,0.0,False
294,5400014,5100065,Praha hl.n.,Warszawa Centralna,491,2,,2026-01-06,0.0,False
295,5400014,5100028,Praha hl.n.,Krakow Glowny,349,2,,2026-01-06,0.0,False
296,5400014,5100069,Praha hl.n.,Wroclaw Glowny,237,0,,2026-01-06,0.0,False
297,5400014,5100081,Praha hl.n.,Poznan Glowny,335,2,,2026-01-06,0.0,False
298,5400014,7400002,Praha hl.n.,Stockholm Central,1222,8,,2026-01-06,0.3274423380881702,False
299,8000261,8000050,München Hbf,Bremen Hbf,323,2,,2026-01-06,0.4147447801572378,False
300,8000261,8010085,München Hbf,Dresden Hbf,256,2,,2026-01-06,0.0,False
301,8000261,8000152,München Hbf,Hannover Hbf,250,0,,2026-01-06,0.47832170208278607,False
302,8000261,8000284,München Hbf,Nürnberg Hbf,63,0,,2026-01-06,0.6249370575816641,True
303,8000261,8000086,München Hbf,Duisburg Hbf,290,0,,2026-01-06,0.5103555543682776,True
304,8000261,8601242,München Hbf,Koebenhavns Lufthavn st,696,6,,2026-01-06,0.2330362370159199,False
305,8000261,7100064,München Hbf,Barcelona Sants,864,6,,2026-01-06,0.25571167711539694,False
306,8000261,8700012,München Hbf,Paris Gare de Lyon,387,4,,2026-01-06,0.6276703032683368,True
307,8000261,8700047,München Hbf,Bordeaux-St-Jean,528,4,,2026-01-06,0.14093282116088118,False
308,8000261,8700074,München Hbf,Marseille-St-Charles,618,2,,2026-01-06,0.011641154760362638,False
309,8000261,8700152,München Hbf,Lyon Part Dieu,481,4,,2026-01-06,0.10107374219102877,False
310,8000261,8700065,München Hbf,Toulouse-Matabiau,710,8,,2026-01-06,0.12534026606138107,False
311,8000261,7800020,München Hbf,Zagreb Glavni kolodvor,544,0,,2026-01-06,0.0,False
312,8000261,5500728,München Hbf,Budapest-Nyugati,453,5,,2026-01-06,0.19900906185395656,False
313,8000261,8300262,München Hbf,Roma Tiburtina,547,2,,2026-01-06,0.3645313376832265,False
314,8000261,8300047,München Hbf,Milano Porta Garibaldi,456,6,,2026-01-06,0.022211472623084833,False
315,8000261,8300522,München Hbf,Torino Porta Susa,526,8,,2026-01-06,0.17865946939786365,False
316,8000261,8300153,München Hbf,Genova Piazza Principe,548,4,,2026-01-06,0.01820378440171023,False
317,8000261,8200100,München Hbf,Luxembourg,350,4,,2026-01-06,0.21756159241689377,False
318,8000261,8400597,München Hbf,Tilburg,433,6,,2026-01-06,0.4124426708913224,False
319,8000261,8400058,München Hbf,Amsterdam Centraal,430,2,,2026-01-06,0.3898483744485755,False
320,8000261,8400530,München Hbf,Rotterdam Centraal,441,4,,2026-01-06,0.4038040004814492,False
321,8000261,5100065,München Hbf,Warszawa Centralna,568,4,,2026-01-06,0.0,False
322,8000261,5100028,München Hbf,Krakow Glowny,594,4,,2026-01-06,0.15947311714317525,False
323,8000261,5100069,München Hbf,Wroclaw Glowny,423,4,,2026-01-06,0.0,False
324,8000261,5100081,München Hbf,Poznan Glowny,423,2,,2026-01-06,0.0,False
325,8000261,7400002,München Hbf,Stockholm Central,1116,2,,2026-01-06,0.333710909272835,False
326,8000261,7900003,München Hbf,Ljubljana,353,2,,2026-01-06,0.0,False
327,8000261,5600207,München Hbf,Bratislava hl.st.,323,4,,2026-01-06,0.27468007731330074,False
328,8002549,8103000,Hamburg Hbf,Wien Hbf,526,2,,2026-01-06,0.049929975420542456,False
329,8002549,8800004,Hamburg Hbf,Bruxelles Midi,383,2,,2026-01-06,0.2669459631641685,False
330,8002549,8800007,Hamburg Hbf,Antwerpen Centraal,401,8,,2026-01-06,0.3194144891288001,False
331,8002549,5400014,Hamburg Hbf,Praha hl.n.,444,4,,2026-01-06,0.07353703378042173,False
332,8002549,8011160,Hamburg Hbf,Berlin Hbf,151,0,,2026-01-06,0.8536000895247204,True
333,8002549,8000096,Hamburg Hbf,Stuttgart Hbf,309,0,,2026-01-06,0.30177194497130866,False
334,8002549,8000261,Hamburg Hbf,München Hbf,339,0,,2026-01-06,0.3248401550369262,False
335,8002549,8003368,Hamburg Hbf,Köln Messe/Deutz,254,4,,2026-01-06,0.21712073223030087,False
336,8002549,8000105,Hamburg Hbf,Frankfurt(Main)Hbf,215,0,,2026-01-06,0.40189711575358983,False
337,8002549,8000085,Hamburg Hbf,Düsseldorf Hbf,220,2,,2026-01-06,0.4089228396615213,False
338,8002549,8010205,Hamburg Hbf,Leipzig Hbf,237,0,,2026-01-06,0.19637638489225076,False
339,8002549,8000080,Hamburg Hbf,Dortmund Hbf,167,0,,2026-01-06,0.48281040149903265,False
340,8002549,8000098,Hamburg Hbf,Essen Hbf,193,2,,2026-01-06,0.4456474959565749,False
341,8002549,8000050,Hamburg Hbf,Bremen Hbf,56,0,,2026-01-06,0.49159863115259,False
342,8002549,8010085,Hamburg Hbf,Dresden Hbf,306,4,,2026-01-06,0.10496278083279881,False
343,8002549,8000152,Hamburg Hbf,Hannover Hbf,75,0,,2026-01-06,0.0,False
344,8002549,8000284,Hamburg Hbf,Nürnberg Hbf,264,0,,2026-01-06,0.23621349173987963,False
345,8002549,8000086,Hamburg Hbf,Duisburg Hbf,206,2,,2026-01-06,0.4355365056634674,False
346,8002549,8601242,Hamburg Hbf,Koebenhavns Lufthavn st,321,2,,2026-01-06,0.09710752764593344,False
347,8002549,7100064,Hamburg Hbf,Barcelona Sants,1025,4,,2026-01-06,0.23792525935476194,False
348,8002549,8700012,Hamburg Hbf,Paris Gare de Lyon,503,4,,2026-01-06,0.27280731100641187,False
349,8002549,8700047,Hamburg Hbf,Bordeaux-St-Jean,645,4,,2026-01-06,0.5222087109273628,True
359,8002549,8200100,Hamburg Hbf,Luxembourg,434,2,,2026-01-06,0.1394907773300058,False
360,8002549,8400597,Hamburg Hbf,Tilburg,341,4,,2026-01-06,0.286780147976576,False
361,8002549,8400058,Hamburg Hbf,Amsterdam Centraal,315,2,,2026-01-06,0.29189567774638303,False
362,8002549,8400530,Hamburg Hbf,Rotterdam Centraal,331,4,,2026-01-06,0.2733985787159817,False
363,8002549,5100065,Hamburg Hbf,Warszawa Centralna,488,2,,2026-01-06,0.2888291557190138,False
364,8002549,5100028,Hamburg Hbf,Krakow Glowny,595,2,,2026-01-06,0.2794724189639461,False
365,8002549,5100069,Hamburg Hbf,Wroclaw Glowny,419,2,,2026-01-06,0.39495590315665924,False
366,8002549,5100081,Hamburg Hbf,Poznan Glowny,341,2,,2026-01-06,0.4431344126209497,False
367,8002549,7400002,Hamburg Hbf,Stockholm Central,643,4,,2026-01-06,0.3395410165087077,False
368,8002549,7900003,Hamburg Hbf,Ljubljana,737,6,,2026-01-06,0.12323366299666635,False
369,8002549,5600207,Hamburg Hbf,Bratislava hl.st.,609,4,,2026-01-06,0.24929322346673288,False
370,8003368,8103000,Köln Messe/Deutz,Wien Hbf,436,2,,2026-01-06,0.372715614738934,False
371,8003368,8800004,Köln Messe/Deutz,Bruxelles Midi,124,2,,2026-01-06,0.22591242810231368,False
372,8003368,8800007,Köln Messe/Deutz,Antwerpen Centraal,155,4,,2026-01-06,0.004998010079170951,False
373,8003368,5400014,Köln Messe/Deutz,Praha hl.n.,516,4,,2026-01-06,0.2693279384534005,False
374,8003368,8011160,Köln Messe/Deutz,Berlin Hbf,261,2,,2026-01-06,0.3392798945262674,False
375,8003368,8000096,Köln Messe/Deutz,Stuttgart Hbf,122,0,,2026-01-06,0.6654649655924554,True
376,8003368,8000261,Köln Messe/Deutz,München Hbf,249,0,,2026-01-06,0.5378489192507556,True
377,8003368,8002549,Köln Messe/Deutz,Hamburg Hbf,222,2,,2026-01-06,0.21712073223030137,False
378,8003368,8000105,Köln Messe/Deutz,Frankfurt(Main)Hbf,66,0,,2026-01-06,0.7898987420016924,True
379,8003368,8000085,Köln Messe/Deutz,Düsseldorf Hbf,19,0,,2026-01-06,0.35071540211482677,False
380,8003368,8010205,Köln Messe/Deutz,Leipzig Hbf,259,4,,2026-01-06,0.029951894713068857,False
381,8003368,8000080,Köln Messe/Deutz,Dortmund Hbf,80,2,,2026-01-06,0.0,False
382,8003368,8000098,Köln Messe/Deutz,Essen Hbf,45,0,,2026-01-06,0.0,False
383,8003368,8000050,Köln Messe/Deutz,Bremen Hbf,193,2,,2026-01-06,0.32459850843984933,False
384,8003368,8010085,Köln Messe/Deutz,Dresden Hbf,345,2,,2026-01-06,0.10333349523162798,False
385,8003368,8000152,Köln Messe/Deutz,Hannover Hbf,165,2,,2026-01-06,0.32583381441556347,False
386,8003368,8000284,Köln Messe/Deutz,Nürnberg Hbf,193,0,,2026-01-06,0.5007373286695176,True
387,8003368,8000086,Köln Messe/Deutz,Duisburg Hbf,32,0,,2026-01-06,0.22379333999314574,False
388,8003368,8601242,Köln Messe/Deutz,Koebenhavns Lufthavn st,596,6,,2026-01-06,0.1512385139934581,False
389,8003368,7100064,Köln Messe/Deutz,Barcelona Sants,712,6,,2026-01-06,0.24414623558434329,False
390,8003368,8700012,Köln Messe/Deutz,Paris Gare de Lyon,250,6,,2026-01-06,0.17312577819717767,False
391,8003368,8700047,Köln Messe/Deutz,Bordeaux-St-Jean,407,4,,2026-01-06,0.5713995127124977,True
392,8003368,8700074,Köln Messe/Deutz,Marseille-St-Charles,510,4,,2026-01-06,0.18301848454995304,False
393,8003368,8700152,Köln Messe/Deutz,Lyon Part Dieu,389,4,,2026-01-06,0.06880756554248882,False
394,8003368,8700065,Köln Messe/Deutz,Toulouse-Matabiau,561,4,,2026-01-06,0.14534364196494132,False
395,8003368,7800020,Köln Messe/Deutz,Zagreb Glavni kolodvor,849,4,,2026-01-06,0.18486011113764167,False
396,8003368,5500728,Köln Messe/Deutz,Budapest-Nyugati,678,5,,2026-01-06,0.29227411375087486,False
397,8003368,8300262,Köln Messe/Deutz,Roma Tiburtina,729,8,,2026-01-06,0.43585428093735773,False
398,8003368,8300047,Köln Messe/Deutz,Milano Porta Garibaldi,524,8,,2026-01-06,0.2739057457856782,False
399,8003368,8300522,Köln Messe/Deutz,Torino Porta Susa,604,8,,2026-01-06,0.0,False
400,8003368,8300153,Köln Messe/Deutz,Genova Piazza Principe,613,8,,2026-01-06,0.0,False
401,8003368,8200100,Köln Messe/Deutz,Luxembourg,222,4,,2026-01-06,0.0,False
402,8003368,8400597,Köln Messe/Deutz,Tilburg,166,6,,2026-01-06,0.0,False
403,8003368,8400058,Köln Messe/Deutz,Amsterdam Centraal,172,2,,2026-01-06,0.0536755388533251,False
404,8003368,8400530,Köln Messe/Deutz,Rotterdam Centraal,183,4,,2026-01-06,0.08568551289660009,False
405,8003368,5100065,Köln Messe/Deutz,Warszawa Centralna,623,8,,2026-01-06,0.16823808215333907,False
406,8003368,5100028,Köln Messe/Deutz,Krakow Glowny,697,4,,2026-01-06,0.013436433159037408,False
407,8003368,5100069,Köln Messe/Deutz,Wroclaw Glowny,512,4,,2026-01-06,0.01751805416134181,False
408,8003368,5100081,Köln Messe/Deutz,Poznan Glowny,478,6,,2026-01-06,0.22899534080732664,False
409,8003368,7400002,Köln Messe/Deutz,Stockholm Central,930,6,,2026-01-06,0.3067972193171797,False
410,8003368,7900003,Köln Messe/Deutz,Ljubljana,665,4,,2026-01-06,0.21178562677122417,False
411,8003368,5600207,Köln Messe/Deutz,Bratislava hl.st.,519,4,,2026-01-06,0.34781698812765094,False
412,8000105,8103000,Frankfurt(Main)Hbf,Wien Hbf,362,0,,2026-01-06,0.26912044969748916,False
413,8000105,8800004,Frankfurt(Main)Hbf,Bruxelles Midi,181,0,,2026-01-06,0.4773103026786732,False
414,8000105,8800007,Frankfurt(Main)Hbf,Antwerpen Centraal,212,2,,2026-01-06,0.3518803515964102,False
415,8000105,5400014,Frankfurt(Main)Hbf,Praha hl.n.,430,4,,2026-01-06,0.10389648273716928,False
416,8000105,8011160,Frankfurt(Main)Hbf,Berlin Hbf,232,0,,2026-01-06,0.4498311167541064,False
417,8000105,8000096,Frankfurt(Main)Hbf,Stuttgart Hbf,78,0,,2026-01-06,0.25381742855513645,False
418,8000105,8000261,Frankfurt(Main)Hbf,München Hbf,189,0,,2026-01-06,0.4182783965937256,False
419,8000105,8002549,Frankfurt(Main)Hbf,Hamburg Hbf,215,0,,2026-01-06,0.40189711575358855,False
420,8000105,8003368,Frankfurt(Main)Hbf,Köln Messe/Deutz,66,0,,2026-01-06,0.7898987420016917,True
421,8000105,8000085,Frankfurt(Main)Hbf,Düsseldorf Hbf,88,0,,2026-01-06,0.7232382379328183,True
422,8000105,8010205,Frankfurt(Main)Hbf,Leipzig Hbf,174,0,,2026-01-06,0.1192478500797943,False
423,8000105,8000080,Frankfurt(Main)Hbf,Dortmund Hbf,149,2,,2026-01-06,0.0,False
424,8000105,8000098,Frankfurt(Main)Hbf,Essen Hbf,118,0,,2026-01-06,0.5697868485820086,True
425,8000105,8000050,Frankfurt(Main)Hbf,Bremen Hbf,228,2,,2026-01-06,0.4678770267320608,False
426,8000105,8010085,Frankfurt(Main)Hbf,Dresden Hbf,264,0,,2026-01-06,0.18923285573664278,False
427,8000105,8000152,Frankfurt(Main)Hbf,Hannover Hbf,134,0,,2026-01-06,0.5989083755120196,True
428,8000105,8000284,Frankfurt(Main)Hbf,Nürnberg Hbf,121,0,,2026-01-06,0.26215518331385007,False
429,8000105,8000086,Frankfurt(Main)Hbf,Duisburg Hbf,105,0,,2026-01-06,0.6553847293102197,True
430,8000105,8601242,Frankfurt(Main)Hbf,Koebenhavns Lufthavn st,582,4,,2026-01-06,0.2488702820840053,False
431,8000105,7100064,Frankfurt(Main)Hbf,Barcelona Sants,750,4,,2026-01-06,0.3573111824624631,False
432,8000105,8700012,Frankfurt(Main)Hbf,Paris Gare de Lyon,264,4,,2026-01-06,0.49818228596959385,False
433,8000105,8700047,Frankfurt(Main)Hbf,Bordeaux-St-Jean,414,4,,2026-01-06,0.7111775735022036,True
434,8000105,8700074,Frankfurt(Main)Hbf,Marseille-St-Charles,464,0,,2026-01-06,0.32962608274080774,False
435,8000105,8700152,Frankfurt(Main)Hbf,Lyon Part Dieu,362,2,,2026-01-06,0.2748569041757697,False
436,8000105,8700065,Frankfurt(Main)Hbf,Toulouse-Matabiau,560,4,,2026-01-06,0.22339751963863508,False
437,8000105,7800020,Frankfurt(Main)Hbf,Zagreb Glavni kolodvor,803,4,,2026-01-06,0.06845090528677317,False
438,8000105,5500728,Frankfurt(Main)Hbf,Budapest-Nyugati,579,7,,2026-01-06,0.20075958718415085,False
439,8000105,8300262,Frankfurt(Main)Hbf,Roma Tiburtina,679,9,,2026-01-06,0.34501869092147497,False
440,8000105,8300047,Frankfurt(Main)Hbf,Milano Porta Garibaldi,459,8,,2026-01-06,0.12376913056443752,False
441,8000105,8300522,Frankfurt(Main)Hbf,Torino Porta Susa,549,8,,2026-01-06,0.1977173567167985,False
442,8000105,8300153,Frankfurt(Main)Hbf,Genova Piazza Principe,564,6,,2026-01-06,0.10875584406564802,False
443,8000105,8200100,Frankfurt(Main)Hbf,Luxembourg,235,4,,2026-01-06,0.0,False
444,8000105,8400597,Frankfurt(Main)Hbf,Tilburg,237,6,,2026-01-06,0.40082374009894306,False
445,8000105,8400058,Frankfurt(Main)Hbf,Amsterdam Centraal,235,0,,2026-01-06,0.3597771466336886,False
446,8000105,8400530,Frankfurt(Main)Hbf,Rotterdam Centraal,246,2,,2026-01-06,0.38596448983518356,False
447,8000105,5100065,Frankfurt(Main)Hbf,Warszawa Centralna,583,4,,2026-01-06,0.14678922911809925,False
448,8000105,5100028,Frankfurt(Main)Hbf,Krakow Glowny,662,2,,2026-01-06,0.09444795185029307,False
449,8000105,5100069,Frankfurt(Main)Hbf,Wroclaw Glowny,431,2,,2026-01-06,0.12772274903655736,False
450,8000105,5100081,Frankfurt(Main)Hbf,Poznan Glowny,438,2,,2026-01-06,0.20557859061117353,False
451,8000105,7400002,Frankfurt(Main)Hbf,Stockholm Central,889,6,,2026-01-06,0.35862660829943277,False
452,8000105,7900003,Frankfurt(Main)Hbf,Ljubljana,552,4,,2026-01-06,0.08060927491985512,False
453,8000105,5600207,Frankfurt(Main)Hbf,Bratislava hl.st.,445,2,,2026-01-06,0.24722478950806862,False
454,8000085,8103000,Düsseldorf Hbf,Wien Hbf,461,2,,2026-01-06,0.37325039044895636,False
455,8000085,8800004,Düsseldorf Hbf,Bruxelles Midi,156,2,,2026-01-06,0.0,False
456,8000085,8800007,Düsseldorf Hbf,Antwerpen Centraal,188,4,,2026-01-06,0.0,False
457,8000085,5400014,Düsseldorf Hbf,Praha hl.n.,539,4,,2026-01-06,0.2746772241867171,False
458,8000085,8011160,Düsseldorf Hbf,Berlin Hbf,254,2,,2026-01-06,0.3812589114117272,False
459,8000085,8000096,Düsseldorf Hbf,Stuttgart Hbf,147,0,,2026-01-06,0.6392974086211651,True
460,8000085,8000261,Düsseldorf Hbf,München Hbf,274,0,,2026-01-06,0.5290281597230622,True
461,8000085,8002549,Düsseldorf Hbf,Hamburg Hbf,193,0,,2026-01-06,0.4089228396615211,False
462,8000085,8003368,Düsseldorf Hbf,Köln Messe/Deutz,20,0,,2026-01-06,0.35071540211482705,False
463,8000085,8000105,Düsseldorf Hbf,Frankfurt(Main)Hbf,89,0,,2026-01-06,0.7232382379328185,True
464,8000085,8010205,Düsseldorf Hbf,Leipzig Hbf,282,4,,2026-01-06,0.03106740575666174,False
465,8000085,8000080,Düsseldorf Hbf,Dortmund Hbf,47,0,,2026-01-06,0.0,False
466,8000085,8000098,Düsseldorf Hbf,Essen Hbf,24,0,,2026-01-06,0.0,False
467,8000085,8000050,Düsseldorf Hbf,Bremen Hbf,160,0,,2026-01-06,0.36499636465269103,False
477,8000085,8700152,Düsseldorf Hbf,Lyon Part Dieu,457,6,,2026-01-06,0.08319967553298395,False
478,8000085,8700065,Düsseldorf Hbf,Toulouse-Matabiau,589,4,,2026-01-06,0.14225347739651792,False
479,8000085,7800020,Düsseldorf Hbf,Zagreb Glavni kolodvor,880,4,,2026-01-06,0.19111113697772755,False
480,8000085,5500728,Düsseldorf Hbf,Budapest-Nyugati,703,5,,2026-01-06,0.2950809827511633,False
481,8000085,8300262,Düsseldorf Hbf,Roma Tiburtina,754,8,,2026-01-06,0.43463620829382477,False
482,8000085,8300047,Düsseldorf Hbf,Milano Porta Garibaldi,542,6,,2026-01-06,0.27750879532497136,False
483,8000085,8300522,Düsseldorf Hbf,Torino Porta Susa,617,8,,2026-01-06,0.013232631068234364,False
484,8000085,8300153,Düsseldorf Hbf,Genova Piazza Principe,638,8,,2026-01-06,0.011500507544471185,False
485,8000085,8200100,Düsseldorf Hbf,Luxembourg,236,4,,2026-01-06,0.05077791281216341,False
486,8000085,8400597,Düsseldorf Hbf,Tilburg,137,4,,2026-01-06,0.0,False
487,8000085,8400058,Düsseldorf Hbf,Amsterdam Centraal,138,0,,2026-01-06,0.0,False
488,8000085,8400530,Düsseldorf Hbf,Rotterdam Centraal,149,2,,2026-01-06,0.09609526475410153,False
489,8000085,5100065,Düsseldorf Hbf,Warszawa Centralna,586,6,,2026-01-06,0.18572164866292876,False
490,8000085,5100028,Düsseldorf Hbf,Krakow Glowny,698,2,,2026-01-06,0.013656403907935733,False
491,8000085,5100069,Düsseldorf Hbf,Wroclaw Glowny,522,2,,2026-01-06,0.01789383433354488,False
492,8000085,5100081,Düsseldorf Hbf,Poznan Glowny,441,4,,2026-01-06,0.2543857339790714,False
493,8000085,7400002,Düsseldorf Hbf,Stockholm Central,901,6,,2026-01-06,0.3571388590523948,False
494,8000085,7900003,Düsseldorf Hbf,Ljubljana,690,4,,2026-01-06,0.217965277056652,False
495,8000085,5600207,Düsseldorf Hbf,Bratislava hl.st.,544,4,,2026-01-06,0.34919054336113986,False
496,8010205,8103000,Leipzig Hbf,Wien Hbf,380,4,,2026-01-06,0.07714520310916571,False
497,8010205,8800004,Leipzig Hbf,Bruxelles Midi,406,2,,2026-01-06,0.021276649440770592,False
498,8010205,8800007,Leipzig Hbf,Antwerpen Centraal,437,4,,2026-01-06,0.022189667876761687,False
499,8010205,5400014,Leipzig Hbf,Praha hl.n.,240,2,,2026-01-06,0.15348941740163852,False
500,8010205,8011160,Leipzig Hbf,Berlin Hbf,74,0,,2026-01-06,0.7760407747158288,True
501,8010205,8000096,Leipzig Hbf,Stuttgart Hbf,265,4,,2026-01-06,0.21882477564522892,False
502,8010205,8000261,Leipzig Hbf,München Hbf,187,0,,2026-01-06,0.0,False
503,8010205,8002549,Leipzig Hbf,Hamburg Hbf,236,2,,2026-01-06,0.19637638489225007,False
504,8010205,8003368,Leipzig Hbf,Köln Messe/Deutz,255,4,,2026-01-06,0.029951894713068746,False
505,8010205,8000105,Leipzig Hbf,Frankfurt(Main)Hbf,175,0,,2026-01-06,0.11924785007979426,False
506,8010205,8000085,Leipzig Hbf,Düsseldorf Hbf,277,4,,2026-01-06,0.031067405756661573,False
507,8010205,8000080,Leipzig Hbf,Dortmund Hbf,265,0,,2026-01-06,0.07399484112856596,False
508,8010205,8000098,Leipzig Hbf,Essen Hbf,294,2,,2026-01-06,0.03314435822265541,False
509,8010205,8000050,Leipzig Hbf,Bremen Hbf,244,2,,2026-01-06,0.034183418861829046,False
510,8010205,8010085,Leipzig Hbf,Dresden Hbf,65,0,,2026-01-06,0.41113295513033493,False
511,8010205,8000152,Leipzig Hbf,Hannover Hbf,161,0,,2026-01-06,0.0,False
512,8010205,8000284,Leipzig Hbf,Nürnberg Hbf,115,2,,2026-01-06,0.3513747234627041,False
513,8010205,8000086,Leipzig Hbf,Duisburg Hbf,290,4,,2026-01-06,0.03176921198241835,False
514,8010205,8601242,Leipzig Hbf,Koebenhavns Lufthavn st,616,4,,2026-01-06,0.1385256598017694,False
515,8010205,7100064,Leipzig Hbf,Barcelona Sants,1192,6,,2026-01-06,0.2839556678823592,False
516,8010205,8700012,Leipzig Hbf,Paris Gare de Lyon,481,4,,2026-01-06,0.35765926231621087,False
517,8010205,8700047,Leipzig Hbf,Bordeaux-St-Jean,625,6,,2026-01-06,0.5674915971031266,True
518,8010205,8700074,Leipzig Hbf,Marseille-St-Charles,657,2,,2026-01-06,0.24616175713071461,False
519,8010205,8700152,Leipzig Hbf,Lyon Part Dieu,549,2,,2026-01-06,0.18513549140456206,False
520,8010205,8700065,Leipzig Hbf,Toulouse-Matabiau,805,4,,2026-01-06,0.17658554805556653,False
521,8010205,7800020,Leipzig Hbf,Zagreb Glavni kolodvor,819,2,,2026-01-06,0.0,False
522,8010205,5500728,Leipzig Hbf,Budapest-Nyugati,631,3,,2026-01-06,0.05677823565000235,False
523,8010205,8300262,Leipzig Hbf,Roma Tiburtina,799,4,,2026-01-06,0.34653159099714664,False
524,8010205,8300047,Leipzig Hbf,Milano Porta Garibaldi,640,8,,2026-01-06,0.1507832114096098,False
525,8010205,8300522,Leipzig Hbf,Torino Porta Susa,714,6,,2026-01-06,0.23086395584287744,False
526,8010205,8300153,Leipzig Hbf,Genova Piazza Principe,765,6,,2026-01-06,0.13433784778438923,False
527,8010205,8200100,Leipzig Hbf,Luxembourg,421,4,,2026-01-06,0.05216431611228664,False
528,8010205,8400597,Leipzig Hbf,Tilburg,436,8,,2026-01-06,0.024142164224937878,False
529,8010205,8400058,Leipzig Hbf,Amsterdam Centraal,439,2,,2026-01-06,0.0,False
530,8010205,8400530,Leipzig Hbf,Rotterdam Centraal,461,4,,2026-01-06,0.04261558142651154,False
531,8010205,5100065,Leipzig Hbf,Warszawa Centralna,402,4,,2026-01-06,0.0,False
532,8010205,5100028,Leipzig Hbf,Krakow Glowny,433,0,,2026-01-06,0.07893360663045389,False
533,8010205,5100069,Leipzig Hbf,Wroclaw Glowny,214,0,,2026-01-06,0.13615413208168933,False
534,8010205,5100081,Leipzig Hbf,Poznan Glowny,257,2,,2026-01-06,0.0,False
535,8010205,7400002,Leipzig Hbf,Stockholm Central,1035,4,,2026-01-06,0.30498576823272966,False
536,8010205,7900003,Leipzig Hbf,Ljubljana,632,6,,2026-01-06,0.0,False
537,8010205,5600207,Leipzig Hbf,Bratislava hl.st.,472,2,,2026-01-06,0.07385879889941396,False
538,8000080,8103000,Dortmund Hbf,Wien Hbf,548,4,,2026-01-06,0.20513596774068202,False
539,8000080,8800004,Dortmund Hbf,Bruxelles Midi,225,2,,2026-01-06,0.0,False
540,8000080,8800007,Dortmund Hbf,Antwerpen Centraal,237,6,,2026-01-06,0.0,False
541,8000080,5400014,Dortmund Hbf,Praha hl.n.,459,2,,2026-01-06,0.10844870105435163,False
542,8000080,8011160,Dortmund Hbf,Berlin Hbf,210,0,,2026-01-06,0.43830060848838454,False
543,8000080,8000096,Dortmund Hbf,Stuttgart Hbf,215,2,,2026-01-06,0.10584609919642321,False
544,8000080,8000261,Dortmund Hbf,München Hbf,338,2,,2026-01-06,0.26491757116765186,False
545,8000080,8002549,Dortmund Hbf,Hamburg Hbf,170,0,,2026-01-06,0.48281040149903326,False
546,8000080,8003368,Dortmund Hbf,Köln Messe/Deutz,80,2,,2026-01-06,0.0,False
547,8000080,8000105,Dortmund Hbf,Frankfurt(Main)Hbf,150,2,,2026-01-06,0.0,False
548,8000080,8000085,Dortmund Hbf,Düsseldorf Hbf,54,0,,2026-01-06,0.0,False
549,8000080,8010205,Dortmund Hbf,Leipzig Hbf,267,2,,2026-01-06,0.073994841128566,False
550,8000080,8000098,Dortmund Hbf,Essen Hbf,22,0,,2026-01-06,0.0,False
551,8000080,8000050,Dortmund Hbf,Bremen Hbf,109,0,,2026-01-06,0.4597880787664714,False
552,8000080,8010085,Dortmund Hbf,Dresden Hbf,321,2,,2026-01-06,0.1485695429647359,False
553,8000080,8000152,Dortmund Hbf,Hannover Hbf,102,0,,2026-01-06,0.5410589980334649,True
554,8000080,8000284,Dortmund Hbf,Nürnberg Hbf,277,2,,2026-01-06,0.130022094664511,False
555,8000080,8000086,Dortmund Hbf,Duisburg Hbf,35,0,,2026-01-06,0.0,False
556,8000080,8601242,Dortmund Hbf,Koebenhavns Lufthavn st,543,4,,2026-01-06,0.24864470968900046,False
557,8000080,7100064,Dortmund Hbf,Barcelona Sants,818,6,,2026-01-06,0.22845974337333513,False
558,8000080,8700012,Dortmund Hbf,Paris Gare de Lyon,347,6,,2026-01-06,0.1447904132877616,False
559,8000080,8700047,Dortmund Hbf,Bordeaux-St-Jean,504,4,,2026-01-06,0.5256406104326145,True
560,8000080,8700074,Dortmund Hbf,Marseille-St-Charles,607,4,,2026-01-06,0.1679072313040355,False
561,8000080,8700152,Dortmund Hbf,Lyon Part Dieu,486,4,,2026-01-06,0.060918854283147916,False
562,8000080,8700065,Dortmund Hbf,Toulouse-Matabiau,658,4,,2026-01-06,0.13460196553453704,False
563,8000080,7800020,Dortmund Hbf,Zagreb Glavni kolodvor,981,4,,2026-01-06,0.05497723618347506,False
564,8000080,5500728,Dortmund Hbf,Budapest-Nyugati,758,9,,2026-01-06,0.16286407829271538,False
565,8000080,8300262,Dortmund Hbf,Roma Tiburtina,813,7,,2026-01-06,0.26518752826571823,False
566,8000080,8300047,Dortmund Hbf,Milano Porta Garibaldi,593,6,,2026-01-06,0.06915703594313959,False
567,8000080,8300522,Dortmund Hbf,Torino Porta Susa,668,8,,2026-01-06,0.0,False
568,8000080,8300153,Dortmund Hbf,Genova Piazza Principe,706,6,,2026-01-06,0.0,False
569,8000080,8200100,Dortmund Hbf,Luxembourg,287,4,,2026-01-06,0.0,False
570,8000080,8400597,Dortmund Hbf,Tilburg,170,8,,2026-01-06,0.0,False
571,8000080,8400058,Dortmund Hbf,Amsterdam Centraal,176,2,,2026-01-06,0.0,False
572,8000080,8400530,Dortmund Hbf,Rotterdam Centraal,184,4,,2026-01-06,0.0,False
573,8000080,5100065,Dortmund Hbf,Warszawa Centralna,527,4,,2026-01-06,0.19829263872892436,False
574,8000080,5100028,Dortmund Hbf,Krakow Glowny,650,2,,2026-01-06,0.030066297913193894,False
575,8000080,5100069,Dortmund Hbf,Wroclaw Glowny,463,2,,2026-01-06,0.04013424278861047,False
576,8000080,5100081,Dortmund Hbf,Poznan Glowny,382,2,,2026-01-06,0.27857576620022423,False
577,8000080,7400002,Dortmund Hbf,Stockholm Central,851,6,,2026-01-06,0.3715557511065431,False
578,8000080,7900003,Dortmund Hbf,Ljubljana,756,8,,2026-01-06,0.06255529777095707,False
579,8000080,5600207,Dortmund Hbf,Bratislava hl.st.,631,6,,2026-01-06,0.19216323573768923,False
580,8000098,8103000,Essen Hbf,Wien Hbf,527,2,,2026-01-06,0.3464228012412872,False
581,8000098,8800004,Essen Hbf,Bruxelles Midi,195,4,,2026-01-06,0.0,False
582,8000098,8800007,Essen Hbf,Antwerpen Centraal,207,6,,2026-01-06,0.0,False
583,8000098,5400014,Essen Hbf,Praha hl.n.,486,2,,2026-01-06,0.0830358983562008,False
584,8000098,8011160,Essen Hbf,Berlin Hbf,235,0,,2026-01-06,0.40833848970963027,False
585,8000098,8000096,Essen Hbf,Stuttgart Hbf,192,2,,2026-01-06,0.5535885102701992,True
586,8000098,8000261,Essen Hbf,München Hbf,314,0,,2026-01-06,0.47979130864227965,False
587,8000098,8002549,Essen Hbf,Hamburg Hbf,166,0,,2026-01-06,0.44564749595657477,False
588,8000098,8003368,Essen Hbf,Köln Messe/Deutz,49,0,,2026-01-06,0.0,False
589,8000098,8000105,Essen Hbf,Frankfurt(Main)Hbf,118,0,,2026-01-06,0.569786848582009,True
590,8000098,8000085,Essen Hbf,Düsseldorf Hbf,26,0,,2026-01-06,0.0,False
591,8000098,8010205,Essen Hbf,Leipzig Hbf,294,2,,2026-01-06,0.0331443582226555,False
592,8000098,8000080,Essen Hbf,Dortmund Hbf,23,0,,2026-01-06,0.0,False
593,8000098,8000050,Essen Hbf,Bremen Hbf,132,0,,2026-01-06,0.41057681862796325,False
594,8000098,8010085,Essen Hbf,Dresden Hbf,348,2,,2026-01-06,0.11207217747228498,False
595,8000098,8000152,Essen Hbf,Hannover Hbf,128,0,,2026-01-06,0.4649389062185361,False
596,8000098,8000284,Essen Hbf,Nürnberg Hbf,245,0,,2026-01-06,0.4270424262854777,False
597,8000098,8000086,Essen Hbf,Duisburg Hbf,12,0,,2026-01-06,0.0,False
598,8000098,8601242,Essen Hbf,Koebenhavns Lufthavn st,540,4,,2026-01-06,0.24075695145258202,False
599,8000098,7100064,Essen Hbf,Barcelona Sants,783,8,,2026-01-06,0.23193308880549535,False
600,8000098,8700012,Essen Hbf,Paris Gare de Lyon,317,8,,2026-01-06,0.1538051954874592,False
601,8000098,8700047,Essen Hbf,Bordeaux-St-Jean,474,6,,2026-01-06,0.5419743131298778,True
602,8000098,8700074,Essen Hbf,Marseille-St-Charles,577,6,,2026-01-06,0.17120199142306639,False
603,8000098,8700152,Essen Hbf,Lyon Part Dieu,462,4,,2026-01-06,0.06259146329427706,False
604,8000098,8700065,Essen Hbf,Toulouse-Matabiau,628,6,,2026-01-06,0.1382119926687187,False
605,8000098,7800020,Essen Hbf,Zagreb Glavni kolodvor,911,4,,2026-01-06,0.1740367926490844,False
606,8000098,5500728,Essen Hbf,Budapest-Nyugati,734,9,,2026-01-06,0.2758559097099107,False
607,8000098,8300262,Essen Hbf,Roma Tiburtina,789,7,,2026-01-06,0.41517548773935964,False
608,8000098,8300047,Essen Hbf,Milano Porta Garibaldi,569,6,,2026-01-06,0.2573972772532844,False
609,8000098,8300522,Essen Hbf,Torino Porta Susa,644,8,,2026-01-06,0.0,False
610,8000098,8300153,Essen Hbf,Genova Piazza Principe,704,4,,2026-01-06,0.0,False
611,8000098,8200100,Essen Hbf,Luxembourg,263,4,,2026-01-06,0.0,False
612,8000098,8400597,Essen Hbf,Tilburg,139,6,,2026-01-06,0.0,False
613,8000098,8400058,Essen Hbf,Amsterdam Centraal,146,2,,2026-01-06,0.0,False
614,8000098,8400530,Essen Hbf,Rotterdam Centraal,157,4,,2026-01-06,0.0,False
615,8000098,5100065,Essen Hbf,Warszawa Centralna,551,4,,2026-01-06,0.19192159528406122,False
616,8000098,5100028,Essen Hbf,Krakow Glowny,672,2,,2026-01-06,0.01404322959255824,False
617,8000098,5100069,Essen Hbf,Wroclaw Glowny,496,2,,2026-01-06,0.018563847533027245,False
618,8000098,5100081,Essen Hbf,Poznan Glowny,406,2,,2026-01-06,0.2661629297937141,False
619,8000098,7400002,Essen Hbf,Stockholm Central,875,6,,2026-01-06,0.3647601151276999,False
620,8000098,7900003,Essen Hbf,Ljubljana,743,8,,2026-01-06,0.19769990515442715,False
621,8000098,5600207,Essen Hbf,Bratislava hl.st.,610,4,,2026-01-06,0.3248113150540376,False
622,8000050,8103000,Bremen Hbf,Wien Hbf,512,4,,2026-01-06,0.013251605482907007,False
623,8000050,8800004,Bremen Hbf,Bruxelles Midi,324,2,,2026-01-06,0.21264070026933402,False
624,8000050,8800007,Bremen Hbf,Antwerpen Centraal,342,8,,2026-01-06,0.08947019505477899,False
625,8000050,5400014,Bremen Hbf,Praha hl.n.,436,4,,2026-01-06,0.01928926018586131,False
626,8000050,8011160,Bremen Hbf,Berlin Hbf,166,2,,2026-01-06,0.09959991317052677,False
627,8000050,8000096,Bremen Hbf,Stuttgart Hbf,321,2,,2026-01-06,0.34335646471911924,False
628,8000050,8000261,Bremen Hbf,München Hbf,325,2,,2026-01-06,0.414744780157236,False
629,8000050,8002549,Bremen Hbf,Hamburg Hbf,55,0,,2026-01-06,0.49159863115259006,False
630,8000050,8003368,Bremen Hbf,Köln Messe/Deutz,194,2,,2026-01-06,0.32459850843984905,False
631,8000050,8000105,Bremen Hbf,Frankfurt(Main)Hbf,227,2,,2026-01-06,0.4678770267320624,False
632,8000050,8000085,Bremen Hbf,Düsseldorf Hbf,159,0,,2026-01-06,0.3649963646526914,False
633,8000050,8010205,Bremen Hbf,Leipzig Hbf,242,2,,2026-01-06,0.0341834188618289,False
634,8000050,8000080,Bremen Hbf,Dortmund Hbf,107,0,,2026-01-06,0.4597880787664716,False
635,8000050,8000098,Bremen Hbf,Essen Hbf,132,0,,2026-01-06,0.4105768186279629,False
636,8000050,8010085,Bremen Hbf,Dresden Hbf,298,4,,2026-01-06,0.027111296339854606,False
637,8000050,8000152,Bremen Hbf,Hannover Hbf,59,0,,2026-01-06,0.10725799743128274,False
638,8000050,8000284,Bremen Hbf,Nürnberg Hbf,251,2,,2026-01-06,0.34866254241440925,False
639,8000050,8000086,Bremen Hbf,Duisburg Hbf,145,0,,2026-01-06,0.3977375736177573,False
640,8000050,8601242,Bremen Hbf,Koebenhavns Lufthavn st,416,4,,2026-01-06,0.17037914746403965,False
641,8000050,7100064,Bremen Hbf,Barcelona Sants,1150,8,,2026-01-06,0.25947581031165795,False
642,8000050,8700012,Bremen Hbf,Paris Gare de Lyon,515,6,,2026-01-06,0.2394569429081423,False
643,8000050,8700047,Bremen Hbf,Bordeaux-St-Jean,657,6,,2026-01-06,0.5212142643332875,True
644,8000050,8700074,Bremen Hbf,Marseille-St-Charles,722,2,,2026-01-06,0.21634675485321853,False
645,8000050,8700152,Bremen Hbf,Lyon Part Dieu,614,2,,2026-01-06,0.14726587416233017,False
646,8000050,8700065,Bremen Hbf,Toulouse-Matabiau,1140,4,,2026-01-06,0.18558792475717958,False
647,8000050,7800020,Bremen Hbf,Zagreb Glavni kolodvor,1035,6,,2026-01-06,0.15487809790771334,False
648,8000050,5500728,Bremen Hbf,Budapest-Nyugati,753,9,,2026-01-06,0.010811147762375154,False
649,8000050,8300262,Bremen Hbf,Roma Tiburtina,1125,6,,2026-01-06,0.41122736652757547,False
650,8000050,8300047,Bremen Hbf,Milano Porta Garibaldi,705,6,,2026-01-06,0.26625705104392,False
651,8000050,8300522,Bremen Hbf,Torino Porta Susa,804,8,,2026-01-06,0.07925624997439461,False
652,8000050,8300153,Bremen Hbf,Genova Piazza Principe,820,6,,2026-01-06,0.24191006315467797,False
653,8000050,8200100,Bremen Hbf,Luxembourg,399,4,,2026-01-06,0.1890573992113039,False
654,8000050,8400597,Bremen Hbf,Tilburg,281,4,,2026-01-06,0.0,False
655,8000050,8400058,Bremen Hbf,Amsterdam Centraal,255,2,,2026-01-06,0.0,False
656,8000050,8400530,Bremen Hbf,Rotterdam Centraal,281,6,,2026-01-06,0.0,False
657,8000050,5100065,Bremen Hbf,Warszawa Centralna,521,6,,2026-01-06,0.03751074296330067,False
658,8000050,5100028,Bremen Hbf,Krakow Glowny,627,4,,2026-01-06,0.03636366710163844,False
659,8000050,5100069,Bremen Hbf,Wroclaw Glowny,435,4,,2026-01-06,0.05022673326398677,False
660,8000050,5100081,Bremen Hbf,Poznan Glowny,376,4,,2026-01-06,0.055826486315967365,False
661,8000050,7400002,Bremen Hbf,Stockholm Central,738,6,,2026-01-06,0.3535479575798344,False
662,8000050,7900003,Bremen Hbf,Ljubljana,723,8,,2026-01-06,0.17454987490604368,False
663,8000050,5600207,Bremen Hbf,Bratislava hl.st.,595,6,,2026-01-06,0.01289065410745677,False
664,8010085,8103000,Dresden Hbf,Wien Hbf,399,4,,2026-01-06,0.0,False
665,8010085,8800004,Dresden Hbf,Bruxelles Midi,493,4,,2026-01-06,0.0776900783129271,False
666,8010085,8800007,Dresden Hbf,Antwerpen Centraal,524,6,,2026-01-06,0.08052903354397446,False
667,8010085,5400014,Dresden Hbf,Praha hl.n.,135,0,,2026-01-06,0.0,False
668,8010085,8011160,Dresden Hbf,Berlin Hbf,96,0,,2026-01-06,0.28475711575188956,False
669,8010085,8000096,Dresden Hbf,Stuttgart Hbf,342,4,,2026-01-06,0.0,False
670,8010085,8000261,Dresden Hbf,München Hbf,266,2,,2026-01-06,0.0,False
671,8010085,8002549,Dresden Hbf,Hamburg Hbf,276,2,,2026-01-06,0.10496278083279859,False
672,8010085,8003368,Dresden Hbf,Köln Messe/Deutz,352,4,,2026-01-06,0.10333349523162781,False
673,8010085,8000105,Dresden Hbf,Frankfurt(Main)Hbf,262,2,,2026-01-06,0.18923285573664297,False
674,8010085,8000085,Dresden Hbf,Düsseldorf Hbf,374,4,,2026-01-06,0.1064270126550553,False
675,8010085,8010205,Dresden Hbf,Leipzig Hbf,69,0,,2026-01-06,0.41113295513033543,False
676,8010085,8000080,Dresden Hbf,Dortmund Hbf,319,2,,2026-01-06,0.14856954296473637,False
677,8010085,8000098,Dresden Hbf,Essen Hbf,345,2,,2026-01-06,0.11207217747228491,False
678,8010085,8000050,Dresden Hbf,Bremen Hbf,297,4,,2026-01-06,0.02711129633985462,False
679,8010085,8000152,Dresden Hbf,Hannover Hbf,215,2,,2026-01-06,0.0,False
680,8010085,8000284,Dresden Hbf,Nürnberg Hbf,191,2,,2026-01-06,0.0,False
681,8010085,8000086,Dresden Hbf,Duisburg Hbf,359,2,,2026-01-06,0.10835101515398525,False
682,8010085,8601242,Dresden Hbf,Koebenhavns Lufthavn st,653,6,,2026-01-06,0.2582775550721914,False
683,8010085,7100064,Dresden Hbf,Barcelona Sants,1331,8,,2026-01-06,0.2924254244070793,False
684,8010085,8700012,Dresden Hbf,Paris Gare de Lyon,551,4,,2026-01-06,0.3638165394347639,False
685,8010085,8700047,Dresden Hbf,Bordeaux-St-Jean,712,8,,2026-01-06,0.5565507734156929,True
686,8010085,8700074,Dresden Hbf,Marseille-St-Charles,744,4,,2026-01-06,0.2594905602558892,False
687,8010085,8700152,Dresden Hbf,Lyon Part Dieu,636,4,,2026-01-06,0.20832658834731943,False
688,8010085,8700065,Dresden Hbf,Toulouse-Matabiau,1093,8,,2026-01-06,0.19293975215549694,False
689,8010085,7800020,Dresden Hbf,Zagreb Glavni kolodvor,978,8,,2026-01-06,0.0,False
690,8010085,5500728,Dresden Hbf,Budapest-Nyugati,558,2,,2026-01-06,0.0,False
691,8010085,8300262,Dresden Hbf,Roma Tiburtina,1058,8,,2026-01-06,0.24206520124384712,False
692,8010085,8300047,Dresden Hbf,Milano Porta Garibaldi,760,8,,2026-01-06,0.02816310777043591,False
693,8010085,8300522,Dresden Hbf,Torino Porta Susa,872,8,,2026-01-06,0.11770224153206814,False
694,8010085,8300153,Dresden Hbf,Genova Piazza Principe,875,8,,2026-01-06,0.025251510479789633,False
695,8010085,8200100,Dresden Hbf,Luxembourg,508,6,,2026-01-06,0.10667947457220568,False
696,8010085,8400597,Dresden Hbf,Tilburg,531,4,,2026-01-06,0.08648528357097406,False
697,8010085,8400058,Dresden Hbf,Amsterdam Centraal,506,2,,2026-01-06,0.0,False
698,8010085,8400530,Dresden Hbf,Rotterdam Centraal,527,6,,2026-01-06,0.0,False
699,8010085,5100065,Dresden Hbf,Warszawa Centralna,445,2,,2026-01-06,0.0,False
700,8010085,5100028,Dresden Hbf,Krakow Glowny,421,4,,2026-01-06,0.0,False
701,8010085,5100069,Dresden Hbf,Wroclaw Glowny,210,2,,2026-01-06,0.0,False
702,8010085,5100081,Dresden Hbf,Poznan Glowny,280,2,,2026-01-06,0.0,False
703,8010085,7400002,Dresden Hbf,Stockholm Central,1101,4,,2026-01-06,0.3679521125578886,False
704,8010085,7900003,Dresden Hbf,Ljubljana,667,8,,2026-01-06,0.0,False
705,8010085,5600207,Dresden Hbf,Bratislava hl.st.,412,2,,2026-01-06,0.0,False
706,8000152,8103000,Hannover Hbf,Wien Hbf,440,2,,2026-01-06,0.0,False
707,8000152,8800004,Hannover Hbf,Bruxelles Midi,295,2,,2026-01-06,0.22918620048381474,False
708,8000152,8800007,Hannover Hbf,Antwerpen Centraal,326,4,,2026-01-06,0.24336676582590114,False
709,8000152,5400014,Hannover Hbf,Praha hl.n.,354,2,,2026-01-06,0.0,False
710,8000152,8011160,Hannover Hbf,Berlin Hbf,93,0,,2026-01-06,0.3547949676542535,False
711,8000152,8000096,Hannover Hbf,Stuttgart Hbf,225,0,,2026-01-06,0.4007588530542613,False
712,8000152,8000261,Hannover Hbf,München Hbf,253,0,,2026-01-06,0.4783217020827827,False
713,8000152,8002549,Hannover Hbf,Hamburg Hbf,81,0,,2026-01-06,0.0,False
714,8000152,8003368,Hannover Hbf,Köln Messe/Deutz,166,2,,2026-01-06,0.3258338144155652,False
715,8000152,8000105,Hannover Hbf,Frankfurt(Main)Hbf,137,0,,2026-01-06,0.5989083755120193,True
716,8000152,8000085,Hannover Hbf,Düsseldorf Hbf,156,0,,2026-01-06,0.4056435479135485,False
717,8000152,8010205,Hannover Hbf,Leipzig Hbf,158,2,,2026-01-06,0.0,False
718,8000152,8000080,Hannover Hbf,Dortmund Hbf,99,0,,2026-01-06,0.5410589980334666,True
719,8000152,8000098,Hannover Hbf,Essen Hbf,124,0,,2026-01-06,0.464938906218538,False
720,8000152,8000050,Hannover Hbf,Bremen Hbf,60,0,,2026-01-06,0.10725799743128261,False
721,8000152,8010085,Hannover Hbf,Dresden Hbf,216,2,,2026-01-06,0.0,False
722,8000152,8000284,Hannover Hbf,Nürnberg Hbf,178,0,,2026-01-06,0.41882847977228277,False
723,8000152,8000086,Hannover Hbf,Duisburg Hbf,137,0,,2026-01-06,0.43056816208245835,False
724,8000152,8601242,Hannover Hbf,Koebenhavns Lufthavn st,425,4,,2026-01-06,0.07322290903372526,False
725,8000152,7100064,Hannover Hbf,Barcelona Sants,939,4,,2026-01-06,0.3860062261780642,False
726,8000152,8700012,Hannover Hbf,Paris Gare de Lyon,419,4,,2026-01-06,0.25001517327632217,False
727,8000152,8700047,Hannover Hbf,Bordeaux-St-Jean,561,4,,2026-01-06,0.528059393382859,True
728,8000152,8700074,Hannover Hbf,Marseille-St-Charles,653,2,,2026-01-06,0.3724134582170942,False
729,8000152,8700152,Hannover Hbf,Lyon Part Dieu,545,2,,2026-01-06,0.34964747294872733,False
730,8000152,8700065,Hannover Hbf,Toulouse-Matabiau,737,4,,2026-01-06,0.19100159904642344,False
731,8000152,7800020,Hannover Hbf,Zagreb Glavni kolodvor,833,2,,2026-01-06,0.16002158573324976,False
732,8000152,5500728,Hannover Hbf,Budapest-Nyugati,647,9,,2026-01-06,0.0,False
733,8000152,8300262,Hannover Hbf,Roma Tiburtina,842,9,,2026-01-06,0.43695731289788486,False
734,8000152,8300047,Hannover Hbf,Milano Porta Garibaldi,628,8,,2026-01-06,0.28339336194394454,False
735,8000152,8300522,Hannover Hbf,Torino Porta Susa,716,8,,2026-01-06,0.2774699237621498,False
736,8000152,8300153,Hannover Hbf,Genova Piazza Principe,724,4,,2026-01-06,0.25496633708497635,False
737,8000152,8200100,Hannover Hbf,Luxembourg,402,4,,2026-01-06,0.182841443148557,False
738,8000152,8400597,Hannover Hbf,Tilburg,270,2,,2026-01-06,0.09597631214068433,False
739,8000152,8400058,Hannover Hbf,Amsterdam Centraal,244,0,,2026-01-06,0.09809022459289596,False
740,8000152,8400530,Hannover Hbf,Rotterdam Centraal,269,4,,2026-01-06,0.09052764435238837,False
741,8000152,5100065,Hannover Hbf,Warszawa Centralna,414,4,,2026-01-06,0.11111277759263269,False
742,8000152,5100028,Hannover Hbf,Krakow Glowny,520,2,,2026-01-06,0.0,False
743,8000152,5100069,Hannover Hbf,Wroclaw Glowny,349,2,,2026-01-06,0.0,False
744,8000152,5100081,Hannover Hbf,Poznan Glowny,269,2,,2026-01-06,0.17401372815060034,False
745,8000152,7400002,Hannover Hbf,Stockholm Central,747,6,,2026-01-06,0.2965379826871414,False
746,8000152,7900003,Hannover Hbf,Ljubljana,651,6,,2026-01-06,0.18285629613042953,False
747,8000152,5600207,Hannover Hbf,Bratislava hl.st.,523,4,,2026-01-06,0.0,False
748,8000284,8103000,Nürnberg Hbf,Wien Hbf,228,0,,2026-01-06,0.2722048526630846,False
749,8000284,8800004,Nürnberg Hbf,Bruxelles Midi,335,4,,2026-01-06,0.40259732451824604,False
750,8000284,8800007,Nürnberg Hbf,Antwerpen Centraal,366,4,,2026-01-06,0.3219494116308508,False
751,8000284,5400014,Nürnberg Hbf,Praha hl.n.,281,2,,2026-01-06,0.0,False
752,8000284,8011160,Nürnberg Hbf,Berlin Hbf,164,0,,2026-01-06,0.6586652705461724,True
753,8000284,8000096,Nürnberg Hbf,Stuttgart Hbf,130,0,,2026-01-06,0.0,False
754,8000284,8000261,Nürnberg Hbf,München Hbf,66,0,,2026-01-06,0.6249370575816632,True
755,8000284,8002549,Nürnberg Hbf,Hamburg Hbf,265,2,,2026-01-06,0.23621349173987916,False
756,8000284,8003368,Nürnberg Hbf,Köln Messe/Deutz,194,0,,2026-01-06,0.500737328669516,True
757,8000284,8000105,Nürnberg Hbf,Frankfurt(Main)Hbf,122,0,,2026-01-06,0.2621551833138499,False
758,8000284,8000085,Nürnberg Hbf,Düsseldorf Hbf,216,0,,2026-01-06,0.4914827408135684,False
759,8000284,8010205,Nürnberg Hbf,Leipzig Hbf,115,2,,2026-01-06,0.3513747234627033,False
760,8000284,8000080,Nürnberg Hbf,Dortmund Hbf,277,2,,2026-01-06,0.13002209466451076,False
761,8000284,8000098,Nürnberg Hbf,Essen Hbf,243,0,,2026-01-06,0.4270424262854778,False
762,8000284,8000050,Nürnberg Hbf,Bremen Hbf,255,2,,2026-01-06,0.34866254241440764,False
763,8000284,8010085,Nürnberg Hbf,Dresden Hbf,187,2,,2026-01-06,0.0,False
764,8000284,8000152,Nürnberg Hbf,Hannover Hbf,180,2,,2026-01-06,0.4188284797722835,False
765,8000284,8000086,Nürnberg Hbf,Duisburg Hbf,230,0,,2026-01-06,0.46767343196567784,False
766,8000284,8601242,Nürnberg Hbf,Koebenhavns Lufthavn st,628,6,,2026-01-06,0.1713048718635543,False
767,8000284,7100064,Nürnberg Hbf,Barcelona Sants,932,4,,2026-01-06,0.27950687589817585,False
768,8000284,8700012,Nürnberg Hbf,Paris Gare de Lyon,412,6,,2026-01-06,0.5148386011066256,True
769,8000284,8700047,Nürnberg Hbf,Bordeaux-St-Jean,554,6,,2026-01-06,0.6913737661981927,True
770,8000284,8700074,Nürnberg Hbf,Marseille-St-Charles,604,2,,2026-01-06,0.2317763717791554,False
771,8000284,8700152,Nürnberg Hbf,Lyon Part Dieu,496,2,,2026-01-06,0.1452490155900148,False
772,8000284,8700065,Nürnberg Hbf,Toulouse-Matabiau,768,6,,2026-01-06,0.15138459284274988,False
773,8000284,7800020,Nürnberg Hbf,Zagreb Glavni kolodvor,679,4,,2026-01-06,0.0068909058725994355,False
774,8000284,5500728,Nürnberg Hbf,Budapest-Nyugati,445,7,,2026-01-06,0.18252764618725562,False
775,8000284,8300262,Nürnberg Hbf,Roma Tiburtina,658,4,,2026-01-06,0.3439382267586855,False
776,8000284,8300047,Nürnberg Hbf,Milano Porta Garibaldi,540,8,,2026-01-06,0.0652342244114683,False
777,8000284,8300522,Nürnberg Hbf,Torino Porta Susa,588,6,,2026-01-06,0.18703093527905307,False
778,8000284,8300153,Nürnberg Hbf,Genova Piazza Principe,639,6,,2026-01-06,0.055584393902327806,False
779,8000284,8200100,Nürnberg Hbf,Luxembourg,393,6,,2026-01-06,0.11689624060687816,False
780,8000284,8400597,Nürnberg Hbf,Tilburg,365,6,,2026-01-06,0.3492803276511414,False
781,8000284,8400058,Nürnberg Hbf,Amsterdam Centraal,389,2,,2026-01-06,0.3283629639692769,False
782,8000284,8400530,Nürnberg Hbf,Rotterdam Centraal,400,4,,2026-01-06,0.34494283145447946,False
783,8000284,5100065,Nürnberg Hbf,Warszawa Centralna,502,4,,2026-01-06,0.22280364658302385,False
784,8000284,5100028,Nürnberg Hbf,Krakow Glowny,585,4,,2026-01-06,0.0,False
785,8000284,5100069,Nürnberg Hbf,Wroclaw Glowny,362,2,,2026-01-06,0.0,False
786,8000284,5100081,Nürnberg Hbf,Poznan Glowny,357,2,,2026-01-06,0.3208497704682706,False
787,8000284,7400002,Nürnberg Hbf,Stockholm Central,1044,2,,2026-01-06,0.30473232396621625,False
788,8000284,7900003,Nürnberg Hbf,Ljubljana,428,4,,2026-01-06,0.008600360527736094,False
789,8000284,5600207,Nürnberg Hbf,Bratislava hl.st.,311,2,,2026-01-06,0.24136183857616528,False
790,8000086,8103000,Duisburg Hbf,Wien Hbf,514,2,,2026-01-06,0.3646946937377687,False
791,8000086,8800004,Duisburg Hbf,Bruxelles Midi,173,2,,2026-01-06,0.0,False
792,8000086,8800007,Duisburg Hbf,Antwerpen Centraal,185,4,,2026-01-06,0.0,False
793,8000086,5400014,Duisburg Hbf,Praha hl.n.,499,2,,2026-01-06,0.08097542527074784,False
794,8000086,8011160,Duisburg Hbf,Berlin Hbf,248,0,,2026-01-06,0.3930914210627908,False
795,8000086,8000096,Duisburg Hbf,Stuttgart Hbf,178,2,,2026-01-06,0.6037935906448157,True
796,8000086,8000261,Duisburg Hbf,München Hbf,298,0,,2026-01-06,0.5103555543682776,True
797,8000086,8002549,Duisburg Hbf,Hamburg Hbf,179,0,,2026-01-06,0.4355365056634679,False
798,8000086,8003368,Duisburg Hbf,Köln Messe/Deutz,34,0,,2026-01-06,0.2237933399931459,False
799,8000086,8000105,Duisburg Hbf,Frankfurt(Main)Hbf,103,0,,2026-01-06,0.6553847293102203,True
800,8000086,8000085,Duisburg Hbf,Düsseldorf Hbf,12,0,,2026-01-06,0.0,False
801,8000086,8010205,Duisburg Hbf,Leipzig Hbf,296,4,,2026-01-06,0.03176921198241845,False
802,8000086,8000080,Duisburg Hbf,Dortmund Hbf,36,0,,2026-01-06,0.0,False
803,8000086,8000098,Duisburg Hbf,Essen Hbf,12,0,,2026-01-06,0.0,False
804,8000086,8000050,Duisburg Hbf,Bremen Hbf,147,0,,2026-01-06,0.3977375736177583,False
805,8000086,8010085,Duisburg Hbf,Dresden Hbf,361,2,,2026-01-06,0.10835101515398536,False
806,8000086,8000152,Duisburg Hbf,Hannover Hbf,141,0,,2026-01-06,0.43056816208245685,False
807,8000086,8000284,Duisburg Hbf,Nürnberg Hbf,230,0,,2026-01-06,0.4676734319656781,False
808,8000086,8601242,Duisburg Hbf,Koebenhavns Lufthavn st,553,4,,2026-01-06,0.23847527628725987,False
809,8000086,7100064,Duisburg Hbf,Barcelona Sants,761,6,,2026-01-06,0.2433355452608276,False
810,8000086,8700012,Duisburg Hbf,Paris Gare de Lyon,295,6,,2026-01-06,0.159485243902137,False
811,8000086,8700047,Duisburg Hbf,Bordeaux-St-Jean,452,4,,2026-01-06,0.5517822936683499,True
812,8000086,8700074,Duisburg Hbf,Marseille-St-Charles,555,4,,2026-01-06,0.18532675980086574,False
813,8000086,8700152,Duisburg Hbf,Lyon Part Dieu,434,4,,2026-01-06,0.08086335287396786,False
814,8000086,8700065,Duisburg Hbf,Toulouse-Matabiau,606,4,,2026-01-06,0.1403654455464353,False
815,8000086,7800020,Duisburg Hbf,Zagreb Glavni kolodvor,897,4,,2026-01-06,0.1874826431984374,False
816,8000086,5500728,Duisburg Hbf,Budapest-Nyugati,721,9,,2026-01-06,0.28970785510703445,False
817,8000086,8300262,Duisburg Hbf,Roma Tiburtina,776,7,,2026-01-06,0.42796158425637987,False
818,8000086,8300047,Duisburg Hbf,Milano Porta Garibaldi,556,6,,2026-01-06,0.27208340871402037,False
819,8000086,8300522,Duisburg Hbf,Torino Porta Susa,631,8,,2026-01-06,0.012955406090266226,False
820,8000086,8300153,Duisburg Hbf,Genova Piazza Principe,691,4,,2026-01-06,0.011290533034838263,False
821,8000086,8200100,Duisburg Hbf,Luxembourg,250,4,,2026-01-06,0.04692479447418825,False
822,8000086,8400597,Duisburg Hbf,Tilburg,124,6,,2026-01-06,0.0,False
823,8000086,8400058,Duisburg Hbf,Amsterdam Centraal,124,0,,2026-01-06,0.0,False
824,8000086,8400530,Duisburg Hbf,Rotterdam Centraal,135,2,,2026-01-06,0.0,False
825,8000086,5100065,Duisburg Hbf,Warszawa Centralna,564,4,,2026-01-06,0.1884854295686165,False
826,8000086,5100028,Duisburg Hbf,Krakow Glowny,684,2,,2026-01-06,0.013790314929112285,False
827,8000086,5100069,Duisburg Hbf,Wroclaw Glowny,508,2,,2026-01-06,0.018124442053924345,False
828,8000086,5100081,Duisburg Hbf,Poznan Glowny,419,2,,2026-01-06,0.2595996024784831,False
829,8000086,7400002,Duisburg Hbf,Stockholm Central,888,6,,2026-01-06,0.3627590534885559,False
830,8000086,7900003,Duisburg Hbf,Ljubljana,734,6,,2026-01-06,0.21325797662359633,False
831,8000086,5600207,Duisburg Hbf,Bratislava hl.st.,597,4,,2026-01-06,0.3416912220469405,False
832,8601242,8103000,Koebenhavns Lufthavn st,Wien Hbf,895,4,,2026-01-06,0.1687693139598427,False
833,8601242,8800004,Koebenhavns Lufthavn st,Bruxelles Midi,823,4,,2026-01-06,0.18869629719136727,False
834,8601242,8800007,Koebenhavns Lufthavn st,Antwerpen Centraal,814,8,,2026-01-06,0.21326681278652893,False
835,8601242,5400014,Koebenhavns Lufthavn st,Praha hl.n.,813,6,,2026-01-06,0.21422602733832452,False
836,8601242,8011160,Koebenhavns Lufthavn st,Berlin Hbf,531,4,,2026-01-06,0.2516463709524339,False
837,8601242,8000096,Koebenhavns Lufthavn st,Stuttgart Hbf,668,4,,2026-01-06,0.21358509966139264,False
838,8601242,8000261,Koebenhavns Lufthavn st,München Hbf,710,2,,2026-01-06,0.2330362370159205,False
839,8601242,8002549,Koebenhavns Lufthavn st,Hamburg Hbf,338,2,,2026-01-06,0.09710752764593379,False
840,8601242,8003368,Koebenhavns Lufthavn st,Köln Messe/Deutz,622,6,,2026-01-06,0.1512385139934584,False
841,8601242,8000105,Koebenhavns Lufthavn st,Frankfurt(Main)Hbf,584,4,,2026-01-06,0.2488702820840061,False
842,8601242,8000085,Koebenhavns Lufthavn st,Düsseldorf Hbf,591,4,,2026-01-06,0.23216380509315448,False
843,8601242,8010205,Koebenhavns Lufthavn st,Leipzig Hbf,602,4,,2026-01-06,0.13852565980176978,False
844,8601242,8000080,Koebenhavns Lufthavn st,Dortmund Hbf,542,4,,2026-01-06,0.24864470968900082,False
845,8601242,8000098,Koebenhavns Lufthavn st,Essen Hbf,564,4,,2026-01-06,0.24075695145258214,False
846,8601242,8000050,Koebenhavns Lufthavn st,Bremen Hbf,431,4,,2026-01-06,0.17037914746404043,False
847,8601242,8010085,Koebenhavns Lufthavn st,Dresden Hbf,675,6,,2026-01-06,0.25827755507218925,False
848,8601242,8000152,Koebenhavns Lufthavn st,Hannover Hbf,438,4,,2026-01-06,0.07322290903372533,False
849,8601242,8000284,Koebenhavns Lufthavn st,Nürnberg Hbf,655,4,,2026-01-06,0.17130487186355461,False
850,8601242,8000086,Koebenhavns Lufthavn st,Duisburg Hbf,577,4,,2026-01-06,0.23847527628725987,False
851,8601242,7100064,Koebenhavns Lufthavn st,Barcelona Sants,1839,8,,2026-01-06,0.2069216310502896,False
852,8601242,8700012,Koebenhavns Lufthavn st,Paris Gare de Lyon,892,6,,2026-01-06,0.2088597639038227,False
853,8601242,8700047,Koebenhavns Lufthavn st,Bordeaux-St-Jean,1042,6,,2026-01-06,0.41091362017718464,False
854,8601242,8700074,Koebenhavns Lufthavn st,Marseille-St-Charles,1117,6,,2026-01-06,0.1681953870013369,False
855,8601242,8700152,Koebenhavns Lufthavn st,Lyon Part Dieu,1024,6,,2026-01-06,0.11483066184004392,False
856,8601242,8700065,Koebenhavns Lufthavn st,Toulouse-Matabiau,1188,6,,2026-01-06,0.18087772985902745,False
857,8601242,7800020,Koebenhavns Lufthavn st,Zagreb Glavni kolodvor,1348,6,,2026-01-06,0.1061698163068773,False
858,8601242,5500728,Koebenhavns Lufthavn st,Budapest-Nyugati,1137,7,,2026-01-06,0.11719931559059661,False
859,8601242,8300262,Koebenhavns Lufthavn st,Roma Tiburtina,1308,8,,2026-01-06,0.32163104925975566,False
860,8601242,8300047,Koebenhavns Lufthavn st,Milano Porta Garibaldi,1109,8,,2026-01-06,0.2053100264351474,False
861,8601242,8300522,Koebenhavns Lufthavn st,Torino Porta Susa,1202,8,,2026-01-06,0.0725792411439785,False
862,8601242,8300153,Koebenhavns Lufthavn st,Genova Piazza Principe,1192,8,,2026-01-06,0.1918659152243887,False
863,8601242,8200100,Koebenhavns Lufthavn st,Luxembourg,860,8,,2026-01-06,0.12089396745906793,False
864,8601242,8400597,Koebenhavns Lufthavn st,Tilburg,746,8,,2026-01-06,0.18906741137145613,False
865,8601242,8400058,Koebenhavns Lufthavn st,Amsterdam Centraal,719,6,,2026-01-06,0.19068759976022134,False
866,8601242,8400530,Koebenhavns Lufthavn st,Rotterdam Centraal,730,8,,2026-01-06,0.18468490747422692,False
867,8601242,5100065,Koebenhavns Lufthavn st,Warszawa Centralna,908,4,,2026-01-06,0.038048173537857104,False
868,8601242,5100028,Koebenhavns Lufthavn st,Krakow Glowny,1096,6,,2026-01-06,0.14310851921006323,False
869,8601242,5100069,Koebenhavns Lufthavn st,Wroclaw Glowny,775,6,,2026-01-06,0.1761341723302294,False
870,8601242,5100081,Koebenhavns Lufthavn st,Poznan Glowny,723,6,,2026-01-06,0.04931334096140448,False
871,8601242,7400002,Koebenhavns Lufthavn st,Stockholm Central,305,2,,2026-01-06,0.5279285542607944,True
872,8601242,7900003,Koebenhavns Lufthavn st,Ljubljana,1097,6,,2026-01-06,0.11524463507538817,False
873,8601242,5600207,Koebenhavns Lufthavn st,Bratislava hl.st.,978,6,,2026-01-06,0.13279921806135417,False
874,7100064,8103000,Barcelona Sants,Wien Hbf,1266,8,,2026-01-06,0.2702220224576909,False
875,7100064,8800004,Barcelona Sants,Bruxelles Midi,561,2,,2026-01-06,0.5474199723230785,True
876,7100064,8800007,Barcelona Sants,Antwerpen Centraal,601,2,,2026-01-06,0.5291411978284072,True
877,7100064,5400014,Barcelona Sants,Praha hl.n.,1439,4,,2026-01-06,0.2252514752178165,False
878,7100064,8011160,Barcelona Sants,Berlin Hbf,989,4,,2026-01-06,0.36463952488000795,False
879,7100064,8000096,Barcelona Sants,Stuttgart Hbf,705,4,,2026-01-06,0.3300660677359806,False
880,7100064,8000261,Barcelona Sants,München Hbf,829,4,,2026-01-06,0.2557116771153949,False
881,7100064,8002549,Barcelona Sants,Hamburg Hbf,1194,8,,2026-01-06,0.23792525935476352,False
882,7100064,8003368,Barcelona Sants,Köln Messe/Deutz,720,4,,2026-01-06,0.24414623558434412,False
883,7100064,8000105,Barcelona Sants,Frankfurt(Main)Hbf,703,4,,2026-01-06,0.3573111824624601,False
884,7100064,8000085,Barcelona Sants,Düsseldorf Hbf,736,2,,2026-01-06,0.24715389098756171,False
885,7100064,8010205,Barcelona Sants,Leipzig Hbf,905,6,,2026-01-06,0.28395566788235854,False
886,7100064,8000080,Barcelona Sants,Dortmund Hbf,794,4,,2026-01-06,0.22845974337333574,False
887,7100064,8000098,Barcelona Sants,Essen Hbf,779,4,,2026-01-06,0.23193308880549593,False
888,7100064,8000050,Barcelona Sants,Bremen Hbf,1213,6,,2026-01-06,0.2594758103116604,False
889,7100064,8010085,Barcelona Sants,Dresden Hbf,1208,6,,2026-01-06,0.2924254244070792,False
890,7100064,8000152,Barcelona Sants,Hannover Hbf,900,6,,2026-01-06,0.38600622617806485,False
891,7100064,8000284,Barcelona Sants,Nürnberg Hbf,911,8,,2026-01-06,0.2795068758981754,False
892,7100064,8000086,Barcelona Sants,Duisburg Hbf,752,2,,2026-01-06,0.24333554526082748,False
893,7100064,8601242,Barcelona Sants,Koebenhavns Lufthavn st,1727,8,,2026-01-06,0.20692163105028816,False
894,7100064,8700012,Barcelona Sants,Paris Gare de Lyon,406,0,,2026-01-06,0.6098551869889502,True
895,7100064,8700047,Barcelona Sants,Bordeaux-St-Jean,381,2,,2026-01-06,0.22924509686151598,False
896,7100064,8700074,Barcelona Sants,Marseille-St-Charles,299,0,,2026-01-06,0.47587331745793277,False
897,7100064,8700152,Barcelona Sants,Lyon Part Dieu,306,0,,2026-01-06,0.44204303163595166,False
898,7100064,8700065,Barcelona Sants,Toulouse-Matabiau,227,2,,2026-01-06,0.3792880183644219,False
899,7100064,7800020,Barcelona Sants,Zagreb Glavni kolodvor,2024,8,,2026-01-06,0.2855953169721658,False
900,7100064,5500728,Barcelona Sants,Budapest-Nyugati,1463,9,,2026-01-06,0.25335855307004124,False
901,7100064,8300262,Barcelona Sants,Roma Tiburtina,926,6,,2026-01-06,0.2628513931377591,False
902,7100064,8300047,Barcelona Sants,Milano Porta Garibaldi,686,6,,2026-01-06,0.4580799541450187,False
903,7100064,8300522,Barcelona Sants,Torino Porta Susa,601,4,,2026-01-06,0.4007827093910865,False
904,7100064,8300153,Barcelona Sants,Genova Piazza Principe,736,6,,2026-01-06,0.26802048152373326,False
905,7100064,8200100,Barcelona Sants,Luxembourg,627,2,,2026-01-06,0.2902599377045008,False
906,7100064,8400597,Barcelona Sants,Tilburg,677,6,,2026-01-06,0.2267442633486842,False
907,7100064,8400058,Barcelona Sants,Amsterdam Centraal,684,2,,2026-01-06,0.2147555560607657,False
908,7100064,8400530,Barcelona Sants,Rotterdam Centraal,636,2,,2026-01-06,0.49616745476275853,False
909,7100064,5100065,Barcelona Sants,Warszawa Centralna,1534,8,,2026-01-06,0.24982226687975306,False
910,7100064,5100028,Barcelona Sants,Krakow Glowny,1797,8,,2026-01-06,0.1773866752890616,False
911,7100064,5100069,Barcelona Sants,Wroclaw Glowny,1566,8,,2026-01-06,0.25845886144873226,False
912,7100064,5100081,Barcelona Sants,Poznan Glowny,1387,8,,2026-01-06,0.28588830476792626,False
913,7100064,7400002,Barcelona Sants,Stockholm Central,2049,8,,2026-01-06,0.2773979522720738,False
914,7100064,7900003,Barcelona Sants,Ljubljana,1874,8,,2026-01-06,0.31181018912346975,False
915,7100064,5600207,Barcelona Sants,Bratislava hl.st.,1364,8,,2026-01-06,0.2521699606572582,False
916,8700012,8103000,Paris Gare de Lyon,Wien Hbf,667,6,,2026-01-06,0.5247224284834334,True
917,8700012,8800004,Paris Gare de Lyon,Bruxelles Midi,117,4,,2026-01-06,0.15792513434858582,False
918,8700012,8800007,Paris Gare de Lyon,Antwerpen Centraal,162,4,,2026-01-06,0.13715111933067578,False
919,8700012,5400014,Paris Gare de Lyon,Praha hl.n.,717,8,,2026-01-06,0.35697279623970457,False
920,8700012,8011160,Paris Gare de Lyon,Berlin Hbf,515,2,,2026-01-06,0.27584371365284943,False
921,8700012,8000096,Paris Gare de Lyon,Stuttgart Hbf,224,2,,2026-01-06,0.6864036894789861,True
922,8700012,8000261,Paris Gare de Lyon,München Hbf,389,4,,2026-01-06,0.6276703032683464,True
923,8700012,8002549,Paris Gare de Lyon,Hamburg Hbf,515,6,,2026-01-06,0.27280731100641187,False
924,8700012,8003368,Paris Gare de Lyon,Köln Messe/Deutz,246,6,,2026-01-06,0.1731257781971777,False
925,8700012,8000105,Paris Gare de Lyon,Frankfurt(Main)Hbf,267,2,,2026-01-06,0.4981822859695949,False
926,8700012,8000085,Paris Gare de Lyon,Düsseldorf Hbf,281,6,,2026-01-06,0.1646653669755209,False
927,8700012,8010205,Paris Gare de Lyon,Leipzig Hbf,452,4,,2026-01-06,0.3576592623162119,False
928,8700012,8000080,Paris Gare de Lyon,Dortmund Hbf,348,6,,2026-01-06,0.14479041328776135,False
929,8700012,8000098,Paris Gare de Lyon,Essen Hbf,317,8,,2026-01-06,0.1538051954874595,False
930,8700012,8000050,Paris Gare de Lyon,Bremen Hbf,474,6,,2026-01-06,0.23945694290814085,False
931,8700012,8010085,Paris Gare de Lyon,Dresden Hbf,530,4,,2026-01-06,0.363816539434766,False
932,8700012,8000152,Paris Gare de Lyon,Hannover Hbf,428,6,,2026-01-06,0.25001517327632033,False
933,8700012,8000284,Paris Gare de Lyon,Nürnberg Hbf,420,4,,2026-01-06,0.5148386011066273,True
934,8700012,8000086,Paris Gare de Lyon,Duisburg Hbf,297,6,,2026-01-06,0.1594852439021369,False
935,8700012,8601242,Paris Gare de Lyon,Koebenhavns Lufthavn st,894,6,,2026-01-06,0.20885976390382305,False
936,8700012,7100064,Paris Gare de Lyon,Barcelona Sants,410,0,,2026-01-06,0.6098551869889478,True
937,8700012,8700047,Paris Gare de Lyon,Bordeaux-St-Jean,174,2,,2026-01-06,0.9141818662159702,True
938,8700012,8700074,Paris Gare de Lyon,Marseille-St-Charles,184,0,,2026-01-06,0.6835525367083947,True
939,8700012,8700152,Paris Gare de Lyon,Lyon Part Dieu,116,0,,2026-01-06,0.8634123897789598,True
940,8700012,8700065,Paris Gare de Lyon,Toulouse-Matabiau,328,2,,2026-01-06,0.12610932736816857,False
941,8700012,7800020,Paris Gare de Lyon,Zagreb Glavni kolodvor,1035,8,,2026-01-06,0.3731651289831303,False
942,8700012,5500728,Paris Gare de Lyon,Budapest-Nyugati,869,7,,2026-01-06,0.4373661372088166,False
943,8700012,8300262,Paris Gare de Lyon,Roma Tiburtina,654,2,,2026-01-06,0.3277883005109233,False
944,8700012,8300047,Paris Gare de Lyon,Milano Porta Garibaldi,414,2,,2026-01-06,0.5094042702937834,True
947,8700012,8200100,Paris Gare de Lyon,Luxembourg,171,2,,2026-01-06,0.2987915478521046,False
948,8700012,8400597,Paris Gare de Lyon,Tilburg,239,8,,2026-01-06,0.20484160247136546,False
949,8700012,8400058,Paris Gare de Lyon,Amsterdam Centraal,245,4,,2026-01-06,0.16837534214065547,False
950,8700012,8400530,Paris Gare de Lyon,Rotterdam Centraal,197,4,,2026-01-06,0.10869413702207067,False
951,8700012,5100065,Paris Gare de Lyon,Warszawa Centralna,1105,6,,2026-01-06,0.17906896943479747,False
952,8700012,5100028,Paris Gare de Lyon,Krakow Glowny,1207,4,,2026-01-06,0.2502108115887981,False
953,8700012,5100069,Paris Gare de Lyon,Wroclaw Glowny,742,8,,2026-01-06,0.29872835007372833,False
954,8700012,5100081,Paris Gare de Lyon,Poznan Glowny,832,4,,2026-01-06,0.21961957530655635,False
955,8700012,7400002,Paris Gare de Lyon,Stockholm Central,1287,6,,2026-01-06,0.3103692730697953,False
956,8700012,7900003,Paris Gare de Lyon,Ljubljana,874,8,,2026-01-06,0.41487250340555165,False
957,8700012,5600207,Paris Gare de Lyon,Bratislava hl.st.,772,8,,2026-01-06,0.4988093842114352,False
958,8700047,8103000,Bordeaux-St-Jean,Wien Hbf,828,8,,2026-01-06,0.18359215034600035,False
959,8700047,8800004,Bordeaux-St-Jean,Bruxelles Midi,271,2,,2026-01-06,0.6465224171265732,True
960,8700047,8800007,Bordeaux-St-Jean,Antwerpen Centraal,340,2,,2026-01-06,0.612552527870776,True
961,8700047,5400014,Bordeaux-St-Jean,Praha hl.n.,880,8,,2026-01-06,0.5473583442829848,True
962,8700047,8011160,Bordeaux-St-Jean,Berlin Hbf,695,8,,2026-01-06,0.5000357930110529,True
963,8700047,8000096,Bordeaux-St-Jean,Stuttgart Hbf,378,2,,2026-01-06,0.8096495917994349,True
964,8700047,8000261,Bordeaux-St-Jean,München Hbf,534,4,,2026-01-06,0.14093282116088005,False
965,8700047,8002549,Bordeaux-St-Jean,Hamburg Hbf,677,4,,2026-01-06,0.5222087109273661,True
966,8700047,8003368,Bordeaux-St-Jean,Köln Messe/Deutz,400,4,,2026-01-06,0.5713995127124968,True
967,8700047,8000105,Bordeaux-St-Jean,Frankfurt(Main)Hbf,421,2,,2026-01-06,0.7111775735022037,True
968,8700047,8000085,Bordeaux-St-Jean,Düsseldorf Hbf,488,6,,2026-01-06,0.5604214719947369,True
969,8700047,8010205,Bordeaux-St-Jean,Leipzig Hbf,622,6,,2026-01-06,0.5674915971031301,True
970,8700047,8000080,Bordeaux-St-Jean,Dortmund Hbf,474,4,,2026-01-06,0.5256406104326121,True
971,8700047,8000098,Bordeaux-St-Jean,Essen Hbf,449,2,,2026-01-06,0.541974313129875,True
972,8700047,8000050,Bordeaux-St-Jean,Bremen Hbf,628,4,,2026-01-06,0.5212142643332891,True
973,8700047,8010085,Bordeaux-St-Jean,Dresden Hbf,712,8,,2026-01-06,0.556550773415697,True
974,8700047,8000152,Bordeaux-St-Jean,Hannover Hbf,582,4,,2026-01-06,0.5280593933828583,True
975,8700047,8000284,Bordeaux-St-Jean,Nürnberg Hbf,571,4,,2026-01-06,0.6913737661981995,True
976,8700047,8000086,Bordeaux-St-Jean,Duisburg Hbf,432,2,,2026-01-06,0.5517822936683492,True
977,8700047,8601242,Bordeaux-St-Jean,Koebenhavns Lufthavn st,1057,6,,2026-01-06,0.410913620177186,False
978,8700047,7100064,Bordeaux-St-Jean,Barcelona Sants,385,2,,2026-01-06,0.22924509686151656,False
979,8700047,8700012,Bordeaux-St-Jean,Paris Gare de Lyon,170,2,,2026-01-06,0.9141818662159659,True
980,8700047,8700074,Bordeaux-St-Jean,Marseille-St-Charles,386,0,,2026-01-06,0.14108433547192686,False
981,8700047,8700152,Bordeaux-St-Jean,Lyon Part Dieu,397,2,,2026-01-06,0.03658922440575682,False
982,8700047,8700065,Bordeaux-St-Jean,Toulouse-Matabiau,147,0,,2026-01-06,0.0,False
983,8700047,7800020,Bordeaux-St-Jean,Zagreb Glavni kolodvor,1184,8,,2026-01-06,0.08671607875851885,False
984,8700047,5500728,Bordeaux-St-Jean,Budapest-Nyugati,1143,9,,2026-01-06,0.1606529042719726,False
985,8700047,8300262,Bordeaux-St-Jean,Roma Tiburtina,834,4,,2026-01-06,0.14054884845430105,False
986,8700047,8300047,Bordeaux-St-Jean,Milano Porta Garibaldi,594,4,,2026-01-06,0.12841226986706594,False
987,8700047,8300522,Bordeaux-St-Jean,Torino Porta Susa,509,2,,2026-01-06,0.024599928573634154,False
988,8700047,8300153,Bordeaux-St-Jean,Genova Piazza Principe,644,4,,2026-01-06,0.0887040065554926,False
989,8700047,8200100,Bordeaux-St-Jean,Luxembourg,307,2,,2026-01-06,0.6789372487809627,True
990,8700047,8400597,Bordeaux-St-Jean,Tilburg,416,6,,2026-01-06,0.6052293960670386,True
991,8700047,8400058,Bordeaux-St-Jean,Amsterdam Centraal,423,2,,2026-01-06,0.5547177143681591,True
992,8700047,8400530,Bordeaux-St-Jean,Rotterdam Centraal,375,2,,2026-01-06,0.5545599295080564,True
993,8700047,5100065,Bordeaux-St-Jean,Warszawa Centralna,1214,8,,2026-01-06,0.36906897887066037,False
994,8700047,5100028,Bordeaux-St-Jean,Krakow Glowny,1429,8,,2026-01-06,0.4264996018440463,False
995,8700047,5100069,Bordeaux-St-Jean,Wroclaw Glowny,997,8,,2026-01-06,0.48550746983338117,False
996,8700047,5100081,Bordeaux-St-Jean,Poznan Glowny,1067,8,,2026-01-06,0.42807674364507386,False
997,8700047,7400002,Bordeaux-St-Jean,Stockholm Central,1450,6,,2026-01-06,0.4411516578813346,False
998,8700047,7900003,Bordeaux-St-Jean,Ljubljana,1023,8,,2026-01-06,0.09443475856565375,False
999,8700047,5600207,Bordeaux-St-Jean,Bratislava hl.st.,1044,6,,2026-01-06,0.177017954084303,False
1000,8700074,8103000,Marseille-St-Charles,Wien Hbf,890,4,,2026-01-06,0.009450066842001012,False
1001,8700074,8800004,Marseille-St-Charles,Bruxelles Midi,333,2,,2026-01-06,0.5806228232678486,True
1002,8700074,8800007,Marseille-St-Charles,Antwerpen Centraal,376,2,,2026-01-06,0.5554559897649305,True
1003,8700074,5400014,Marseille-St-Charles,Praha hl.n.,1118,4,,2026-01-06,0.17664337321850745,False
1004,8700074,8011160,Marseille-St-Charles,Berlin Hbf,781,6,,2026-01-06,0.3479897401804681,False
1005,8700074,8000096,Marseille-St-Charles,Stuttgart Hbf,491,2,,2026-01-06,0.29123556914847143,False
1006,8700074,8000261,Marseille-St-Charles,München Hbf,671,6,,2026-01-06,0.011641154760362631,False
1007,8700074,8002549,Marseille-St-Charles,Hamburg Hbf,764,6,,2026-01-06,0.19273406415583821,False
1008,8700074,8003368,Marseille-St-Charles,Köln Messe/Deutz,460,4,,2026-01-06,0.1830184845499519,False
1009,8700074,8000105,Marseille-St-Charles,Frankfurt(Main)Hbf,535,6,,2026-01-06,0.32962608274080435,False
1010,8700074,8000085,Marseille-St-Charles,Düsseldorf Hbf,475,2,,2026-01-06,0.18910628522602466,False
1011,8700074,8010205,Marseille-St-Charles,Leipzig Hbf,726,6,,2026-01-06,0.24616175713071287,False
1012,8700074,8000080,Marseille-St-Charles,Dortmund Hbf,535,2,,2026-01-06,0.16790723130403487,False
1013,8700074,8000098,Marseille-St-Charles,Essen Hbf,509,2,,2026-01-06,0.17120199142306575,False
1014,8700074,8000050,Marseille-St-Charles,Bremen Hbf,688,4,,2026-01-06,0.21634675485321905,False
1015,8700074,8010085,Marseille-St-Charles,Dresden Hbf,816,8,,2026-01-06,0.259490560255888,False
1016,8700074,8000152,Marseille-St-Charles,Hannover Hbf,668,6,,2026-01-06,0.37241345821709526,False
1017,8700074,8000284,Marseille-St-Charles,Nürnberg Hbf,672,6,,2026-01-06,0.23177637177915578,False
1018,8700074,8000086,Marseille-St-Charles,Duisburg Hbf,492,2,,2026-01-06,0.18532675980086444,False
1019,8700074,8601242,Marseille-St-Charles,Koebenhavns Lufthavn st,1155,4,,2026-01-06,0.16819538700133607,False
1020,8700074,7100064,Marseille-St-Charles,Barcelona Sants,272,0,,2026-01-06,0.4758733174579339,False
1021,8700074,8700012,Marseille-St-Charles,Paris Gare de Lyon,199,0,,2026-01-06,0.6835525367083941,True
1022,8700074,8700047,Marseille-St-Charles,Bordeaux-St-Jean,382,0,,2026-01-06,0.14108433547192675,False
1023,8700074,8700152,Marseille-St-Charles,Lyon Part Dieu,101,0,,2026-01-06,0.44324206376498415,False
1024,8700074,8700065,Marseille-St-Charles,Toulouse-Matabiau,228,0,,2026-01-06,0.22822593300035146,False
1025,8700074,7800020,Marseille-St-Charles,Zagreb Glavni kolodvor,1338,6,,2026-01-06,0.010766094895495066,False
1026,8700074,5500728,Marseille-St-Charles,Budapest-Nyugati,1286,9,,2026-01-06,0.027962890553921912,False
1027,8700074,8300262,Marseille-St-Charles,Roma Tiburtina,688,8,,2026-01-06,0.13974604135933966,False
1028,8700074,8300047,Marseille-St-Charles,Milano Porta Garibaldi,442,4,,2026-01-06,0.0,False
1029,8700074,8300522,Marseille-St-Charles,Torino Porta Susa,363,6,,2026-01-06,0.0,False
1030,8700074,8300153,Marseille-St-Charles,Genova Piazza Principe,368,4,,2026-01-06,0.0,False
1031,8700074,8200100,Marseille-St-Charles,Luxembourg,408,2,,2026-01-06,0.23115310526318872,False
1032,8700074,8400597,Marseille-St-Charles,Tilburg,452,6,,2026-01-06,0.16629046802719272,False
1033,8700074,8400058,Marseille-St-Charles,Amsterdam Centraal,459,2,,2026-01-06,0.15518161382069498,False
1034,8700074,8400530,Marseille-St-Charles,Rotterdam Centraal,411,2,,2026-01-06,0.5113435766052001,True
1035,8700074,5100065,Marseille-St-Charles,Warszawa Centralna,1333,6,,2026-01-06,0.01273463288650987,False
1036,8700074,5100028,Marseille-St-Charles,Krakow Glowny,1489,6,,2026-01-06,0.007226383931893724,False
1037,8700074,5100069,Marseille-St-Charles,Wroclaw Glowny,1263,8,,2026-01-06,0.2235873538830132,False
1038,8700074,5100081,Marseille-St-Charles,Poznan Glowny,1186,6,,2026-01-06,0.25643180661573445,False
1039,8700074,7400002,Marseille-St-Charles,Stockholm Central,1533,4,,2026-01-06,0.25690777599405185,False
1040,8700074,7900003,Marseille-St-Charles,Ljubljana,935,8,,2026-01-06,0.01222349472301029,False
1041,8700074,5600207,Marseille-St-Charles,Bratislava hl.st.,959,6,,2026-01-06,0.009062532136461372,False
1042,8700152,8103000,Lyon Part Dieu,Wien Hbf,766,2,,2026-01-06,0.17752751496643968,False
1043,8700152,8800004,Lyon Part Dieu,Bruxelles Midi,250,2,,2026-01-06,0.6411541985773098,True
1044,8700152,8800007,Lyon Part Dieu,Antwerpen Centraal,276,2,,2026-01-06,0.60186817004557,True
1045,8700152,5400014,Lyon Part Dieu,Praha hl.n.,862,8,,2026-01-06,0.1008800866869406,False
1046,8700152,8011160,Lyon Part Dieu,Berlin Hbf,653,2,,2026-01-06,0.3219905757523047,False
1047,8700152,8000096,Lyon Part Dieu,Stuttgart Hbf,362,2,,2026-01-06,0.21151794731442683,False
1048,8700152,8000261,Lyon Part Dieu,München Hbf,508,2,,2026-01-06,0.10107374219102949,False
1049,8700152,8002549,Lyon Part Dieu,Hamburg Hbf,628,2,,2026-01-06,0.12265790762070578,False
1050,8700152,8003368,Lyon Part Dieu,Köln Messe/Deutz,433,4,,2026-01-06,0.06880756554248871,False
1051,8700152,8000105,Lyon Part Dieu,Frankfurt(Main)Hbf,359,0,,2026-01-06,0.27485690417576825,False
1052,8700152,8000085,Lyon Part Dieu,Düsseldorf Hbf,451,2,,2026-01-06,0.08319967553298399,False
1053,8700152,8010205,Lyon Part Dieu,Leipzig Hbf,603,4,,2026-01-06,0.18513549140456223,False
1054,8700152,8000080,Lyon Part Dieu,Dortmund Hbf,490,6,,2026-01-06,0.06091885428314785,False
1055,8700152,8000098,Lyon Part Dieu,Essen Hbf,467,6,,2026-01-06,0.06259146329427674,False
1056,8700152,8000050,Lyon Part Dieu,Bremen Hbf,613,2,,2026-01-06,0.1472658741623313,False
1057,8700152,8010085,Lyon Part Dieu,Dresden Hbf,695,8,,2026-01-06,0.20832658834731985,False
1058,8700152,8000152,Lyon Part Dieu,Hannover Hbf,544,2,,2026-01-06,0.3496474729487287,False
1059,8700152,8000284,Lyon Part Dieu,Nürnberg Hbf,497,2,,2026-01-06,0.14524901559001455,False
1060,8700152,8000086,Lyon Part Dieu,Duisburg Hbf,454,6,,2026-01-06,0.0808633528739678,False
1061,8700152,8601242,Lyon Part Dieu,Koebenhavns Lufthavn st,999,8,,2026-01-06,0.11483066184004376,False
1062,8700152,7100064,Lyon Part Dieu,Barcelona Sants,288,0,,2026-01-06,0.4420430316359507,False
1063,8700152,8700012,Lyon Part Dieu,Paris Gare de Lyon,115,0,,2026-01-06,0.8634123897789622,True
1064,8700152,8700047,Lyon Part Dieu,Bordeaux-St-Jean,404,2,,2026-01-06,0.036589224405757216,False
1065,8700152,8700074,Lyon Part Dieu,Marseille-St-Charles,99,0,,2026-01-06,0.4432420637649821,False
1066,8700152,8700065,Lyon Part Dieu,Toulouse-Matabiau,249,0,,2026-01-06,0.24830599735073697,False
1067,8700152,7800020,Lyon Part Dieu,Zagreb Glavni kolodvor,1166,8,,2026-01-06,0.11446331939909866,False
1068,8700152,5500728,Lyon Part Dieu,Budapest-Nyugati,1068,7,,2026-01-06,0.10874892319888774,False
1069,8700152,8300262,Lyon Part Dieu,Roma Tiburtina,572,6,,2026-01-06,0.1301995423797546,False
1070,8700152,8300047,Lyon Part Dieu,Milano Porta Garibaldi,332,6,,2026-01-06,0.2543524668958827,False
1071,8700152,8300522,Lyon Part Dieu,Torino Porta Susa,237,0,,2026-01-06,0.0,False
1072,8700152,8300153,Lyon Part Dieu,Genova Piazza Principe,382,6,,2026-01-06,0.0,False
1073,8700152,8200100,Lyon Part Dieu,Luxembourg,347,2,,2026-01-06,0.09824418430420775,False
1074,8700152,8400597,Lyon Part Dieu,Tilburg,369,6,,2026-01-06,0.0601073865327071,False
1075,8700152,8400058,Lyon Part Dieu,Amsterdam Centraal,376,2,,2026-01-06,0.05469125282502687,False
1076,8700152,8400530,Lyon Part Dieu,Rotterdam Centraal,328,2,,2026-01-06,0.536447310180571,True
1077,8700152,5100065,Lyon Part Dieu,Warszawa Centralna,1196,8,,2026-01-06,0.1763375626032022,False
1078,8700152,5100028,Lyon Part Dieu,Krakow Glowny,1235,6,,2026-01-06,0.07081143679206853,False
1079,8700152,5100069,Lyon Part Dieu,Wroclaw Glowny,1139,8,,2026-01-06,0.17284401930350923,False
1080,8700152,5100081,Lyon Part Dieu,Poznan Glowny,1049,8,,2026-01-06,0.21358219268504597,False
1081,8700152,7400002,Lyon Part Dieu,Stockholm Central,1432,6,,2026-01-06,0.23076329425576483,False
1082,8700152,7900003,Lyon Part Dieu,Ljubljana,817,6,,2026-01-06,0.13115798212738286,False
1083,8700152,5600207,Lyon Part Dieu,Bratislava hl.st.,846,6,,2026-01-06,0.16836572617845544,False
1084,8700065,8103000,Toulouse-Matabiau,Wien Hbf,1020,4,,2026-01-06,0.17215180810174568,False
1085,8700065,8800004,Toulouse-Matabiau,Bruxelles Midi,417,2,,2026-01-06,0.1360209494168434,False
1086,8700065,8800007,Toulouse-Matabiau,Antwerpen Centraal,487,2,,2026-01-06,0.13001600362625995,False
1087,8700065,5400014,Toulouse-Matabiau,Praha hl.n.,1270,4,,2026-01-06,0.12014908507899955,False
1088,8700065,8011160,Toulouse-Matabiau,Berlin Hbf,846,4,,2026-01-06,0.27092346086020147,False
1089,8700065,8000096,Toulouse-Matabiau,Stuttgart Hbf,524,2,,2026-01-06,0.18742617031137113,False
1090,8700065,8000261,Toulouse-Matabiau,München Hbf,680,4,,2026-01-06,0.12534026606138046,False
1091,8700065,8002549,Toulouse-Matabiau,Hamburg Hbf,835,4,,2026-01-06,0.20739394246432394,False
1092,8700065,8003368,Toulouse-Matabiau,Köln Messe/Deutz,546,4,,2026-01-06,0.1453436419649412,False
1093,8700065,8000105,Toulouse-Matabiau,Frankfurt(Main)Hbf,568,4,,2026-01-06,0.22339751963863516,False
1094,8700065,8000085,Toulouse-Matabiau,Düsseldorf Hbf,561,2,,2026-01-06,0.1422534773965172,False
1095,8700065,8010205,Toulouse-Matabiau,Leipzig Hbf,769,6,,2026-01-06,0.17658554805556614,False
1096,8700065,8000080,Toulouse-Matabiau,Dortmund Hbf,621,2,,2026-01-06,0.13460196553453635,False
1097,8700065,8000098,Toulouse-Matabiau,Essen Hbf,595,2,,2026-01-06,0.13821199266871823,False
1098,8700065,8000050,Toulouse-Matabiau,Bremen Hbf,774,4,,2026-01-06,0.18558792475718014,False
1099,8700065,8010085,Toulouse-Matabiau,Dresden Hbf,1039,8,,2026-01-06,0.19293975215549547,False
1100,8700065,8000152,Toulouse-Matabiau,Hannover Hbf,728,4,,2026-01-06,0.19100159904642183,False
1101,8700065,8000284,Toulouse-Matabiau,Nürnberg Hbf,718,4,,2026-01-06,0.15138459284274972,False
1102,8700065,8000086,Toulouse-Matabiau,Duisburg Hbf,578,2,,2026-01-06,0.14036544554643496,False
1103,8700065,8601242,Toulouse-Matabiau,Koebenhavns Lufthavn st,1273,6,,2026-01-06,0.18087772985902717,False
1104,8700065,7100064,Toulouse-Matabiau,Barcelona Sants,219,2,,2026-01-06,0.3792880183644219,False
1105,8700065,8700012,Toulouse-Matabiau,Paris Gare de Lyon,317,2,,2026-01-06,0.1261093273681682,False
1106,8700065,8700047,Toulouse-Matabiau,Bordeaux-St-Jean,140,0,,2026-01-06,0.0,False
1107,8700065,8700074,Toulouse-Matabiau,Marseille-St-Charles,232,0,,2026-01-06,0.2282259330003512,False
1108,8700065,8700152,Toulouse-Matabiau,Lyon Part Dieu,307,2,,2026-01-06,0.24830599735073658,False
1109,8700065,7800020,Toulouse-Matabiau,Zagreb Glavni kolodvor,1335,8,,2026-01-06,0.20882645557035226,False
1110,8700065,5500728,Toulouse-Matabiau,Budapest-Nyugati,1294,9,,2026-01-06,0.18822526776373327,False
1111,8700065,8300262,Toulouse-Matabiau,Roma Tiburtina,1150,8,,2026-01-06,0.16821027700654884,False
1112,8700065,8300047,Toulouse-Matabiau,Milano Porta Garibaldi,667,6,,2026-01-06,0.3444267175549745,False
1113,8700065,8300522,Toulouse-Matabiau,Torino Porta Susa,580,6,,2026-01-06,0.25986329081766196,False
1114,8700065,8300153,Toulouse-Matabiau,Genova Piazza Principe,701,6,,2026-01-06,0.11672545166419093,False
1115,8700065,8200100,Toulouse-Matabiau,Luxembourg,458,2,,2026-01-06,0.03322267587024833,False
1116,8700065,8400597,Toulouse-Matabiau,Tilburg,563,6,,2026-01-06,0.15623819172834616,False
1117,8700065,8400058,Toulouse-Matabiau,Amsterdam Centraal,570,2,,2026-01-06,0.14419274792935902,False
1118,8700065,8400530,Toulouse-Matabiau,Rotterdam Centraal,522,2,,2026-01-06,0.11951481250579665,False
1119,8700065,5100065,Toulouse-Matabiau,Warszawa Centralna,1365,8,,2026-01-06,0.17243689191922917,False
1120,8700065,5100028,Toulouse-Matabiau,Krakow Glowny,1551,8,,2026-01-06,0.09336888388836656,False
1121,8700065,5100069,Toulouse-Matabiau,Wroclaw Glowny,1246,8,,2026-01-06,0.16930780060138365,False
1122,8700065,5100081,Toulouse-Matabiau,Poznan Glowny,1091,8,,2026-01-06,0.19868052642647113,False
1123,8700065,7400002,Toulouse-Matabiau,Stockholm Central,1655,6,,2026-01-06,0.2623587098180403,False
1124,8700065,7900003,Toulouse-Matabiau,Ljubljana,1174,8,,2026-01-06,0.22927810041681082,False
1125,8700065,5600207,Toulouse-Matabiau,Bratislava hl.st.,1190,6,,2026-01-06,0.16593243471137228,False
1126,7800020,8103000,Zagreb Glavni kolodvor,Wien Hbf,393,6,,2026-01-06,0.0,False
1127,7800020,8800004,Zagreb Glavni kolodvor,Bruxelles Midi,1076,4,,2026-01-06,0.1917070176125412,False
1128,7800020,8800007,Zagreb Glavni kolodvor,Antwerpen Centraal,1107,6,,2026-01-06,0.15447430540136023,False
1129,7800020,5400014,Zagreb Glavni kolodvor,Praha hl.n.,684,8,,2026-01-06,0.05922810446876721,False
1130,7800020,8011160,Zagreb Glavni kolodvor,Berlin Hbf,841,8,,2026-01-06,0.04883687269930608,False
1131,7800020,8000096,Zagreb Glavni kolodvor,Stuttgart Hbf,652,6,,2026-01-06,0.13464842347183925,False
1132,7800020,8000261,Zagreb Glavni kolodvor,München Hbf,531,4,,2026-01-06,0.0,False
1133,7800020,8002549,Zagreb Glavni kolodvor,Hamburg Hbf,917,4,,2026-01-06,0.10972282914271218,False
1134,7800020,8003368,Zagreb Glavni kolodvor,Köln Messe/Deutz,890,2,,2026-01-06,0.18486011113764156,False
1135,7800020,8000105,Zagreb Glavni kolodvor,Frankfurt(Main)Hbf,764,6,,2026-01-06,0.06845090528677339,False
1136,7800020,8000085,Zagreb Glavni kolodvor,Düsseldorf Hbf,914,2,,2026-01-06,0.1911111369777273,False
1137,7800020,8010205,Zagreb Glavni kolodvor,Leipzig Hbf,776,6,,2026-01-06,0.0,False
1138,7800020,8000080,Zagreb Glavni kolodvor,Dortmund Hbf,968,2,,2026-01-06,0.054977236183475345,False
1139,7800020,8000098,Zagreb Glavni kolodvor,Essen Hbf,943,2,,2026-01-06,0.17403679264908492,False
1140,7800020,8000050,Zagreb Glavni kolodvor,Bremen Hbf,967,6,,2026-01-06,0.15487809790771426,False
1141,7800020,8010085,Zagreb Glavni kolodvor,Dresden Hbf,949,4,,2026-01-06,0.0,False
1142,7800020,8000152,Zagreb Glavni kolodvor,Hannover Hbf,832,4,,2026-01-06,0.1600215857332508,False
1143,7800020,8000284,Zagreb Glavni kolodvor,Nürnberg Hbf,623,6,,2026-01-06,0.006890905872599434,False
1144,7800020,8000086,Zagreb Glavni kolodvor,Duisburg Hbf,930,2,,2026-01-06,0.18748264319843744,False
1145,7800020,8601242,Zagreb Glavni kolodvor,Koebenhavns Lufthavn st,1369,8,,2026-01-06,0.10616981630687682,False
1146,7800020,7100064,Zagreb Glavni kolodvor,Barcelona Sants,2457,6,,2026-01-06,0.2855953169721672,False
1147,7800020,8700012,Zagreb Glavni kolodvor,Paris Gare de Lyon,1055,4,,2026-01-06,0.37316512898313164,False
1148,7800020,8700047,Zagreb Glavni kolodvor,Bordeaux-St-Jean,1231,4,,2026-01-06,0.08671607875851868,False
1149,7800020,8700074,Zagreb Glavni kolodvor,Marseille-St-Charles,1446,4,,2026-01-06,0.010766094895495104,False
1150,7800020,8700152,Zagreb Glavni kolodvor,Lyon Part Dieu,1205,8,,2026-01-06,0.11446331939909847,False
1151,7800020,8700065,Zagreb Glavni kolodvor,Toulouse-Matabiau,1441,4,,2026-01-06,0.2088264555703537,False
1152,7800020,5500728,Zagreb Glavni kolodvor,Budapest-Nyugati,384,1,,2026-01-06,0.0,False
1153,7800020,8300262,Zagreb Glavni kolodvor,Roma Tiburtina,795,4,,2026-01-06,0.36491753116526804,False
1154,7800020,8300047,Zagreb Glavni kolodvor,Milano Porta Garibaldi,741,8,,2026-01-06,0.019229350244580973,False
1155,7800020,8300522,Zagreb Glavni kolodvor,Torino Porta Susa,869,4,,2026-01-06,0.15877218736349133,False
1156,7800020,8300153,Zagreb Glavni kolodvor,Genova Piazza Principe,905,6,,2026-01-06,0.016150994715433225,False
1157,7800020,8200100,Zagreb Glavni kolodvor,Luxembourg,1021,6,,2026-01-06,0.10872794458483981,False
1158,7800020,8400597,Zagreb Glavni kolodvor,Tilburg,1097,6,,2026-01-06,0.15987661984328802,False
1159,7800020,8400058,Zagreb Glavni kolodvor,Amsterdam Centraal,1070,4,,2026-01-06,0.1607531383439024,False
1160,7800020,8400530,Zagreb Glavni kolodvor,Rotterdam Centraal,1081,6,,2026-01-06,0.16720616900474616,False
1161,7800020,5100065,Zagreb Glavni kolodvor,Warszawa Centralna,1150,4,,2026-01-06,0.012564176386674527,False
1162,7800020,5100028,Zagreb Glavni kolodvor,Krakow Glowny,1066,6,,2026-01-06,0.0,False
1163,7800020,5100069,Zagreb Glavni kolodvor,Wroclaw Glowny,836,2,,2026-01-06,0.0,False
1164,7800020,5100081,Zagreb Glavni kolodvor,Poznan Glowny,915,2,,2026-01-06,0.0,False
1165,7800020,7400002,Zagreb Glavni kolodvor,Stockholm Central,2227,8,,2026-01-06,0.2174610693399609,False
1166,7800020,7900003,Zagreb Glavni kolodvor,Ljubljana,141,0,,2026-01-06,0.0,False
1167,7800020,5600207,Zagreb Glavni kolodvor,Bratislava hl.st.,456,8,,2026-01-06,0.0,False
1168,5500728,8103000,Budapest-Nyugati,Wien Hbf,190,1,,2026-01-06,0.0,False
1169,5500728,8800004,Budapest-Nyugati,Bruxelles Midi,865,5,,2026-01-06,0.2816051544855541,False
1170,5500728,8800007,Budapest-Nyugati,Antwerpen Centraal,943,7,,2026-01-06,0.24548777884992506,False
1171,5500728,5400014,Budapest-Nyugati,Praha hl.n.,413,0,,2026-01-06,0.0,False
1172,5500728,8011160,Budapest-Nyugati,Berlin Hbf,659,2,,2026-01-06,0.0,False
1173,5500728,8000096,Budapest-Nyugati,Stuttgart Hbf,609,7,,2026-01-06,0.267807983033353,False
1174,5500728,8000261,Budapest-Nyugati,München Hbf,451,5,,2026-01-06,0.19900906185395612,False
1175,5500728,8002549,Budapest-Nyugati,Hamburg Hbf,767,5,,2026-01-06,0.2078262630270264,False
1176,5500728,8003368,Budapest-Nyugati,Köln Messe/Deutz,724,5,,2026-01-06,0.29227411375087486,False
1177,5500728,8000105,Budapest-Nyugati,Frankfurt(Main)Hbf,627,3,,2026-01-06,0.20075958718415213,False
1178,5500728,8000085,Budapest-Nyugati,Düsseldorf Hbf,746,5,,2026-01-06,0.2950809827511637,False
1179,5500728,8010205,Budapest-Nyugati,Leipzig Hbf,647,7,,2026-01-06,0.05677823565000249,False
1180,5500728,8000080,Budapest-Nyugati,Dortmund Hbf,806,5,,2026-01-06,0.16286407829271696,False
1181,5500728,8000098,Budapest-Nyugati,Essen Hbf,795,7,,2026-01-06,0.2758559097099113,False
1182,5500728,8000050,Budapest-Nyugati,Bremen Hbf,760,7,,2026-01-06,0.01081114776237514,False
1183,5500728,8010085,Budapest-Nyugati,Dresden Hbf,560,2,,2026-01-06,0.0,False
1184,5500728,8000152,Budapest-Nyugati,Hannover Hbf,682,5,,2026-01-06,0.0,False
1185,5500728,8000284,Budapest-Nyugati,Nürnberg Hbf,499,3,,2026-01-06,0.18252764618725512,False
1186,5500728,8000086,Budapest-Nyugati,Duisburg Hbf,759,5,,2026-01-06,0.28970785510703495,False
1187,5500728,8601242,Budapest-Nyugati,Koebenhavns Lufthavn st,1217,5,,2026-01-06,0.1171993155905968,False
1188,5500728,7100064,Budapest-Nyugati,Barcelona Sants,1393,9,,2026-01-06,0.25335855307004285,False
1189,5500728,8700012,Budapest-Nyugati,Paris Gare de Lyon,1143,9,,2026-01-06,0.4373661372088195,False
1190,5500728,8700047,Budapest-Nyugati,Bordeaux-St-Jean,1200,5,,2026-01-06,0.1606529042719738,False
1191,5500728,8700074,Budapest-Nyugati,Marseille-St-Charles,1146,9,,2026-01-06,0.027962890553921847,False
1192,5500728,8700152,Budapest-Nyugati,Lyon Part Dieu,1186,9,,2026-01-06,0.10874892319888745,False
1193,5500728,8700065,Budapest-Nyugati,Toulouse-Matabiau,1358,9,,2026-01-06,0.1882252677637346,False
1194,5500728,7800020,Budapest-Nyugati,Zagreb Glavni kolodvor,418,1,,2026-01-06,0.0,False
1195,5500728,8300262,Budapest-Nyugati,Roma Tiburtina,971,7,,2026-01-06,0.26505864070758756,False
1196,5500728,8300047,Budapest-Nyugati,Milano Porta Garibaldi,825,7,,2026-01-06,0.04263156338096481,False
1197,5500728,8300522,Budapest-Nyugati,Torino Porta Susa,1045,7,,2026-01-06,0.13853426214655018,False
1198,5500728,8300153,Budapest-Nyugati,Genova Piazza Principe,1081,9,,2026-01-06,0.03782113672602908,False
1199,5500728,8200100,Budapest-Nyugati,Luxembourg,880,9,,2026-01-06,0.20805838727940715,False
1200,5500728,8400597,Budapest-Nyugati,Tilburg,1046,7,,2026-01-06,0.2542504553929946,False
1201,5500728,8400058,Budapest-Nyugati,Amsterdam Centraal,1059,3,,2026-01-06,0.24986246970493806,False
1202,5500728,8400530,Budapest-Nyugati,Rotterdam Centraal,1084,7,,2026-01-06,0.2568085748087291,False
1203,5500728,5100065,Budapest-Nyugati,Warszawa Centralna,634,4,,2026-01-06,0.01700107369522273,False
1204,5500728,5100028,Budapest-Nyugati,Krakow Glowny,480,2,,2026-01-06,0.0,False
1205,5500728,5100069,Budapest-Nyugati,Wroclaw Glowny,476,2,,2026-01-06,0.0,False
1206,5500728,5100081,Budapest-Nyugati,Poznan Glowny,555,2,,2026-01-06,0.0,False
1207,5500728,7400002,Budapest-Nyugati,Stockholm Central,1546,7,,2026-01-06,0.23167366468477393,False
1208,5500728,7900003,Budapest-Nyugati,Ljubljana,539,5,,2026-01-06,0.0,False
1209,5500728,5600207,Budapest-Nyugati,Bratislava hl.st.,145,0,,2026-01-06,0.0,False
1210,8300262,8103000,Roma Tiburtina,Wien Hbf,692,6,,2026-01-06,0.30453717404770125,False
1211,8300262,8800004,Roma Tiburtina,Bruxelles Midi,1065,9,,2026-01-06,0.31603593304653915,False
1212,8300262,8800007,Roma Tiburtina,Antwerpen Centraal,1116,8,,2026-01-06,0.28486696695137437,False
1213,8300262,5400014,Roma Tiburtina,Praha hl.n.,1054,8,,2026-01-06,0.2656112524074877,False
1214,8300262,8011160,Roma Tiburtina,Berlin Hbf,995,6,,2026-01-06,0.4396937538223534,False
1215,8300262,8000096,Roma Tiburtina,Stuttgart Hbf,612,4,,2026-01-06,0.35881670950180083,False
1216,8300262,8000261,Roma Tiburtina,München Hbf,545,2,,2026-01-06,0.36453133768322715,False
1217,8300262,8002549,Roma Tiburtina,Hamburg Hbf,1102,6,,2026-01-06,0.3921716262156394,False
1218,8300262,8003368,Roma Tiburtina,Köln Messe/Deutz,774,8,,2026-01-06,0.4358542809373579,False
1219,8300262,8000105,Roma Tiburtina,Frankfurt(Main)Hbf,709,6,,2026-01-06,0.3450186909214762,False
1220,8300262,8000085,Roma Tiburtina,Düsseldorf Hbf,796,8,,2026-01-06,0.4346362082938241,False
1221,8300262,8010205,Roma Tiburtina,Leipzig Hbf,765,4,,2026-01-06,0.3465315909971475,False
1222,8300262,8000080,Roma Tiburtina,Dortmund Hbf,856,8,,2026-01-06,0.2651875282657185,False
1223,8300262,8000098,Roma Tiburtina,Essen Hbf,847,8,,2026-01-06,0.41517548773936025,False
1224,8300262,8000050,Roma Tiburtina,Bremen Hbf,1082,5,,2026-01-06,0.4112273665275768,False
1225,8300262,8010085,Roma Tiburtina,Dresden Hbf,1094,6,,2026-01-06,0.24206520124384726,False
1226,8300262,8000152,Roma Tiburtina,Hannover Hbf,906,8,,2026-01-06,0.43695731289788636,False
1227,8300262,8000284,Roma Tiburtina,Nürnberg Hbf,637,4,,2026-01-06,0.34393822675868746,False
1228,8300262,8000086,Roma Tiburtina,Duisburg Hbf,809,8,,2026-01-06,0.4279615842563794,False
1229,8300262,8601242,Roma Tiburtina,Koebenhavns Lufthavn st,1327,6,,2026-01-06,0.3216310492597555,False
1230,8300262,7100064,Roma Tiburtina,Barcelona Sants,1403,4,,2026-01-06,0.26285139313775935,False
1231,8300262,8700012,Roma Tiburtina,Paris Gare de Lyon,644,4,,2026-01-06,0.327788300510923,False
1232,8300262,8700047,Roma Tiburtina,Bordeaux-St-Jean,1163,8,,2026-01-06,0.14054884845430296,False
1233,8300262,8700074,Roma Tiburtina,Marseille-St-Charles,703,6,,2026-01-06,0.13974604135933988,False
1234,8300262,8700152,Roma Tiburtina,Lyon Part Dieu,520,4,,2026-01-06,0.13019954237975426,False
1235,8300262,8700065,Roma Tiburtina,Toulouse-Matabiau,959,8,,2026-01-06,0.16821027700654984,False
1236,8300262,7800020,Roma Tiburtina,Zagreb Glavni kolodvor,815,4,,2026-01-06,0.3649175311652676,False
1237,8300262,5500728,Roma Tiburtina,Budapest-Nyugati,914,9,,2026-01-06,0.2650586407075874,False
1238,8300262,8300047,Roma Tiburtina,Milano Porta Garibaldi,217,0,,2026-01-06,0.9018472324879039,True
1239,8300262,8300522,Roma Tiburtina,Torino Porta Susa,269,0,,2026-01-06,0.19106066135145328,False
1240,8300262,8300153,Roma Tiburtina,Genova Piazza Principe,304,4,,2026-01-06,0.25329066370405406,False
1241,8300262,8200100,Roma Tiburtina,Luxembourg,749,6,,2026-01-06,0.2834233170815093,False
1242,8300262,8400597,Roma Tiburtina,Tilburg,1066,9,,2026-01-06,0.387373243082428,False
1243,8300262,8400058,Roma Tiburtina,Amsterdam Centraal,1115,9,,2026-01-06,0.3772279642576515,False
1244,8300262,8400530,Roma Tiburtina,Rotterdam Centraal,1104,9,,2026-01-06,0.3840977886306377,False
1245,8300262,5100065,Roma Tiburtina,Warszawa Centralna,1260,8,,2026-01-06,0.19737794056964522,False
1246,8300262,5100028,Roma Tiburtina,Krakow Glowny,1215,8,,2026-01-06,0.22004257302339683,False
1247,8300262,5100069,Roma Tiburtina,Wroclaw Glowny,1126,8,,2026-01-06,0.21938922203529843,False
1248,8300262,5100081,Roma Tiburtina,Poznan Glowny,1308,8,,2026-01-06,0.19771239029052992,False
1250,8300262,7900003,Roma Tiburtina,Ljubljana,603,5,,2026-01-06,0.43261758290227764,False
1251,8300262,5600207,Roma Tiburtina,Bratislava hl.st.,790,8,,2026-01-06,0.2891097236485816,False
1252,8300047,8103000,Milano Porta Garibaldi,Wien Hbf,604,6,,2026-01-06,0.015399065651441451,False
1253,8300047,8800004,Milano Porta Garibaldi,Bruxelles Midi,608,8,,2026-01-06,0.09978490264897391,False
1254,8300047,8800007,Milano Porta Garibaldi,Antwerpen Centraal,648,8,,2026-01-06,0.09660078433548165,False
1255,8300047,5400014,Milano Porta Garibaldi,Praha hl.n.,789,4,,2026-01-06,0.03177627985220601,False
1256,8300047,8011160,Milano Porta Garibaldi,Berlin Hbf,712,8,,2026-01-06,0.29181520034018515,False
1257,8300047,8000096,Milano Porta Garibaldi,Stuttgart Hbf,413,4,,2026-01-06,0.09116944696529096,False
1258,8300047,8000261,Milano Porta Garibaldi,München Hbf,434,2,,2026-01-06,0.022211472623084826,False
1259,8300047,8002549,Milano Porta Garibaldi,Hamburg Hbf,710,8,,2026-01-06,0.24741593218070568,False
1260,8300047,8003368,Milano Porta Garibaldi,Köln Messe/Deutz,523,8,,2026-01-06,0.27390574578567717,False
1261,8300047,8000105,Milano Porta Garibaldi,Frankfurt(Main)Hbf,458,8,,2026-01-06,0.12376913056443786,False
1262,8300047,8000085,Milano Porta Garibaldi,Düsseldorf Hbf,541,6,,2026-01-06,0.2775087953249698,False
1263,8300047,8010205,Milano Porta Garibaldi,Leipzig Hbf,638,8,,2026-01-06,0.15078321140960985,False
1264,8300047,8000080,Milano Porta Garibaldi,Dortmund Hbf,590,6,,2026-01-06,0.06915703594313959,False
1265,8300047,8000098,Milano Porta Garibaldi,Essen Hbf,567,6,,2026-01-06,0.2573972772532834,False
1266,8300047,8000050,Milano Porta Garibaldi,Bremen Hbf,706,6,,2026-01-06,0.26625705104391983,False
1267,8300047,8010085,Milano Porta Garibaldi,Dresden Hbf,752,6,,2026-01-06,0.028163107770435788,False
1268,8300047,8000152,Milano Porta Garibaldi,Hannover Hbf,626,8,,2026-01-06,0.2833933619439432,False
1269,8300047,8000284,Milano Porta Garibaldi,Nürnberg Hbf,524,4,,2026-01-06,0.06523422441146853,False
1270,8300047,8000086,Milano Porta Garibaldi,Duisburg Hbf,554,6,,2026-01-06,0.2720834087140188,False
1271,8300047,8601242,Milano Porta Garibaldi,Koebenhavns Lufthavn st,1124,8,,2026-01-06,0.2053100264351477,False
1272,8300047,7100064,Milano Porta Garibaldi,Barcelona Sants,774,8,,2026-01-06,0.4580799541450182,False
1273,8300047,8700012,Milano Porta Garibaldi,Paris Gare de Lyon,419,2,,2026-01-06,0.5094042702937837,True
1274,8300047,8700047,Milano Porta Garibaldi,Bordeaux-St-Jean,668,8,,2026-01-06,0.12841226986706689,False
1275,8300047,8700074,Milano Porta Garibaldi,Marseille-St-Charles,494,4,,2026-01-06,0.0,False
1276,8300047,8700152,Milano Porta Garibaldi,Lyon Part Dieu,361,2,,2026-01-06,0.25435246689588303,False
1277,8300047,8700065,Milano Porta Garibaldi,Toulouse-Matabiau,1082,8,,2026-01-06,0.3444267175549735,False
1278,8300047,7800020,Milano Porta Garibaldi,Zagreb Glavni kolodvor,737,6,,2026-01-06,0.019229350244581056,False
1279,8300047,5500728,Milano Porta Garibaldi,Budapest-Nyugati,816,7,,2026-01-06,0.042631563380964625,False
1280,8300047,8300262,Milano Porta Garibaldi,Roma Tiburtina,215,0,,2026-01-06,0.9018472324879041,True
1281,8300047,8300522,Milano Porta Garibaldi,Torino Porta Susa,50,0,,2026-01-06,0.8187878602970867,True
1282,8300047,8300153,Milano Porta Garibaldi,Genova Piazza Principe,124,2,,2026-01-06,0.0,False
1283,8300047,8200100,Milano Porta Garibaldi,Luxembourg,550,6,,2026-01-06,0.12433815342771484,False
1284,8300047,8400597,Milano Porta Garibaldi,Tilburg,797,6,,2026-01-06,0.09192563691416451,False
1285,8300047,8400058,Milano Porta Garibaldi,Amsterdam Centraal,731,8,,2026-01-06,0.08619349466217234,False
1286,8300047,8400530,Milano Porta Garibaldi,Rotterdam Centraal,683,8,,2026-01-06,0.08946472351589467,False
1287,8300047,5100065,Milano Porta Garibaldi,Warszawa Centralna,1257,8,,2026-01-06,0.017221153855565035,False
1288,8300047,5100028,Milano Porta Garibaldi,Krakow Glowny,1197,8,,2026-01-06,0.010256258214966308,False
1289,8300047,5100069,Milano Porta Garibaldi,Wroclaw Glowny,1220,8,,2026-01-06,0.010219624290931536,False
1290,8300047,5100081,Milano Porta Garibaldi,Poznan Glowny,1082,8,,2026-01-06,0.18815879577151085,False
1291,8300047,7400002,Milano Porta Garibaldi,Stockholm Central,1506,8,,2026-01-06,0.29042156907566163,False
1292,8300047,7900003,Milano Porta Garibaldi,Ljubljana,516,6,,2026-01-06,0.024432367754290314,False
1293,8300047,5600207,Milano Porta Garibaldi,Bratislava hl.st.,717,6,,2026-01-06,0.014395928719629561,False
1294,8300522,8103000,Torino Porta Susa,Wien Hbf,657,6,,2026-01-06,0.1316275131489917,False
1295,8300522,8800004,Torino Porta Susa,Bruxelles Midi,694,6,,2026-01-06,0.0,False
1296,8300522,8800007,Torino Porta Susa,Antwerpen Centraal,531,2,,2026-01-06,0.0,False
1297,8300522,5400014,Torino Porta Susa,Praha hl.n.,1019,8,,2026-01-06,0.13094013193242152,False
1298,8300522,8011160,Torino Porta Susa,Berlin Hbf,804,8,,2026-01-06,0.34864867192217913,False
1299,8300522,8000096,Torino Porta Susa,Stuttgart Hbf,452,4,,2026-01-06,0.14848969220355132,False
1300,8300522,8000261,Torino Porta Susa,München Hbf,508,4,,2026-01-06,0.1786594693978648,False
1301,8300522,8002549,Torino Porta Susa,Hamburg Hbf,789,6,,2026-01-06,0.06380361881858591,False
1302,8300522,8003368,Torino Porta Susa,Köln Messe/Deutz,604,8,,2026-01-06,0.0,False
1303,8300522,8000105,Torino Porta Susa,Frankfurt(Main)Hbf,539,8,,2026-01-06,0.19771735671679697,False
1304,8300522,8000085,Torino Porta Susa,Düsseldorf Hbf,612,8,,2026-01-06,0.013232631068234194,False
1305,8300522,8010205,Torino Porta Susa,Leipzig Hbf,764,8,,2026-01-06,0.2308639558428784,False
1306,8300522,8000080,Torino Porta Susa,Dortmund Hbf,661,8,,2026-01-06,0.0,False
1307,8300522,8000098,Torino Porta Susa,Essen Hbf,638,8,,2026-01-06,0.0,False
1308,8300522,8000050,Torino Porta Susa,Bremen Hbf,777,8,,2026-01-06,0.07925624997439366,False
1309,8300522,8010085,Torino Porta Susa,Dresden Hbf,865,6,,2026-01-06,0.11770224153206924,False
1310,8300522,8000152,Torino Porta Susa,Hannover Hbf,705,6,,2026-01-06,0.2774699237621497,False
1311,8300522,8000284,Torino Porta Susa,Nürnberg Hbf,617,8,,2026-01-06,0.18703093527905473,False
1312,8300522,8000086,Torino Porta Susa,Duisburg Hbf,625,8,,2026-01-06,0.012955406090266092,False
1313,8300522,8601242,Torino Porta Susa,Koebenhavns Lufthavn st,1217,8,,2026-01-06,0.07257924114397764,False
1314,8300522,7100064,Torino Porta Susa,Barcelona Sants,707,4,,2026-01-06,0.4007827093910865,False
1315,8300522,8700012,Torino Porta Susa,Paris Gare de Lyon,333,0,,2026-01-06,0.4494852591442631,False
1316,8300522,8700047,Torino Porta Susa,Bordeaux-St-Jean,518,4,,2026-01-06,0.024599928573634355,False
1317,8300522,8700074,Torino Porta Susa,Marseille-St-Charles,403,4,,2026-01-06,0.0,False
1318,8300522,8700152,Torino Porta Susa,Lyon Part Dieu,232,0,,2026-01-06,0.0,False
1319,8300522,8700065,Torino Porta Susa,Toulouse-Matabiau,549,2,,2026-01-06,0.2598632908176612,False
1320,8300522,7800020,Torino Porta Susa,Zagreb Glavni kolodvor,800,6,,2026-01-06,0.15877218736349163,False
1321,8300522,5500728,Torino Porta Susa,Budapest-Nyugati,879,9,,2026-01-06,0.13853426214655074,False
1322,8300522,8300262,Torino Porta Susa,Roma Tiburtina,270,0,,2026-01-06,0.19106066135145336,False
1323,8300522,8300047,Torino Porta Susa,Milano Porta Garibaldi,50,0,,2026-01-06,0.8187878602970843,True
1324,8300522,8300153,Torino Porta Susa,Genova Piazza Principe,108,2,,2026-01-06,0.0,False
1325,8300522,8200100,Torino Porta Susa,Luxembourg,589,6,,2026-01-06,0.0,False
1326,8300522,8400597,Torino Porta Susa,Tilburg,876,8,,2026-01-06,0.0,False
1327,8300522,8400058,Torino Porta Susa,Amsterdam Centraal,849,6,,2026-01-06,0.0,False
1328,8300522,8400530,Torino Porta Susa,Rotterdam Centraal,566,2,,2026-01-06,0.0,False
1329,8300522,5100065,Torino Porta Susa,Warszawa Centralna,1310,8,,2026-01-06,0.0864425817444197,False
1330,8300522,5100028,Torino Porta Susa,Krakow Glowny,1265,8,,2026-01-06,0.09202256664072224,False
1331,8300522,5100069,Torino Porta Susa,Wroclaw Glowny,1211,4,,2026-01-06,0.09172632958109374,False
1332,8300522,5100081,Torino Porta Susa,Poznan Glowny,1173,6,,2026-01-06,0.2459832219370618,False
1334,8300522,7900003,Torino Porta Susa,Ljubljana,554,6,,2026-01-06,0.1928156089883746,False
1335,8300522,5600207,Torino Porta Susa,Bratislava hl.st.,769,6,,2026-01-06,0.12419931460367917,False
1336,8300153,8103000,Genova Piazza Principe,Wien Hbf,708,4,,2026-01-06,0.013359900152714935,False
1337,8300153,8800004,Genova Piazza Principe,Bruxelles Midi,709,6,,2026-01-06,0.0,False
1338,8300153,8800007,Genova Piazza Principe,Antwerpen Centraal,828,8,,2026-01-06,0.0,False
1339,8300153,5400014,Genova Piazza Principe,Praha hl.n.,1071,8,,2026-01-06,0.02811819438189154,False
1340,8300153,8011160,Genova Piazza Principe,Berlin Hbf,856,8,,2026-01-06,0.26339705028535554,False
1341,8300153,8000096,Genova Piazza Principe,Stuttgart Hbf,553,4,,2026-01-06,0.0778829650213377,False
1342,8300153,8000261,Genova Piazza Principe,München Hbf,549,4,,2026-01-06,0.018203784401710287,False
1343,8300153,8002549,Genova Piazza Principe,Hamburg Hbf,851,6,,2026-01-06,0.22546901978103634,False
1344,8300153,8003368,Genova Piazza Principe,Köln Messe/Deutz,671,8,,2026-01-06,0.0,False
1345,8300153,8000105,Genova Piazza Principe,Frankfurt(Main)Hbf,590,8,,2026-01-06,0.10875584406564826,False
1346,8300153,8000085,Genova Piazza Principe,Düsseldorf Hbf,695,8,,2026-01-06,0.011500507544471147,False
1347,8300153,8010205,Genova Piazza Principe,Leipzig Hbf,770,8,,2026-01-06,0.13433784778438884,False
1348,8300153,8000080,Genova Piazza Principe,Dortmund Hbf,763,8,,2026-01-06,0.0,False
1349,8300153,8000098,Genova Piazza Principe,Essen Hbf,724,8,,2026-01-06,0.0,False
1350,8300153,8000050,Genova Piazza Principe,Bremen Hbf,869,8,,2026-01-06,0.2419100631546775,False
1351,8300153,8010085,Genova Piazza Principe,Dresden Hbf,975,8,,2026-01-06,0.02525151047978959,False
1352,8300153,8000152,Genova Piazza Principe,Hannover Hbf,767,6,,2026-01-06,0.2549663370849749,False
1353,8300153,8000284,Genova Piazza Principe,Nürnberg Hbf,654,6,,2026-01-06,0.05558439390232816,False
1354,8300153,8000086,Genova Piazza Principe,Duisburg Hbf,711,8,,2026-01-06,0.011290533034838228,False
1355,8300153,8601242,Genova Piazza Principe,Koebenhavns Lufthavn st,1222,8,,2026-01-06,0.1918659152243888,False
1356,8300153,7100064,Genova Piazza Principe,Barcelona Sants,754,8,,2026-01-06,0.2680204815237328,False
1357,8300153,8700012,Genova Piazza Principe,Paris Gare de Lyon,525,2,,2026-01-06,0.36958760432489773,False
1358,8300153,8700047,Genova Piazza Principe,Bordeaux-St-Jean,773,6,,2026-01-06,0.08870400655549238,False
1359,8300153,8700074,Genova Piazza Principe,Marseille-St-Charles,365,4,,2026-01-06,0.0,False
1360,8300153,8700152,Genova Piazza Principe,Lyon Part Dieu,401,2,,2026-01-06,0.0,False
1361,8300153,8700065,Genova Piazza Principe,Toulouse-Matabiau,618,6,,2026-01-06,0.11672545166419054,False
1362,8300153,7800020,Genova Piazza Principe,Zagreb Glavni kolodvor,955,4,,2026-01-06,0.016150994715433263,False
1363,8300153,5500728,Genova Piazza Principe,Budapest-Nyugati,931,9,,2026-01-06,0.03782113672602889,False
1364,8300153,8300262,Genova Piazza Principe,Roma Tiburtina,309,4,,2026-01-06,0.25329066370405423,False
1365,8300153,8300047,Genova Piazza Principe,Milano Porta Garibaldi,122,2,,2026-01-06,0.0,False
1366,8300153,8300522,Genova Piazza Principe,Torino Porta Susa,113,2,,2026-01-06,0.0,False
1367,8300153,8200100,Genova Piazza Principe,Luxembourg,690,6,,2026-01-06,0.0,False
1368,8300153,8400597,Genova Piazza Principe,Tilburg,849,8,,2026-01-06,0.0,False
1369,8300153,8400058,Genova Piazza Principe,Amsterdam Centraal,1026,8,,2026-01-06,0.0,False
1370,8300153,8400530,Genova Piazza Principe,Rotterdam Centraal,1015,8,,2026-01-06,0.0,False
1371,8300153,5100065,Genova Piazza Principe,Warszawa Centralna,1361,8,,2026-01-06,0.015865878167154124,False
1372,8300153,5100028,Genova Piazza Principe,Krakow Glowny,1276,6,,2026-01-06,0.009309834135089803,False
1373,8300153,5100069,Genova Piazza Principe,Wroclaw Glowny,1211,8,,2026-01-06,0.009279639304058793,False
1374,8300153,5100081,Genova Piazza Principe,Poznan Glowny,1214,8,,2026-01-06,0.17251806084624005,False
1375,8300153,7400002,Genova Piazza Principe,Stockholm Central,1600,8,,2026-01-06,0.276091409303654,False
1376,8300153,7900003,Genova Piazza Principe,Ljubljana,590,6,,2026-01-06,0.019669100513673685,False
1377,8300153,5600207,Genova Piazza Principe,Bratislava hl.st.,805,6,,2026-01-06,0.012598276356177067,False
1378,8200100,8103000,Luxembourg,Wien Hbf,653,8,,2026-01-06,0.26080692306447956,False
1379,8200100,8800004,Luxembourg,Bruxelles Midi,197,0,,2026-01-06,0.0,False
1380,8200100,8800007,Luxembourg,Antwerpen Centraal,235,2,,2026-01-06,0.0,False
1381,8200100,5400014,Luxembourg,Praha hl.n.,712,8,,2026-01-06,0.06961352113927108,False
1382,8200100,8011160,Luxembourg,Berlin Hbf,502,4,,2026-01-06,0.10876462469143898,False
1383,8200100,8000096,Luxembourg,Stuttgart Hbf,236,4,,2026-01-06,0.045541719653454285,False
1384,8200100,8000261,Luxembourg,München Hbf,357,4,,2026-01-06,0.21756159241689568,False
1385,8200100,8002549,Luxembourg,Hamburg Hbf,494,4,,2026-01-06,0.13949077733000456,False
1386,8200100,8003368,Luxembourg,Köln Messe/Deutz,226,4,,2026-01-06,0.0,False
1387,8200100,8000105,Luxembourg,Frankfurt(Main)Hbf,234,4,,2026-01-06,0.0,False
1388,8200100,8000085,Luxembourg,Düsseldorf Hbf,247,4,,2026-01-06,0.05077791281216309,False
1389,8200100,8010205,Luxembourg,Leipzig Hbf,436,4,,2026-01-06,0.052164316112286405,False
1390,8200100,8000080,Luxembourg,Dortmund Hbf,289,2,,2026-01-06,0.0,False
1391,8200100,8000098,Luxembourg,Essen Hbf,280,2,,2026-01-06,0.0,False
1392,8200100,8000050,Luxembourg,Bremen Hbf,461,4,,2026-01-06,0.189057399211303,False
1393,8200100,8010085,Luxembourg,Dresden Hbf,508,4,,2026-01-06,0.1066794745722058,False
1394,8200100,8000152,Luxembourg,Hannover Hbf,406,4,,2026-01-06,0.18284144314855522,False
1395,8200100,8000284,Luxembourg,Nürnberg Hbf,403,4,,2026-01-06,0.11689624060687871,False
1396,8200100,8000086,Luxembourg,Duisburg Hbf,265,4,,2026-01-06,0.04692479447418821,False
1397,8200100,8601242,Luxembourg,Koebenhavns Lufthavn st,823,8,,2026-01-06,0.12089396745906741,False
1398,8200100,7100064,Luxembourg,Barcelona Sants,684,2,,2026-01-06,0.29025993770450215,False
1399,8200100,8700012,Luxembourg,Paris Gare de Lyon,186,2,,2026-01-06,0.2987915478521051,False
1400,8200100,8700047,Luxembourg,Bordeaux-St-Jean,304,2,,2026-01-06,0.6789372487809648,True
1401,8200100,8700074,Luxembourg,Marseille-St-Charles,426,2,,2026-01-06,0.23115310526318975,False
1402,8200100,8700152,Luxembourg,Lyon Part Dieu,348,2,,2026-01-06,0.09824418430420755,False
1403,8200100,8700065,Luxembourg,Toulouse-Matabiau,546,2,,2026-01-06,0.03322267587024843,False
1404,8200100,7800020,Luxembourg,Zagreb Glavni kolodvor,1050,6,,2026-01-06,0.10872794458483911,False
1405,8200100,5500728,Luxembourg,Budapest-Nyugati,916,7,,2026-01-06,0.20805838727940518,False
1406,8200100,8300262,Luxembourg,Roma Tiburtina,781,8,,2026-01-06,0.28342331708150903,False
1407,8200100,8300047,Luxembourg,Milano Porta Garibaldi,582,8,,2026-01-06,0.12433815342771537,False
1408,8200100,8300522,Luxembourg,Torino Porta Susa,615,2,,2026-01-06,0.0,False
1409,8200100,8300153,Luxembourg,Genova Piazza Principe,665,8,,2026-01-06,0.0,False
1410,8200100,8400597,Luxembourg,Tilburg,319,6,,2026-01-06,0.0,False
1411,8200100,8400058,Luxembourg,Amsterdam Centraal,339,2,,2026-01-06,0.0,False
1412,8200100,8400530,Luxembourg,Rotterdam Centraal,291,2,,2026-01-06,0.0,False
1413,8200100,5100065,Luxembourg,Warszawa Centralna,825,6,,2026-01-06,0.0,False
1414,8200100,5100028,Luxembourg,Krakow Glowny,1095,8,,2026-01-06,0.0,False
1415,8200100,5100069,Luxembourg,Wroclaw Glowny,767,8,,2026-01-06,0.0,False
1416,8200100,5100081,Luxembourg,Poznan Glowny,678,6,,2026-01-06,0.0,False
1417,8200100,7400002,Luxembourg,Stockholm Central,1241,6,,2026-01-06,0.26703963487402876,False
1418,8200100,7900003,Luxembourg,Ljubljana,804,6,,2026-01-06,0.12412239819120031,False
1419,8200100,5600207,Luxembourg,Bratislava hl.st.,756,8,,2026-01-06,0.24467278965776243,False
1420,8400597,8103000,Tilburg,Wien Hbf,652,8,,2026-01-06,0.3130189548849283,False
1421,8400597,8800004,Tilburg,Bruxelles Midi,109,4,,2026-01-06,0.3224453660869208,False
1422,8400597,8800007,Tilburg,Antwerpen Centraal,59,2,,2026-01-06,0.5198777977098493,True
1423,8400597,5400014,Tilburg,Praha hl.n.,681,6,,2026-01-06,0.2183920875402706,False
1424,8400597,8011160,Tilburg,Berlin Hbf,368,4,,2026-01-06,0.1989006413480227,False
1425,8400597,8000096,Tilburg,Stuttgart Hbf,316,8,,2026-01-06,0.4413456512598669,False
1426,8400597,8000261,Tilburg,München Hbf,431,6,,2026-01-06,0.41244267089132397,False
1427,8400597,8002549,Tilburg,Hamburg Hbf,319,8,,2026-01-06,0.2867801479765752,False
1428,8400597,8003368,Tilburg,Köln Messe/Deutz,166,6,,2026-01-06,0.0,False
1429,8400597,8000105,Tilburg,Frankfurt(Main)Hbf,236,6,,2026-01-06,0.40082374009894217,False
1430,8400597,8000085,Tilburg,Düsseldorf Hbf,134,4,,2026-01-06,0.0,False
1431,8400597,8010205,Tilburg,Leipzig Hbf,434,8,,2026-01-06,0.02414216422493789,False
1432,8400597,8000080,Tilburg,Dortmund Hbf,168,8,,2026-01-06,0.0,False
1433,8400597,8000098,Tilburg,Essen Hbf,139,6,,2026-01-06,0.0,False
1434,8400597,8000050,Tilburg,Bremen Hbf,280,6,,2026-01-06,0.0,False
1435,8400597,8010085,Tilburg,Dresden Hbf,530,8,,2026-01-06,0.08648528357097418,False
1436,8400597,8000152,Tilburg,Hannover Hbf,267,4,,2026-01-06,0.09597631214068411,False
1437,8400597,8000284,Tilburg,Nürnberg Hbf,363,6,,2026-01-06,0.3492803276511412,False
1438,8400597,8000086,Tilburg,Duisburg Hbf,124,6,,2026-01-06,0.0,False
1439,8400597,8601242,Tilburg,Koebenhavns Lufthavn st,709,8,,2026-01-06,0.18906741137145536,False
1440,8400597,7100064,Tilburg,Barcelona Sants,735,6,,2026-01-06,0.22674426334868594,False
1441,8400597,8700012,Tilburg,Paris Gare de Lyon,230,8,,2026-01-06,0.20484160247136585,False
1442,8400597,8700047,Tilburg,Bordeaux-St-Jean,413,6,,2026-01-06,0.6052293960670411,True
1443,8400597,8700074,Tilburg,Marseille-St-Charles,467,4,,2026-01-06,0.166290468027192,False
1444,8400597,8700152,Tilburg,Lyon Part Dieu,371,4,,2026-01-06,0.0601073865327069,False
1445,8400597,8700065,Tilburg,Toulouse-Matabiau,571,6,,2026-01-06,0.1562381917283464,False
1446,8400597,7800020,Tilburg,Zagreb Glavni kolodvor,1106,8,,2026-01-06,0.15987661984328708,False
1447,8400597,5500728,Tilburg,Budapest-Nyugati,1065,9,,2026-01-06,0.2542504553929946,False
1448,8400597,8300262,Tilburg,Roma Tiburtina,1051,6,,2026-01-06,0.38737324308242727,False
1449,8400597,8300047,Tilburg,Milano Porta Garibaldi,677,8,,2026-01-06,0.0919256369141645,False
1450,8400597,8300522,Tilburg,Torino Porta Susa,603,6,,2026-01-06,0.0,False
1451,8400597,8300153,Tilburg,Genova Piazza Principe,853,8,,2026-01-06,0.0,False
1452,8400597,8200100,Tilburg,Luxembourg,298,4,,2026-01-06,0.0,False
1453,8400597,8400058,Tilburg,Amsterdam Centraal,81,2,,2026-01-06,0.0,False
1454,8400597,8400530,Tilburg,Rotterdam Centraal,37,0,,2026-01-06,0.30777088860978424,False
1455,8400597,5100065,Tilburg,Warszawa Centralna,686,6,,2026-01-06,0.10624533462843855,False
1456,8400597,5100028,Tilburg,Krakow Glowny,820,8,,2026-01-06,0.0,False
1457,8400597,5100069,Tilburg,Wroclaw Glowny,644,8,,2026-01-06,0.0,False
1458,8400597,5100081,Tilburg,Poznan Glowny,539,6,,2026-01-06,0.14075337429393076,False
1459,8400597,7400002,Tilburg,Stockholm Central,1102,8,,2026-01-06,0.3239847004788834,False
1460,8400597,7900003,Tilburg,Ljubljana,872,8,,2026-01-06,0.17962727855170524,False
1461,8400597,5600207,Tilburg,Bratislava hl.st.,788,8,,2026-01-06,0.2952675252292884,False
1462,8400058,8103000,Amsterdam Centraal,Wien Hbf,676,4,,2026-01-06,0.30372351461076996,False
1463,8400058,8800004,Amsterdam Centraal,Bruxelles Midi,116,0,,2026-01-06,0.1838252794685591,False
1464,8400058,8800007,Amsterdam Centraal,Antwerpen Centraal,80,0,,2026-01-06,0.2369056218632488,False
1465,8400058,5400014,Amsterdam Centraal,Praha hl.n.,626,2,,2026-01-06,0.0,False
1466,8400058,8011160,Amsterdam Centraal,Berlin Hbf,342,0,,2026-01-06,0.2015167782798447,False
1467,8400058,8000096,Amsterdam Centraal,Stuttgart Hbf,295,2,,2026-01-06,0.4062213496447035,False
1468,8400058,8000261,Amsterdam Centraal,München Hbf,429,2,,2026-01-06,0.38984837444857545,False
1469,8400058,8002549,Amsterdam Centraal,Hamburg Hbf,315,2,,2026-01-06,0.2918956777463829,False
1470,8400058,8003368,Amsterdam Centraal,Köln Messe/Deutz,176,2,,2026-01-06,0.05367553885332476,False
1471,8400058,8000105,Amsterdam Centraal,Frankfurt(Main)Hbf,247,0,,2026-01-06,0.35977714663368743,False
1472,8400058,8000085,Amsterdam Centraal,Düsseldorf Hbf,136,0,,2026-01-06,0.0,False
1473,8400058,8010205,Amsterdam Centraal,Leipzig Hbf,436,2,,2026-01-06,0.0,False
1474,8400058,8000080,Amsterdam Centraal,Dortmund Hbf,175,2,,2026-01-06,0.0,False
1475,8400058,8000098,Amsterdam Centraal,Essen Hbf,144,2,,2026-01-06,0.0,False
1476,8400058,8000050,Amsterdam Centraal,Bremen Hbf,254,2,,2026-01-06,0.0,False
1477,8400058,8010085,Amsterdam Centraal,Dresden Hbf,507,2,,2026-01-06,0.0,False
1478,8400058,8000152,Amsterdam Centraal,Hannover Hbf,241,0,,2026-01-06,0.09809022459289593,False
1479,8400058,8000284,Amsterdam Centraal,Nürnberg Hbf,387,2,,2026-01-06,0.3283629639692767,False
1480,8400058,8000086,Amsterdam Centraal,Duisburg Hbf,128,0,,2026-01-06,0.0,False
1481,8400058,8601242,Amsterdam Centraal,Koebenhavns Lufthavn st,683,4,,2026-01-06,0.19068759976022087,False
1482,8400058,7100064,Amsterdam Centraal,Barcelona Sants,673,4,,2026-01-06,0.21475555606076757,False
1483,8400058,8700012,Amsterdam Centraal,Paris Gare de Lyon,237,4,,2026-01-06,0.16837534214065536,False
1484,8400058,8700047,Amsterdam Centraal,Bordeaux-St-Jean,418,2,,2026-01-06,0.5547177143681575,True
1485,8400058,8700074,Amsterdam Centraal,Marseille-St-Charles,464,2,,2026-01-06,0.15518161382069465,False
1486,8400058,8700152,Amsterdam Centraal,Lyon Part Dieu,368,2,,2026-01-06,0.05469125282502699,False
1487,8400058,8700065,Amsterdam Centraal,Toulouse-Matabiau,582,2,,2026-01-06,0.1441927479293584,False
1488,8400058,7800020,Amsterdam Centraal,Zagreb Glavni kolodvor,1072,6,,2026-01-06,0.1607531383439014,False
1489,8400058,5500728,Amsterdam Centraal,Budapest-Nyugati,1031,7,,2026-01-06,0.24986246970493764,False
1490,8400058,8300262,Amsterdam Centraal,Roma Tiburtina,1151,8,,2026-01-06,0.377227964257653,False
1491,8400058,8300047,Amsterdam Centraal,Milano Porta Garibaldi,684,4,,2026-01-06,0.08619349466217284,False
1492,8400058,8300522,Amsterdam Centraal,Torino Porta Susa,610,2,,2026-01-06,0.0,False
1493,8400058,8300153,Amsterdam Centraal,Genova Piazza Principe,806,8,,2026-01-06,0.0,False
1494,8400058,8200100,Amsterdam Centraal,Luxembourg,339,2,,2026-01-06,0.0,False
1495,8400058,8400597,Amsterdam Centraal,Tilburg,81,4,,2026-01-06,0.0,False
1496,8400058,8400530,Amsterdam Centraal,Rotterdam Centraal,42,0,,2026-01-06,0.5557566524524865,True
1497,8400058,5100065,Amsterdam Centraal,Warszawa Centralna,660,2,,2026-01-06,0.10698725103383973,False
1498,8400058,5100028,Amsterdam Centraal,Krakow Glowny,820,8,,2026-01-06,0.0,False
1499,8400058,5100069,Amsterdam Centraal,Wroclaw Glowny,644,8,,2026-01-06,0.0,False
1500,8400058,5100081,Amsterdam Centraal,Poznan Glowny,513,2,,2026-01-06,0.14205845988237797,False
1501,8400058,7400002,Amsterdam Centraal,Stockholm Central,1056,8,,2026-01-06,0.32566816824810496,False
1502,8400058,7900003,Amsterdam Centraal,Ljubljana,838,6,,2026-01-06,0.17933849601918028,False
1503,8400058,5600207,Amsterdam Centraal,Bratislava hl.st.,761,6,,2026-01-06,0.2875986745613207,False
1504,8400530,8103000,Rotterdam Centraal,Wien Hbf,687,6,,2026-01-06,0.3127137078188249,False
1505,8400530,8800004,Rotterdam Centraal,Bruxelles Midi,68,0,,2026-01-06,0.0,False
1506,8400530,8800007,Rotterdam Centraal,Antwerpen Centraal,32,0,,2026-01-06,0.0,False
1507,8400530,5400014,Rotterdam Centraal,Praha hl.n.,665,6,,2026-01-06,0.0,False
1508,8400530,8011160,Rotterdam Centraal,Berlin Hbf,367,4,,2026-01-06,0.1919413402796993,False
1509,8400530,8000096,Rotterdam Centraal,Stuttgart Hbf,313,4,,2026-01-06,0.4259855170143897,False
1510,8400530,8000261,Rotterdam Centraal,München Hbf,440,4,,2026-01-06,0.4038040004814504,False
1511,8400530,8002549,Rotterdam Centraal,Hamburg Hbf,340,6,,2026-01-06,0.27339857871598167,False
1512,8400530,8003368,Rotterdam Centraal,Köln Messe/Deutz,187,4,,2026-01-06,0.08568551289660008,False
1513,8400530,8000105,Rotterdam Centraal,Frankfurt(Main)Hbf,265,2,,2026-01-06,0.3859644898351816,False
1514,8400530,8000085,Rotterdam Centraal,Düsseldorf Hbf,154,2,,2026-01-06,0.09609526475410146,False
1515,8400530,8010205,Rotterdam Centraal,Leipzig Hbf,461,4,,2026-01-06,0.042615581426511596,False
1516,8400530,8000080,Rotterdam Centraal,Dortmund Hbf,186,4,,2026-01-06,0.0,False
1517,8400530,8000098,Rotterdam Centraal,Essen Hbf,162,4,,2026-01-06,0.0,False
1518,8400530,8000050,Rotterdam Centraal,Bremen Hbf,279,6,,2026-01-06,0.0,False
1519,8400530,8010085,Rotterdam Centraal,Dresden Hbf,527,6,,2026-01-06,0.0,False
1520,8400530,8000152,Rotterdam Centraal,Hannover Hbf,266,4,,2026-01-06,0.0905276443523885,False
1521,8400530,8000284,Rotterdam Centraal,Nürnberg Hbf,398,4,,2026-01-06,0.3449428314544778,False
1522,8400530,8000086,Rotterdam Centraal,Duisburg Hbf,139,2,,2026-01-06,0.0,False
1523,8400530,8601242,Rotterdam Centraal,Koebenhavns Lufthavn st,708,8,,2026-01-06,0.1846849074742262,False
1524,8400530,7100064,Rotterdam Centraal,Barcelona Sants,625,4,,2026-01-06,0.49616745476275503,False
1525,8400530,8700012,Rotterdam Centraal,Paris Gare de Lyon,189,4,,2026-01-06,0.10869413702207102,False
1526,8400530,8700047,Rotterdam Centraal,Bordeaux-St-Jean,348,2,,2026-01-06,0.5545599295080568,True
1527,8400530,8700074,Rotterdam Centraal,Marseille-St-Charles,416,2,,2026-01-06,0.5113435766051999,True
1528,8400530,8700152,Rotterdam Centraal,Lyon Part Dieu,320,2,,2026-01-06,0.5364473101805715,True
1529,8400530,8700065,Rotterdam Centraal,Toulouse-Matabiau,510,2,,2026-01-06,0.1195148125057964,False
1530,8400530,7800020,Rotterdam Centraal,Zagreb Glavni kolodvor,1090,8,,2026-01-06,0.1672061690047443,False
1531,8400530,5500728,Rotterdam Centraal,Budapest-Nyugati,951,7,,2026-01-06,0.25680857480872793,False
1532,8400530,8300262,Rotterdam Centraal,Roma Tiburtina,882,4,,2026-01-06,0.3840977886306385,False
1533,8400530,8300047,Rotterdam Centraal,Milano Porta Garibaldi,636,4,,2026-01-06,0.08946472351589473,False
1534,8400530,8300522,Rotterdam Centraal,Torino Porta Susa,557,2,,2026-01-06,0.0,False
1535,8400530,8300153,Rotterdam Centraal,Genova Piazza Principe,692,4,,2026-01-06,0.0,False
1536,8400530,8200100,Rotterdam Centraal,Luxembourg,291,2,,2026-01-06,0.0,False
1537,8400530,8400597,Rotterdam Centraal,Tilburg,38,0,,2026-01-06,0.30777088860978413,False
1538,8400530,8400058,Rotterdam Centraal,Amsterdam Centraal,43,0,,2026-01-06,0.5557566524524862,True
1539,8400530,5100065,Rotterdam Centraal,Warszawa Centralna,685,6,,2026-01-06,0.10422673622419001,False
1540,8400530,5100028,Rotterdam Centraal,Krakow Glowny,834,8,,2026-01-06,0.0,False
1541,8400530,5100069,Rotterdam Centraal,Wroclaw Glowny,658,8,,2026-01-06,0.0,False
1542,8400530,5100081,Rotterdam Centraal,Poznan Glowny,538,6,,2026-01-06,0.13723229298870626,False
1543,8400530,7400002,Rotterdam Centraal,Stockholm Central,1101,8,,2026-01-06,0.319373895518286,False
1544,8400530,7900003,Rotterdam Centraal,Ljubljana,856,8,,2026-01-06,0.18671915015319906,False
1545,8400530,5600207,Rotterdam Centraal,Bratislava hl.st.,772,8,,2026-01-06,0.2959563838611157,False
1546,5100065,8103000,Warszawa Centralna,Wien Hbf,465,0,,2026-01-06,0.0194456307443911,False
1547,5100065,8800004,Warszawa Centralna,Bruxelles Midi,755,4,,2026-01-06,0.1554123371903684,False
1548,5100065,8800007,Warszawa Centralna,Antwerpen Centraal,786,6,,2026-01-06,0.15888557983357632,False
1549,5100065,5400014,Warszawa Centralna,Praha hl.n.,486,2,,2026-01-06,0.0,False
1550,5100065,8011160,Warszawa Centralna,Berlin Hbf,316,0,,2026-01-06,0.0,False
1551,5100065,8000096,Warszawa Centralna,Stuttgart Hbf,653,4,,2026-01-06,0.18669171126549983,False
1552,5100065,8000261,Warszawa Centralna,München Hbf,575,2,,2026-01-06,0.0,False
1553,5100065,8002549,Warszawa Centralna,Hamburg Hbf,481,2,,2026-01-06,0.28882915571901135,False
1554,5100065,8003368,Warszawa Centralna,Köln Messe/Deutz,626,4,,2026-01-06,0.16823808215333913,False
1555,5100065,8000105,Warszawa Centralna,Frankfurt(Main)Hbf,584,2,,2026-01-06,0.1467892291180991,False
1556,5100065,8000085,Warszawa Centralna,Düsseldorf Hbf,610,2,,2026-01-06,0.18572164866292845,False
1557,5100065,8010205,Warszawa Centralna,Leipzig Hbf,406,2,,2026-01-06,0.0,False
1558,5100065,8000080,Warszawa Centralna,Dortmund Hbf,551,2,,2026-01-06,0.19829263872892317,False
1559,5100065,8000098,Warszawa Centralna,Essen Hbf,577,2,,2026-01-06,0.19192159528406055,False
1560,5100065,8000050,Warszawa Centralna,Bremen Hbf,530,4,,2026-01-06,0.03751074296330047,False
1561,5100065,8010085,Warszawa Centralna,Dresden Hbf,447,2,,2026-01-06,0.0,False
1562,5100065,8000152,Warszawa Centralna,Hannover Hbf,440,2,,2026-01-06,0.11111277759263223,False
1563,5100065,8000284,Warszawa Centralna,Nürnberg Hbf,502,2,,2026-01-06,0.22280364658302296,False
1564,5100065,8000086,Warszawa Centralna,Duisburg Hbf,591,2,,2026-01-06,0.1884854295686156,False
1565,5100065,8601242,Warszawa Centralna,Koebenhavns Lufthavn st,863,4,,2026-01-06,0.03804817353785733,False
1566,5100065,7100064,Warszawa Centralna,Barcelona Sants,1583,8,,2026-01-06,0.2498222668797527,False
1567,5100065,8700012,Warszawa Centralna,Paris Gare de Lyon,1033,8,,2026-01-06,0.1790689694347978,False
1568,5100065,8700047,Warszawa Centralna,Bordeaux-St-Jean,1091,8,,2026-01-06,0.36906897887065904,False
1569,5100065,8700074,Warszawa Centralna,Marseille-St-Charles,1259,8,,2026-01-06,0.012734632886509858,False
1570,5100065,8700152,Warszawa Centralna,Lyon Part Dieu,1013,8,,2026-01-06,0.17633756260320316,False
1571,5100065,8700065,Warszawa Centralna,Toulouse-Matabiau,1368,6,,2026-01-06,0.17243689191922884,False
1572,5100065,7800020,Warszawa Centralna,Zagreb Glavni kolodvor,1226,4,,2026-01-06,0.012564176386674513,False
1573,5100065,5500728,Warszawa Centralna,Budapest-Nyugati,636,2,,2026-01-06,0.017001073695222774,False
1574,5100065,8300262,Warszawa Centralna,Roma Tiburtina,1270,8,,2026-01-06,0.1973779405696449,False
1575,5100065,8300047,Warszawa Centralna,Milano Porta Garibaldi,1221,8,,2026-01-06,0.017221153855564882,False
1576,5100065,8300522,Warszawa Centralna,Torino Porta Susa,1259,8,,2026-01-06,0.086442581744419,False
1577,5100065,8300153,Warszawa Centralna,Genova Piazza Principe,1299,8,,2026-01-06,0.01586587816715406,False
1578,5100065,8200100,Warszawa Centralna,Luxembourg,825,6,,2026-01-06,0.0,False
1579,5100065,8400597,Warszawa Centralna,Tilburg,766,8,,2026-01-06,0.10624533462843938,False
1580,5100065,8400058,Warszawa Centralna,Amsterdam Centraal,749,4,,2026-01-06,0.1069872510338407,False
1581,5100065,8400530,Warszawa Centralna,Rotterdam Centraal,760,6,,2026-01-06,0.10422673622419087,False
1582,5100065,5100028,Warszawa Centralna,Krakow Glowny,152,0,,2026-01-06,0.04381886369852425,False
1583,5100065,5100069,Warszawa Centralna,Wroclaw Glowny,228,2,,2026-01-06,0.0,False
1584,5100065,5100081,Warszawa Centralna,Poznan Glowny,144,0,,2026-01-06,0.0,False
1585,5100065,7400002,Warszawa Centralna,Stockholm Central,1428,6,,2026-01-06,0.20090179120350374,False
1586,5100065,7900003,Warszawa Centralna,Ljubljana,964,8,,2026-01-06,0.011756095403525894,False
1587,5100065,5600207,Warszawa Centralna,Bratislava hl.st.,478,2,,2026-01-06,0.02010848118461848,False
1588,5100028,8103000,Krakow Glowny,Wien Hbf,328,0,,2026-01-06,0.0,False
1589,5100028,8800004,Krakow Glowny,Bruxelles Midi,865,4,,2026-01-06,0.011358792701999272,False
1590,5100028,8800007,Krakow Glowny,Antwerpen Centraal,916,8,,2026-01-06,0.011613907735880915,False
1591,5100028,5400014,Krakow Glowny,Praha hl.n.,357,2,,2026-01-06,0.0,False
1592,5100028,8011160,Krakow Glowny,Berlin Hbf,441,0,,2026-01-06,0.0,False
1593,5100028,8000096,Krakow Glowny,Stuttgart Hbf,718,6,,2026-01-06,0.0,False
1594,5100028,8000261,Krakow Glowny,München Hbf,595,4,,2026-01-06,0.15947311714317425,False
1595,5100028,8002549,Krakow Glowny,Hamburg Hbf,616,4,,2026-01-06,0.27947241896394404,False
1596,5100028,8003368,Krakow Glowny,Köln Messe/Deutz,717,6,,2026-01-06,0.01343643315903735,False
1597,5100028,8000105,Krakow Glowny,Frankfurt(Main)Hbf,642,2,,2026-01-06,0.0944479518502932,False
1598,5100028,8000085,Krakow Glowny,Düsseldorf Hbf,732,4,,2026-01-06,0.013656403907935693,False
1599,5100028,8010205,Krakow Glowny,Leipzig Hbf,429,0,,2026-01-06,0.07893360663045391,False
1600,5100028,8000080,Krakow Glowny,Dortmund Hbf,675,4,,2026-01-06,0.030066297913193773,False
1601,5100028,8000098,Krakow Glowny,Essen Hbf,700,4,,2026-01-06,0.014043229592558154,False
1602,5100028,8000050,Krakow Glowny,Bremen Hbf,652,4,,2026-01-06,0.0363636671016383,False
1603,5100028,8010085,Krakow Glowny,Dresden Hbf,432,4,,2026-01-06,0.0,False
1604,5100028,8000152,Krakow Glowny,Hannover Hbf,573,4,,2026-01-06,0.0,False
1605,5100028,8000284,Krakow Glowny,Nürnberg Hbf,567,4,,2026-01-06,0.0,False
1606,5100028,8000086,Krakow Glowny,Duisburg Hbf,713,4,,2026-01-06,0.013790314929112184,False
1607,5100028,8601242,Krakow Glowny,Koebenhavns Lufthavn st,978,6,,2026-01-06,0.1431085192100637,False
1608,5100028,7100064,Krakow Glowny,Barcelona Sants,1750,8,,2026-01-06,0.17738667528906255,False
1609,5100028,8700012,Krakow Glowny,Paris Gare de Lyon,1216,8,,2026-01-06,0.2502108115887974,False
1610,5100028,8700047,Krakow Glowny,Bordeaux-St-Jean,1235,4,,2026-01-06,0.4264996018440429,False
1611,5100028,8700074,Krakow Glowny,Marseille-St-Charles,1328,4,,2026-01-06,0.007226383931893778,False
1612,5100028,8700152,Krakow Glowny,Lyon Part Dieu,1142,6,,2026-01-06,0.07081143679206953,False
1613,5100028,8700065,Krakow Glowny,Toulouse-Matabiau,1451,4,,2026-01-06,0.09336888388836727,False
1614,5100028,7800020,Krakow Glowny,Zagreb Glavni kolodvor,1124,6,,2026-01-06,0.0,False
1615,5100028,5500728,Krakow Glowny,Budapest-Nyugati,487,2,,2026-01-06,0.0,False
1616,5100028,8300262,Krakow Glowny,Roma Tiburtina,1134,6,,2026-01-06,0.2200425730233984,False
1617,5100028,8300047,Krakow Glowny,Milano Porta Garibaldi,1141,8,,2026-01-06,0.010256258214966325,False
1618,5100028,8300522,Krakow Glowny,Torino Porta Susa,1197,8,,2026-01-06,0.09202256664072234,False
1619,5100028,8300153,Krakow Glowny,Genova Piazza Principe,1244,8,,2026-01-06,0.009309834135089864,False
1620,5100028,8200100,Krakow Glowny,Luxembourg,1228,8,,2026-01-06,0.0,False
1621,5100028,8400597,Krakow Glowny,Tilburg,979,6,,2026-01-06,0.0,False
1622,5100028,8400058,Krakow Glowny,Amsterdam Centraal,1159,6,,2026-01-06,0.0,False
1623,5100028,8400530,Krakow Glowny,Rotterdam Centraal,915,8,,2026-01-06,0.0,False
1624,5100028,5100065,Krakow Glowny,Warszawa Centralna,148,0,,2026-01-06,0.04381886369852412,False
1625,5100028,5100069,Krakow Glowny,Wroclaw Glowny,180,0,,2026-01-06,0.0,False
1626,5100028,5100081,Krakow Glowny,Poznan Glowny,291,0,,2026-01-06,0.0,False
1627,5100028,7400002,Krakow Glowny,Stockholm Central,1438,8,,2026-01-06,0.26668175313858933,False
1628,5100028,7900003,Krakow Glowny,Ljubljana,708,4,,2026-01-06,0.0,False
1629,5100028,5600207,Krakow Glowny,Bratislava hl.st.,341,2,,2026-01-06,0.0,False
1630,5100069,8103000,Wroclaw Glowny,Wien Hbf,334,0,,2026-01-06,0.0,False
1631,5100069,8800004,Wroclaw Glowny,Bruxelles Midi,662,6,,2026-01-06,0.014144876293781838,False
1632,5100069,8800007,Wroclaw Glowny,Antwerpen Centraal,714,8,,2026-01-06,0.01454268026698771,False
1633,5100069,5400014,Wroclaw Glowny,Praha hl.n.,241,0,,2026-01-06,0.0,False
1634,5100069,8011160,Wroclaw Glowny,Berlin Hbf,239,2,,2026-01-06,0.0,False
1635,5100069,8000096,Wroclaw Glowny,Stuttgart Hbf,500,6,,2026-01-06,0.0,False
1636,5100069,8000261,Wroclaw Glowny,München Hbf,424,4,,2026-01-06,0.0,False
1637,5100069,8002549,Wroclaw Glowny,Hamburg Hbf,398,4,,2026-01-06,0.39495590315665835,False
1638,5100069,8003368,Wroclaw Glowny,Köln Messe/Deutz,521,4,,2026-01-06,0.01751805416134185,False
1639,5100069,8000105,Wroclaw Glowny,Frankfurt(Main)Hbf,424,2,,2026-01-06,0.12772274903655742,False
1640,5100069,8000085,Wroclaw Glowny,Düsseldorf Hbf,514,4,,2026-01-06,0.017893834333544946,False
1641,5100069,8010205,Wroclaw Glowny,Leipzig Hbf,211,0,,2026-01-06,0.1361541320816893,False
1642,5100069,8000080,Wroclaw Glowny,Dortmund Hbf,457,4,,2026-01-06,0.040134242788610525,False
1643,5100069,8000098,Wroclaw Glowny,Essen Hbf,482,4,,2026-01-06,0.01856384753302722,False
1644,5100069,8000050,Wroclaw Glowny,Bremen Hbf,432,4,,2026-01-06,0.05022673326398671,False
1645,5100069,8010085,Wroclaw Glowny,Dresden Hbf,191,2,,2026-01-06,0.0,False
1646,5100069,8000152,Wroclaw Glowny,Hannover Hbf,355,4,,2026-01-06,0.0,False
1647,5100069,8000284,Wroclaw Glowny,Nürnberg Hbf,349,4,,2026-01-06,0.0,False
1648,5100069,8000086,Wroclaw Glowny,Duisburg Hbf,495,4,,2026-01-06,0.0181244420539243,False
1649,5100069,8601242,Wroclaw Glowny,Koebenhavns Lufthavn st,775,8,,2026-01-06,0.1761341723302302,False
1650,5100069,7100064,Wroclaw Glowny,Barcelona Sants,1690,8,,2026-01-06,0.2584588614487328,False
1651,5100069,8700012,Wroclaw Glowny,Paris Gare de Lyon,709,6,,2026-01-06,0.29872835007372756,False
1652,5100069,8700047,Wroclaw Glowny,Bordeaux-St-Jean,1038,4,,2026-01-06,0.48550746983337834,False
1653,5100069,8700074,Wroclaw Glowny,Marseille-St-Charles,1290,7,,2026-01-06,0.22358735388301457,False
1654,5100069,8700152,Wroclaw Glowny,Lyon Part Dieu,1191,8,,2026-01-06,0.17284401930350934,False
1655,5100069,8700065,Wroclaw Glowny,Toulouse-Matabiau,1254,4,,2026-01-06,0.16930780060138423,False
1656,5100069,7800020,Wroclaw Glowny,Zagreb Glavni kolodvor,787,6,,2026-01-06,0.0,False
1657,5100069,5500728,Wroclaw Glowny,Budapest-Nyugati,487,2,,2026-01-06,0.0,False
1658,5100069,8300262,Wroclaw Glowny,Roma Tiburtina,1119,6,,2026-01-06,0.2193892220352998,False
1659,5100069,8300047,Wroclaw Glowny,Milano Porta Garibaldi,1135,8,,2026-01-06,0.010219624290931527,False
1660,5100069,8300522,Wroclaw Glowny,Torino Porta Susa,1190,6,,2026-01-06,0.09172632958109377,False
1661,5100069,8300153,Wroclaw Glowny,Genova Piazza Principe,1229,8,,2026-01-06,0.009279639304058838,False
1662,5100069,8200100,Wroclaw Glowny,Luxembourg,677,8,,2026-01-06,0.0,False
1663,5100069,8400597,Wroclaw Glowny,Tilburg,653,6,,2026-01-06,0.0,False
1664,5100069,8400058,Wroclaw Glowny,Amsterdam Centraal,628,4,,2026-01-06,0.0,False
1665,5100069,8400530,Wroclaw Glowny,Rotterdam Centraal,652,8,,2026-01-06,0.0,False
1666,5100069,5100065,Wroclaw Glowny,Warszawa Centralna,230,2,,2026-01-06,0.0,False
1667,5100069,5100028,Wroclaw Glowny,Krakow Glowny,169,0,,2026-01-06,0.0,False
1668,5100069,5100081,Wroclaw Glowny,Poznan Glowny,79,0,,2026-01-06,0.0,False
1669,5100069,7400002,Wroclaw Glowny,Stockholm Central,1226,6,,2026-01-06,0.30588569121715364,False
1670,5100069,7900003,Wroclaw Glowny,Ljubljana,683,6,,2026-01-06,0.0,False
1671,5100069,5600207,Wroclaw Glowny,Bratislava hl.st.,347,2,,2026-01-06,0.0,False
1672,5100081,8103000,Poznan Glowny,Wien Hbf,434,6,,2026-01-06,0.0,False
1673,5100081,8800004,Poznan Glowny,Bruxelles Midi,608,4,,2026-01-06,0.20075758922622067,False
1674,5100081,8800007,Poznan Glowny,Antwerpen Centraal,639,6,,2026-01-06,0.20659135883452467,False
1675,5100081,5400014,Poznan Glowny,Praha hl.n.,339,2,,2026-01-06,0.0,False
1676,5100081,8011160,Poznan Glowny,Berlin Hbf,169,0,,2026-01-06,0.0,False
1677,5100081,8000096,Poznan Glowny,Stuttgart Hbf,506,4,,2026-01-06,0.25094790825790186,False
1678,5100081,8000261,Poznan Glowny,München Hbf,424,2,,2026-01-06,0.0,False
1679,5100081,8002549,Poznan Glowny,Hamburg Hbf,344,2,,2026-01-06,0.44313441262095127,False
1680,5100081,8003368,Poznan Glowny,Köln Messe/Deutz,476,4,,2026-01-06,0.22899534080732759,False
1681,5100081,8000105,Poznan Glowny,Frankfurt(Main)Hbf,437,2,,2026-01-06,0.2055785906111734,False
1682,5100081,8000085,Poznan Glowny,Düsseldorf Hbf,460,2,,2026-01-06,0.25438573397907194,False
1683,5100081,8010205,Poznan Glowny,Leipzig Hbf,255,2,,2026-01-06,0.0,False
1684,5100081,8000080,Poznan Glowny,Dortmund Hbf,403,2,,2026-01-06,0.2785757662002236,False
1685,5100081,8000098,Poznan Glowny,Essen Hbf,428,2,,2026-01-06,0.26616292979371364,False
1686,5100081,8000050,Poznan Glowny,Bremen Hbf,378,2,,2026-01-06,0.05582648631596747,False
1687,5100081,8010085,Poznan Glowny,Dresden Hbf,280,2,,2026-01-06,0.0,False
1688,5100081,8000152,Poznan Glowny,Hannover Hbf,293,2,,2026-01-06,0.1740137281506007,False
1689,5100081,8000284,Poznan Glowny,Nürnberg Hbf,355,2,,2026-01-06,0.32084977046827023,False
1690,5100081,8000086,Poznan Glowny,Duisburg Hbf,441,2,,2026-01-06,0.25959960247848296,False
1691,5100081,8601242,Poznan Glowny,Koebenhavns Lufthavn st,716,4,,2026-01-06,0.049313340961404474,False
1692,5100081,7100064,Poznan Glowny,Barcelona Sants,1436,8,,2026-01-06,0.2858883047679272,False
1693,5100081,8700012,Poznan Glowny,Paris Gare de Lyon,715,6,,2026-01-06,0.21961957530655613,False
1694,5100081,8700047,Poznan Glowny,Bordeaux-St-Jean,1067,6,,2026-01-06,0.4280767436450726,False
1695,5100081,8700074,Poznan Glowny,Marseille-St-Charles,1296,7,,2026-01-06,0.25643180661573534,False
1696,5100081,8700152,Poznan Glowny,Lyon Part Dieu,824,4,,2026-01-06,0.21358219268504613,False
1697,5100081,8700065,Poznan Glowny,Toulouse-Matabiau,1109,4,,2026-01-06,0.19868052642647166,False
1698,5100081,7800020,Poznan Glowny,Zagreb Glavni kolodvor,995,6,,2026-01-06,0.0,False
1699,5100081,5500728,Poznan Glowny,Budapest-Nyugati,566,2,,2026-01-06,0.0,False
1700,5100081,8300262,Poznan Glowny,Roma Tiburtina,1222,8,,2026-01-06,0.19771239029053148,False
1701,5100081,8300047,Poznan Glowny,Milano Porta Garibaldi,1160,8,,2026-01-06,0.18815879577151226,False
1702,5100081,8300522,Poznan Glowny,Torino Porta Susa,1216,8,,2026-01-06,0.24598322193706174,False
1703,5100081,8300153,Poznan Glowny,Genova Piazza Principe,1157,8,,2026-01-06,0.1725180608462413,False
1704,5100081,8200100,Poznan Glowny,Luxembourg,678,6,,2026-01-06,0.0,False
1705,5100081,8400597,Poznan Glowny,Tilburg,599,4,,2026-01-06,0.1407533742939319,False
1706,5100081,8400058,Poznan Glowny,Amsterdam Centraal,574,2,,2026-01-06,0.14205845988237892,False
1707,5100081,8400530,Poznan Glowny,Rotterdam Centraal,598,6,,2026-01-06,0.1372322929887073,False
1708,5100081,5100065,Poznan Glowny,Warszawa Centralna,137,0,,2026-01-06,0.0,False
1709,5100081,5100028,Poznan Glowny,Krakow Glowny,268,2,,2026-01-06,0.0,False
1710,5100081,5100069,Poznan Glowny,Wroclaw Glowny,77,0,,2026-01-06,0.0,False
1711,5100081,7400002,Poznan Glowny,Stockholm Central,1497,6,,2026-01-06,0.23729495492223002,False
1712,5100081,7900003,Poznan Glowny,Ljubljana,809,8,,2026-01-06,0.0,False
1713,5100081,5600207,Poznan Glowny,Bratislava hl.st.,451,4,,2026-01-06,0.0,False
1714,7400002,8103000,Stockholm Central,Wien Hbf,1279,4,,2026-01-06,0.27894505297747396,False
1715,7400002,8800004,Stockholm Central,Bruxelles Midi,1207,4,,2026-01-06,0.31470170111693346,False
1716,7400002,8800007,Stockholm Central,Antwerpen Centraal,1238,6,,2026-01-06,0.3329601747661166,False
1717,7400002,5400014,Stockholm Central,Praha hl.n.,1197,6,,2026-01-06,0.3274423380881736,False
1718,7400002,8011160,Stockholm Central,Berlin Hbf,894,6,,2026-01-06,0.37817410547224517,False
1719,7400002,8000096,Stockholm Central,Stuttgart Hbf,1123,4,,2026-01-06,0.32557419012757083,False
1720,7400002,8000261,Stockholm Central,München Hbf,1094,2,,2026-01-06,0.3337109092728381,False
1721,7400002,8002549,Stockholm Central,Hamburg Hbf,702,4,,2026-01-06,0.3395410165087084,False
1722,7400002,8003368,Stockholm Central,Köln Messe/Deutz,1016,6,,2026-01-06,0.30679721931718057,False
1723,7400002,8000105,Stockholm Central,Frankfurt(Main)Hbf,1006,2,,2026-01-06,0.35862660829943566,False
1724,7400002,8000085,Stockholm Central,Düsseldorf Hbf,999,4,,2026-01-06,0.35713885905239773,False
1725,7400002,8010205,Stockholm Central,Leipzig Hbf,1007,4,,2026-01-06,0.304985768232731,False
1726,7400002,8000080,Stockholm Central,Dortmund Hbf,942,4,,2026-01-06,0.371555751106544,False
1727,7400002,8000098,Stockholm Central,Essen Hbf,967,4,,2026-01-06,0.364760115127702,False
1728,7400002,8000050,Stockholm Central,Bremen Hbf,787,6,,2026-01-06,0.3535479575798365,False
1729,7400002,8010085,Stockholm Central,Dresden Hbf,1059,6,,2026-01-06,0.3679521125578922,False
1730,7400002,8000152,Stockholm Central,Hannover Hbf,814,6,,2026-01-06,0.29653798268714376,False
1731,7400002,8000284,Stockholm Central,Nürnberg Hbf,1017,2,,2026-01-06,0.30473232396621824,False
1732,7400002,8000086,Stockholm Central,Duisburg Hbf,981,4,,2026-01-06,0.3627590534885585,False
1733,7400002,8601242,Stockholm Central,Koebenhavns Lufthavn st,357,2,,2026-01-06,0.5279285542607964,True
1734,7400002,7100064,Stockholm Central,Barcelona Sants,2588,6,,2026-01-06,0.27739795227207764,False
1735,7400002,8700012,Stockholm Central,Paris Gare de Lyon,1276,6,,2026-01-06,0.31036927306979667,False
1736,7400002,8700047,Stockholm Central,Bordeaux-St-Jean,1426,6,,2026-01-06,0.44115165788133726,False
1737,7400002,8700074,Stockholm Central,Marseille-St-Charles,1501,6,,2026-01-06,0.2569077759940553,False
1738,7400002,8700152,Stockholm Central,Lyon Part Dieu,1408,6,,2026-01-06,0.23076329425576678,False
1739,7400002,8700065,Stockholm Central,Toulouse-Matabiau,1572,6,,2026-01-06,0.26235870981804177,False
1740,7400002,7800020,Stockholm Central,Zagreb Glavni kolodvor,1732,6,,2026-01-06,0.21746106933996406,False
1741,7400002,5500728,Stockholm Central,Budapest-Nyugati,1521,7,,2026-01-06,0.23167366468477457,False
1743,7400002,8300047,Stockholm Central,Milano Porta Garibaldi,1493,8,,2026-01-06,0.2904215690756614,False
1744,7400002,8300522,Stockholm Central,Torino Porta Susa,1586,8,,2026-01-06,0.18674760181472344,False
1745,7400002,8300153,Stockholm Central,Genova Piazza Principe,1576,8,,2026-01-06,0.2760914093036514,False
1746,7400002,8200100,Stockholm Central,Luxembourg,1247,6,,2026-01-06,0.26703963487403154,False
1747,7400002,8400597,Stockholm Central,Tilburg,1138,6,,2026-01-06,0.3239847004788851,False
1748,7400002,8400058,Stockholm Central,Amsterdam Centraal,1111,4,,2026-01-06,0.3256681682481065,False
1749,7400002,8400530,Stockholm Central,Rotterdam Centraal,1152,8,,2026-01-06,0.31937389551828793,False
1750,7400002,5100065,Stockholm Central,Warszawa Centralna,1451,6,,2026-01-06,0.20090179120350352,False
1751,7400002,5100028,Stockholm Central,Krakow Glowny,1467,8,,2026-01-06,0.2666817531385914,False
1752,7400002,5100069,Stockholm Central,Wroclaw Glowny,1261,6,,2026-01-06,0.3058856912171561,False
1753,7400002,5100081,Stockholm Central,Poznan Glowny,1560,6,,2026-01-06,0.23729495492223032,False
1754,7400002,7900003,Stockholm Central,Ljubljana,1481,6,,2026-01-06,0.23090941708138418,False
1755,7400002,5600207,Stockholm Central,Bratislava hl.st.,1362,6,,2026-01-06,0.25324373688067264,False
1756,7900003,8103000,Ljubljana,Wien Hbf,332,2,,2026-01-06,0.0,False
1757,7900003,8800004,Ljubljana,Bruxelles Midi,840,4,,2026-01-06,0.21442092465600188,False
1758,7900003,8800007,Ljubljana,Antwerpen Centraal,864,6,,2026-01-06,0.1727238729285678,False
1759,7900003,5400014,Ljubljana,Praha hl.n.,588,2,,2026-01-06,0.07324118941990643,False
1760,7900003,8011160,Ljubljana,Berlin Hbf,647,4,,2026-01-06,0.13542310319803255,False
1761,7900003,8000096,Ljubljana,Stuttgart Hbf,490,4,,2026-01-06,0.16331567862487406,False
1762,7900003,8000261,Ljubljana,München Hbf,366,2,,2026-01-06,0.0,False
1763,7900003,8002549,Ljubljana,Hamburg Hbf,742,4,,2026-01-06,0.12323366299666635,False
1764,7900003,8003368,Ljubljana,Köln Messe/Deutz,654,4,,2026-01-06,0.21178562677122273,False
1765,7900003,8000105,Ljubljana,Frankfurt(Main)Hbf,588,4,,2026-01-06,0.08060927491985517,False
1767,7900003,8010205,Ljubljana,Leipzig Hbf,601,8,,2026-01-06,0.0,False
1768,7900003,8000080,Ljubljana,Dortmund Hbf,738,6,,2026-01-06,0.06255529777095678,False
1769,7900003,8000098,Ljubljana,Essen Hbf,707,4,,2026-01-06,0.19769990515442562,False
1770,7900003,8000050,Ljubljana,Bremen Hbf,735,6,,2026-01-06,0.17454987490604376,False
1771,7900003,8010085,Ljubljana,Dresden Hbf,730,6,,2026-01-06,0.0,False
1772,7900003,8000152,Ljubljana,Hannover Hbf,657,4,,2026-01-06,0.18285629613042906,False
1773,7900003,8000284,Ljubljana,Nürnberg Hbf,447,4,,2026-01-06,0.008600360527736049,False
1774,7900003,8000086,Ljubljana,Duisburg Hbf,694,4,,2026-01-06,0.2132579766235954,False
1775,7900003,8601242,Ljubljana,Koebenhavns Lufthavn st,1175,6,,2026-01-06,0.11524463507538724,False
1777,7900003,8700012,Ljubljana,Paris Gare de Lyon,790,6,,2026-01-06,0.4148725034055496,False
1778,7900003,8700047,Ljubljana,Bordeaux-St-Jean,932,6,,2026-01-06,0.0944347585656538,False
1779,7900003,8700074,Ljubljana,Marseille-St-Charles,1434,8,,2026-01-06,0.01222349472301037,False
1780,7900003,8700152,Ljubljana,Lyon Part Dieu,952,8,,2026-01-06,0.13115798212738286,False
1781,7900003,8700065,Ljubljana,Toulouse-Matabiau,1290,4,,2026-01-06,0.22927810041681262,False
1782,7900003,7800020,Ljubljana,Zagreb Glavni kolodvor,150,0,,2026-01-06,0.0,False
1783,7900003,5500728,Ljubljana,Budapest-Nyugati,554,5,,2026-01-06,0.0,False
1784,7900003,8300262,Ljubljana,Roma Tiburtina,644,4,,2026-01-06,0.4326175829022793,False
1785,7900003,8300047,Ljubljana,Milano Porta Garibaldi,565,6,,2026-01-06,0.02443236775429041,False
1786,7900003,8300522,Ljubljana,Torino Porta Susa,669,4,,2026-01-06,0.1928156089883757,False
1787,7900003,8300153,Ljubljana,Genova Piazza Principe,729,6,,2026-01-06,0.01966910051367382,False
1788,7900003,8200100,Ljubljana,Luxembourg,790,8,,2026-01-06,0.1241223981911998,False
1789,7900003,8400597,Ljubljana,Tilburg,854,8,,2026-01-06,0.17962727855170535,False
1790,7900003,8400058,Ljubljana,Amsterdam Centraal,834,6,,2026-01-06,0.17933849601918103,False
1791,7900003,8400530,Ljubljana,Rotterdam Centraal,838,8,,2026-01-06,0.18671915015320026,False
1792,7900003,5100065,Ljubljana,Warszawa Centralna,873,4,,2026-01-06,0.011756095403525917,False
1793,7900003,5100028,Ljubljana,Krakow Glowny,715,4,,2026-01-06,0.0,False
1794,7900003,5100069,Ljubljana,Wroclaw Glowny,711,4,,2026-01-06,0.0,False
1795,7900003,5100081,Ljubljana,Poznan Glowny,790,4,,2026-01-06,0.0,False
1796,7900003,7400002,Ljubljana,Stockholm Central,1553,6,,2026-01-06,0.23090941708138196,False
1797,7900003,5600207,Ljubljana,Bratislava hl.st.,395,4,,2026-01-06,0.0,False
1798,5600207,8103000,Bratislava hl.st.,Wien Hbf,56,0,,2026-01-06,0.0,False
1799,5600207,8800004,Bratislava hl.st.,Bruxelles Midi,705,4,,2026-01-06,0.3251853996413448,False
1800,5600207,8800007,Bratislava hl.st.,Antwerpen Centraal,736,6,,2026-01-06,0.283369305161917,False
1801,5600207,5400014,Bratislava hl.st.,Praha hl.n.,265,0,,2026-01-06,0.0,False
1802,5600207,8011160,Bratislava hl.st.,Berlin Hbf,511,0,,2026-01-06,0.0,False
1803,5600207,8000096,Bratislava hl.st.,Stuttgart Hbf,473,6,,2026-01-06,0.3368341191397993,False
1804,5600207,8000261,Bratislava hl.st.,München Hbf,346,4,,2026-01-06,0.2746800773132987,False
1805,5600207,8002549,Bratislava hl.st.,Hamburg Hbf,607,4,,2026-01-06,0.2492932234667333,False
1806,5600207,8003368,Bratislava hl.st.,Köln Messe/Deutz,564,4,,2026-01-06,0.34781698812764905,False
1807,5600207,8000105,Bratislava hl.st.,Frankfurt(Main)Hbf,467,2,,2026-01-06,0.24722478950807006,False
1808,5600207,8000085,Bratislava hl.st.,Düsseldorf Hbf,582,4,,2026-01-06,0.34919054336113914,False
1809,5600207,8010205,Bratislava hl.st.,Leipzig Hbf,461,6,,2026-01-06,0.07385879889941417,False
1810,5600207,8000080,Bratislava hl.st.,Dortmund Hbf,629,6,,2026-01-06,0.19216323573768992,False
1811,5600207,8000098,Bratislava hl.st.,Essen Hbf,608,4,,2026-01-06,0.32481131505403527,False
1812,5600207,8000050,Bratislava hl.st.,Bremen Hbf,597,6,,2026-01-06,0.012890654107456783,False
1813,5600207,8010085,Bratislava hl.st.,Dresden Hbf,412,0,,2026-01-06,0.0,False
1814,5600207,8000152,Bratislava hl.st.,Hannover Hbf,522,4,,2026-01-06,0.0,False
1815,5600207,8000284,Bratislava hl.st.,Nürnberg Hbf,335,2,,2026-01-06,0.2413618385761636,False
1816,5600207,8000086,Bratislava hl.st.,Duisburg Hbf,595,4,,2026-01-06,0.34169122204693997,False
1817,5600207,8601242,Bratislava hl.st.,Koebenhavns Lufthavn st,993,6,,2026-01-06,0.13279921806135495,False
1818,5600207,7100064,Bratislava hl.st.,Barcelona Sants,1482,6,,2026-01-06,0.2521699606572631,False
1819,5600207,8700012,Bratislava hl.st.,Paris Gare de Lyon,1162,8,,2026-01-06,0.4988093842114361,False
1820,5600207,8700047,Bratislava hl.st.,Bordeaux-St-Jean,1164,8,,2026-01-06,0.17701795408430393,False
1821,5600207,8700074,Bratislava hl.st.,Marseille-St-Charles,1329,8,,2026-01-06,0.009062532136461368,False
1822,5600207,8700152,Bratislava hl.st.,Lyon Part Dieu,1052,8,,2026-01-06,0.1683657261784559,False
1823,5600207,8700065,Bratislava hl.st.,Toulouse-Matabiau,1370,6,,2026-01-06,0.16593243471137412,False
1824,5600207,7800020,Bratislava hl.st.,Zagreb Glavni kolodvor,484,8,,2026-01-06,0.0,False
1825,5600207,5500728,Bratislava hl.st.,Budapest-Nyugati,143,0,,2026-01-06,0.0,False
1826,5600207,8300262,Bratislava hl.st.,Roma Tiburtina,844,4,,2026-01-06,0.28910972364858234,False
1827,5600207,8300047,Bratislava hl.st.,Milano Porta Garibaldi,665,6,,2026-01-06,0.014395928719629518,False
1828,5600207,8300522,Bratislava hl.st.,Torino Porta Susa,918,4,,2026-01-06,0.12419931460367893,False
1829,5600207,8300153,Bratislava hl.st.,Genova Piazza Principe,954,6,,2026-01-06,0.012598276356177059,False
1830,5600207,8200100,Bratislava hl.st.,Luxembourg,720,8,,2026-01-06,0.24467278965776362,False
1831,5600207,8400597,Bratislava hl.st.,Tilburg,786,8,,2026-01-06,0.2952675252292856,False
1832,5600207,8400058,Bratislava hl.st.,Amsterdam Centraal,759,6,,2026-01-06,0.2875986745613197,False
1833,5600207,8400530,Bratislava hl.st.,Rotterdam Centraal,770,8,,2026-01-06,0.2959563838611145,False
1834,5600207,5100065,Bratislava hl.st.,Warszawa Centralna,486,4,,2026-01-06,0.020108481184618512,False
1835,5600207,5100028,Bratislava hl.st.,Krakow Glowny,350,2,,2026-01-06,0.0,False
1836,5600207,5100069,Bratislava hl.st.,Wroclaw Glowny,380,4,,2026-01-06,0.0,False
1837,5600207,5100081,Bratislava hl.st.,Poznan Glowny,407,2,,2026-01-06,0.0,False
1838,5600207,7400002,Bratislava hl.st.,Stockholm Central,1386,6,,2026-01-06,0.2532437368806716,False
1839,5600207,7900003,Bratislava hl.st.,Ljubljana,379,4,,2026-01-06,0.0,False
